,survey_info_response_id,demographic_practice_list,demographic_role_list,demographic_years_in_practice,demographic_distribution,demographic_us_region,demographic_acs_trauma_region,demographic_sample_size,non_cash_incentives,willingness,attitude,cash_incentives,education
0,R_1dMlSI0KXyxsTZn,"['Abdominal Wall/Hernia Surgery', 'Acute Care Surgery/Emergency General Surgery', 'Bariatric/Minimally Invasive Surgery']",,16,ucsf,West,9,123,-0.5605550400111559,1.2510958509754082,0.3167716428724628,1.1285699410571317,0.27743418192746067
1,R_7QYh6bTyOmOQo3D,['Pediatric Surgery'],,1,ucsf,West,9,123,-0.5297428323349151,0.6145722087119482,0.24633374622875026,0.3801510373251123,0.6730005866823829
2,R_6tYa59Tv4zOhQgp,"['Acute Care Surgery/Emergency General Surgery', 'Trauma Surgery/Critical Care']",,,ucsf,West,9,123,-0.5448124352715245,-0.816369546686291,1.0721480619359718,-1.4190732974053986,0.09792925827387886
3,R_25RsYOfgaO79uts,['Breast Surgery'],,15,ucsf,West,9,123,-1.3497525620519961,-1.2526316030407032,0.41784626477937903,1.3561357027666077,-0.8385860950636229
4,R_22qNtCIlTv6yOWH,['Vascular Surgery'],,1,ucsf,West,9,123,0.15872400699299002,0.5207978051733883,0.030936059668656757,0.8164398488360124,0.34970166528005064
5,R_25uoAdxWGbbGHRo,['Vascular Surgery'],,17,ucsf,West,9,123,-1.4756355578068783,1.0521133842575856,1.8663488372792474,-1.3863903978975725,-0.7709469691762372
6,R_2aOxGecyTWdWk4p,['Pediatric Surgery'],,16,ucsf,West,9,123,-1.1950599839681126,-0.6598986556384235,0.5424341406743257,-0.25541589573818835,1.8470912970356255
7,R_1ouJGe4CiooCMEZ,"['Abdominal Wall/Hernia Surgery', 'Bariatric/Minimally Invasive Surgery']",Program Director (or Assistant Program Director),15,ucsf,West,9,123,-0.7238810005555391,-2.0351313351747393,-0.2982850110779653,-1.5101201441481917,-0.6119808586897946
8,R_3n7AoqNYrAEX7x0,['Other'],,37,ucsf,West,9,123,-1.5614239656266982,0.5781127150687148,1.3109917411817196,-0.9265577896050015,1.6258510644971875
9,R_3hgWtBfuCmPnTIc,"['Abdominal Wall/Hernia Surgery', 'Acute Care Surgery/Emergency General Surgery', 'Bariatric/Minimally Invasive Surgery', 'Breast Surgery', 'Colon and Rectal Surgery', 'Endocrine Surgery', 'Hepatopancreaticobiliary Surgery', 'Pediatric Surgery', 'Surgical Oncology', 'Thoracic Surgery', 'Trauma Surgery/Critical Care']",,18,ucsf,West,9,123,1.3636363317249334,0.4807661068814052,1.107635449539963,0.537200848354315,0.5852699744714014
10,R_1eElmoy8b911U0m,"['Abdominal Wall/Hernia Surgery', 'Acute Care Surgery/Emergency General Surgery', 'Bariatric/Minimally Invasive Surgery', 'Hepatopancreaticobiliary Surgery']",,25,ucsf,West,9,123,1.0321135097259055,0.18872227538334688,1.2725275622786432,0.6120552065079815,0.431231212900939
11,R_2B40qDlGEaL8XCU,"['Abdominal Wall/Hernia Surgery', 'Hepatopancreaticobiliary Surgery']",,28,ucsf,West,9,123,-0.5429527116337973,0.8539017093552107,-0.6881250115087929,0.3958709761388101,0.18023268307881454
12,R_2AHyf48UYcC1vyU,"['Abdominal Wall/Hernia Surgery', 'Acute Care Surgery/Emergency General Surgery', 'Bariatric/Minimally Invasive Surgery']",,11,ucsf,West,9,123,-1.0308982434536198,-2.8867211211476236,-0.8149930624484023,1.5516095626511022,0.29413269960973915
13,R_1kZCeMij5mbGp10,"['Hepatopancreaticobiliary Surgery', 'Transplant Surgery']",Program Director (or Assistant Program Director),28,ucsf,West,9,123,0.9418211375041947,-0.011171963558580657,-0.60670555326712,-0.5097793064092286,0.5415515244976921
14,R_11Z3AaEw8hTtY10,['Trauma Surgery/Critical Care'],,8,ucsf,West,9,123,-1.1669355823362857,0.4864633536863629,-0.6025392061879319,1.5810724402878864,-0.35793452668420644
15,R_1Cf0dOpW1htTdBY,['Trauma Surgery/Critical Care'],,20,ucsf,West,9,123,0.6762862732972529,-0.3710617249578271,-0.9057088862789074,-1.7798953673825224,-0.10577201469938995
16,R_saQqkPLD6gCzE2t,['Surgical Oncology'],,10,und,Midwest,8,11,1.4921604904143233,1.2852114474315688,-0.8290609218530708,0.27835115224490165,-0.8114052273174878
17,R_3nivVyUGNwAmGgl,['Breast Surgery'],,9,ucsf,West,9,123,-0.19814069905000145,-0.7207301737399475,0.2535403794327072,0.3719077032683805,-0.8795742470726988
18,R_b1vT1A6XQQohx8l,['Colon and Rectal Surgery'],,23,ucsf,West,9,123,-0.3934039832530561,0.031854326099409566,1.4890083845129054,-1.907181923725248,-0.6755524643087873
19,R_Ua86DkiyOqbCBSp,"['Abdominal Wall/Hernia Surgery', 'Acute Care Surgery/Emergency General Surgery', 'Bariatric/Minimally Invasive Surgery', 'Endocrine Surgery']",,32,lahey,Northeast,1,38,1.396958391890706,0.7073554529070972,0.3989987730499253,0.6351995370778795,-0.9866577446551545
20,R_3kH69Vk2aGDnz1m,"['Acute Care Surgery/Emergency General Surgery', 'Trauma Surgery/Critical Care']",,,lahey,Northeast,1,38,-1.5312711182128167,1.2800251825554614,0.2726852368119545,1.0269611831710899,-0.8916439465252449
21,R_2cthvSPZIZMn7y6,"['Abdominal Wall/Hernia Surgery', 'Acute Care Surgery/Emergency General Surgery', 'Bariatric/Minimally Invasive Surgery', 'Colon and Rectal Surgery']",,6,lahey,Northeast,1,38,0.327443419846734,-0.1295499737381704,-0.2141583880003833,0.03585933613668618,-0.5390448899916886
22,R_22P4uoBqFw6AaB9,"['Abdominal Wall/Hernia Surgery', 'Acute Care Surgery/Emergency General Surgery', 'Trauma Surgery/Critical Care']",,15,lahey,Northeast,1,38,-1.279279419920322,0.7864272181441079,-0.15722790193549316,-1.9697792697411145,0.19306575549997584
23,R_1pMBVv9zqpkRT8o,"['Abdominal Wall/Hernia Surgery', 'Acute Care Surgery/Emergency General Surgery', 'Bariatric/Minimally Invasive Surgery']",Program Director (or Assistant Program Director),22,lahey,Northeast,1,38,-0.03743956330570761,-0.4122273911193114,-0.7082872353942613,0.3667349370076199,-1.144240906304811
24,R_PML7XAVKkG0hh4d,"['Abdominal Wall/Hernia Surgery', 'Acute Care Surgery/Emergency General Surgery', 'Bariatric/Minimally Invasive Surgery', 'Colon and Rectal Surgery']",,3,lahey,Northeast,1,38,0.992790078882798,0.5158690543948432,-0.2931569756202161,0.5882138142824577,0.08862576925510339
25,R_3hlLW31yXVB5CHU,"['Breast Surgery', 'Pediatric Surgery', 'Trauma Surgery/Critical Care', 'Other']",,15,ucsf,West,9,123,0.889546834324697,0.5472957707043739,0.44472574858909536,-0.309280441309237,0.1202886954413213
26,R_2YtxNvN5s0w2l7N,['Vascular Surgery'],Department Chair,35,lahey,Northeast,1,38,-0.6340081507101718,0.703101253661832,-0.32819615978081007,-0.4860647817226816,0.8487891526869831
27,R_12a6fhI3OGX81SR,['Vascular Surgery'],,30,lahey,Northeast,1,38,0.9725342663593278,-1.1168726104087356,0.1890072815569167,-0.07298486609649499,-0.07811864789468836
28,R_3PjouE8FUpWk7pt,['Colon and Rectal Surgery'],Department Chair,25,lahey,Northeast,1,38,1.6718591006828478,0.4027896008918479,1.0094696767534466,0.3894265530344015,0.30414898945447527
29,R_1Fetqvf0h3BMHy6,['Vascular Surgery'],,12,lahey,Northeast,1,38,0.9244627883508407,-1.094028226262297,0.39669023650367935,0.08937689544988807,3.0110024196725655
30,R_1od3OOTbbIE08m3,['Vascular Surgery'],,3,lahey,Northeast,1,38,-1.3261720414173022,-0.4051916782692236,0.5877614138286275,1.1921256797484272,0.42048262085152754
31,R_uaW8pwWcqkRvBDz,['Colon and Rectal Surgery'],Program Director (or Assistant Program Director),20,washu,Midwest,7,99,0.05212761321897435,0.9649415406285706,0.6970187486175144,0.12900729786591192,0.03463294302277907
32,R_6LQTpDF99cMnTgZ,['Vascular Surgery'],"Department Chair,Program Director (or Assistant Program Director)",30,lahey,Northeast,1,38,1.3081279276044855,0.7117611510144843,0.1662689113310769,0.5400072956902467,1.081366657720032
33,R_3JsVq4SxhJ7N77Q,"['Abdominal Wall/Hernia Surgery', 'Acute Care Surgery/Emergency General Surgery', 'Breast Surgery', 'Endocrine Surgery', 'Surgical Oncology']",,,lahey,Northeast,1,38,-0.5345417034089923,-3.945812394272822,-1.5223431120477477,-1.5311453536118658,-0.6121910629440179
34,R_24AfEtMwZ73MYRj,"['Abdominal Wall/Hernia Surgery', 'Acute Care Surgery/Emergency General Surgery', 'Trauma Surgery/Critical Care']",,10,lahey,Northeast,1,38,1.3356214318674138,0.7672793964732713,1.0124265789305753,0.34583901872891604,0.030093099783423435
35,R_3Gqcswr53rgE6g6,['Colon and Rectal Surgery'],,3,washu,Midwest,7,99,-0.017580944361268426,0.5733339060814113,1.0346812646531183,0.6920212744959802,0.691986097262949
36,R_2PC2kfsNSpHfqT6,['Cardiac Surgery'],,1,washu,Midwest,7,99,0.110212183657791,0.7290170808624886,-1.1839194555763846,-0.6546404097570252,-0.6000604496562117
37,R_7PbnGOA09AbAlMZ,['Breast Surgery'],Program Director (or Assistant Program Director),17,washu,Midwest,7,99,1.372362239040449,0.362190361749949,0.0966974861308467,0.5960959243122509,-0.49406381749646316
38,R_239W2TdvkmwwlO3,['Abdominal Wall/Hernia Surgery'],Program Director (or Assistant Program Director),8,washu,Midwest,7,99,-0.17376355758833328,0.2179004701010666,-0.9189772195363158,-0.31920729492783156,-0.133468393912625
39,R_30eodJes6HCqG3p,['Trauma Surgery/Critical Care'],,5,washu,Midwest,7,99,-0.3650246003585497,-0.6678370363415538,0.3160493937518069,-1.1973419853480884,0.18112084965369182
40,R_2atzrwARXYyEBaw,['Thoracic Surgery'],,,washu,Midwest,7,99,-0.3789280832774169,-0.36860669589934436,-0.5377411772799908,-1.8264458455387735,0.7530670206351395
41,R_shxDQuuusF0Td4J,['Colon and Rectal Surgery'],Program Director (or Assistant Program Director),,washu,Midwest,7,99,2.017384370321638,0.7089154293667155,-1.400747024350744,0.4576695597045131,-0.5423216782202036
42,R_2pLzzV1ZoRrDqEu,['Trauma Surgery/Critical Care'],,2,washu,Midwest,7,99,0.4867251492191884,-0.3006115508055697,0.15201874212646874,-0.7794876845720037,-0.8189876297871653
43,R_3P77ogJCsXMLrkG,['Pediatric Surgery'],,20,washu,Midwest,7,99,0.6163210797091583,0.7358062028020407,0.18990741523751886,-0.8411580335120432,-0.2576129094908122
44,R_ZsNmilpVTREaUEx,['Vascular Surgery'],Program Director (or Assistant Program Director),32,washu,Midwest,7,99,-1.0077328348815011,-0.5729458232115859,-1.3515643474236418,-0.2614653417104609,-1.1886954335516335
45,R_3GrkOWBpB09cgN4,['Trauma Surgery/Critical Care'],,7,washu,Midwest,7,99,2.008515362505192,0.4487034328384797,-0.9834333161070727,0.49805040779496085,-0.3020188403803346
46,R_23X2YZ01lZSOLvT,"['Acute Care Surgery/Emergency General Surgery', 'Trauma Surgery/Critical Care']",Program Director (or Assistant Program Director),5,washu,Midwest,7,99,-0.8631746487025402,-0.858446664508766,-0.8608316294798243,0.6621617895393151,-0.7704592558395569
47,R_1ITrvE9yk66ybGy,['Vascular Surgery'],,8,washu,Midwest,7,99,-1.1004262843384227,-1.222556990732969,-1.8494227257845983,-0.04631269427222008,-0.4938403987585948
48,R_3dXmj7M29TwPkQE,['Endocrine Surgery'],,4,washu,Midwest,7,99,-1.3128173083943857,0.8254868410193867,0.7079737538283492,0.2632851029177471,0.2174530480576799
49,R_2DMIj31kHmMcbY8,"['Acute Care Surgery/Emergency General Surgery', 'Trauma Surgery/Critical Care']",,23,washu,Midwest,7,99,1.4397987502423122,0.8601372179598463,-1.2167275529531627,-0.8181731664543677,1.5942419051616257
50,R_2xLXZMsqc3X0hfL,['Pediatric Surgery'],,5,washu,Midwest,7,99,-1.1897638183810169,0.4882455929474429,1.0863951451155087,0.5454520782120116,0.5462418065859896
51,R_1DIuaHXKz9twXg8,"['Abdominal Wall/Hernia Surgery', 'Acute Care Surgery/Emergency General Surgery', 'Colon and Rectal Surgery']",,28,washu,Midwest,7,99,-0.43594654787985265,0.7241628694268072,-0.004746643961939966,-2.2032431775982113,-0.38016503575031
52,R_AssUgqlZQVHuQLL,['Bariatric/Minimally Invasive Surgery'],Program Director (or Assistant Program Director),26,washu,Midwest,7,99,0.34143035614388734,0.17087743074748946,-0.6929450978472153,-1.1830581838857355,-0.85066307064819
53,R_262oJgtZVMLIpez,"['Abdominal Wall/Hernia Surgery', 'Breast Surgery', 'Other']",Program Director (or Assistant Program Director),10,ucsf,West,9,123,-1.63296773864621,0.45791868207551006,1.4746728060904424,1.2477096429835393,0.6533902750266245
54,R_1jHt76D3uTbxJgG,['Pediatric Surgery'],Program Director (or Assistant Program Director),11,ucsf,West,9,123,-1.432407470446129,0.7693196650993248,1.7148490591040073,-0.4134469040616239,-0.297606645315097
55,R_3qeBJ1IW4jlSS3n,['Hepatopancreaticobiliary Surgery'],Program Director (or Assistant Program Director),46,ucsf,West,9,123,-1.149474687992171,-0.1223270999638296,0.5508025523609512,-0.21620786998915417,-0.7441108705636382
56,R_b90CMdBj6iQqLU5,['Endocrine Surgery'],,23,washu,Midwest,7,99,-0.6399329329391142,0.9058401015297141,1.1809474153762327,-1.90449431773365,0.0982135322162354
57,R_3Egxk6TdU3acfaa,['Thoracic Surgery'],,25,washu,Midwest,7,99,0.5102830764095614,1.1864292277948922,0.31745220894490594,-0.8378175525786495,-0.48639440218667296
58,R_PCIAHqBPdGfla6t,['Cardiac Surgery'],,21,ucsf,West,9,123,0.3181884607619504,-0.6801224598723323,0.5414081393499536,0.09009053758821546,-0.3872600276905615
59,R_5tDgSd6XfVXHefL,['Endocrine Surgery'],,20,ucsf,West,9,123,1.8394129604942477,-0.40628075448547707,0.19558267837120052,0.4799482360287089,0.1467330625290577
60,R_3KotdALI6hAQecj,['Thoracic Surgery'],Program Director (or Assistant Program Director),5,ucsf,West,9,123,0.43135871392950886,-0.11107866360612731,0.6415868497924704,-2.521093096101462,-0.6699193613073922
61,R_1hMvjd86HNKG9fZ,"['Abdominal Wall/Hernia Surgery', 'Acute Care Surgery/Emergency General Surgery', 'Breast Surgery', 'Colon and Rectal Surgery', 'Endocrine Surgery', 'Hepatopancreaticobiliary Surgery', 'Pediatric Surgery', 'Surgical Oncology', 'Thoracic Surgery', 'Trauma Surgery/Critical Care']",Sustainability Director (or Coordinator),40,ucsf,West,9,123,0.6580832089093814,-0.7877700825230505,1.8451448329595537,-2.1180738550938374,2.081299215374403
62,R_AA2QAsjxWke1z2x,"['Breast Surgery', 'Surgical Oncology']",,20,washu,Midwest,7,99,0.3919565303422676,1.1137910122199777,-0.4719444932765944,1.0122064684283676,-0.34145098005507923
63,R_2f99mkgC2P2rK8j,"['Abdominal Wall/Hernia Surgery', 'Other']",,5,ucsf,West,9,123,-0.3194582005391632,-0.500007475452137,0.36977313514021065,0.9633071520656638,-1.2395907434349784
64,R_2rpiMiAlsPTav2k,['Bariatric/Minimally Invasive Surgery'],Program Director (or Assistant Program Director),14,washu,Midwest,7,99,-0.10779509788594104,-0.3277868527101681,-1.56552884677694,-0.22279543461664253,-0.9387447434803634
65,R_XtyH5hQvA3GzYop,['Bariatric/Minimally Invasive Surgery'],,7,washu,Midwest,7,99,0.07890296746031428,0.9934733432471807,0.6123989164633206,0.9281820685419104,1.1199379867674468
66,R_vHXlARDFRaRQBbj,['Colon and Rectal Surgery'],Program Director (or Assistant Program Director),10,lahey,Northeast,1,38,0.5357050404390379,-0.00494188157787903,-0.023722122936386165,0.9030284348055172,-0.48349427364124714
67,R_38fWn4nWrwLvQgp,"['Acute Care Surgery/Emergency General Surgery', 'Trauma Surgery/Critical Care']",,31,lahey,Northeast,1,38,0.3980428690527372,-0.803112363308696,-0.1690647168631431,-1.588936106699198,0.16002188347613347
68,R_9nUzzlmxsBmD31L,['Endocrine Surgery'],Program Director (or Assistant Program Director),16,ucsf,West,9,123,0.4940222026153655,-0.24080092909989817,0.46762793921724144,0.8427244882505784,0.07567137893505238
69,R_6lg5NvipUsF30t3,['Trauma Surgery/Critical Care'],,1,washu,Midwest,7,99,0.10604532037709914,-0.08233049224769994,-1.4239921564830265,1.1930828814831735,-0.14377685080979846
70,R_0kCFGtdXA2I7U7D,['Hepatopancreaticobiliary Surgery'],,20,washu,Midwest,7,99,-1.0601981900354847,-0.7279823959762356,0.3927908127552571,-1.1914734639621434,-0.8753762185063085
71,R_xzJ4K6id78A5y2B,['Vascular Surgery'],,23,washu,Midwest,7,99,-1.4826932990748654,0.30431673538713044,-1.8952949093548082,0.7997998899226761,0.6318269130307148
72,R_2P8dQyyYMKqijQE,"['Abdominal Wall/Hernia Surgery', 'Acute Care Surgery/Emergency General Surgery', 'Colon and Rectal Surgery', 'Hepatopancreaticobiliary Surgery', 'Surgical Oncology']",,2,ucsf,West,9,123,-1.058635143989503,-0.19708583725339315,-0.0942138355996171,0.373070511309789,-0.562281940740387
73,R_RDgsBQuNAN6zJh7,"['Acute Care Surgery/Emergency General Surgery', 'Trauma Surgery/Critical Care']",,3,ucsf,West,9,123,0.14276686064886898,-0.47759434478174995,0.8446699979580297,1.013698089331578,-0.566445576210357
74,R_1DZJ8RKyRh2ysE0,"['Abdominal Wall/Hernia Surgery', 'Acute Care Surgery/Emergency General Surgery', 'Trauma Surgery/Critical Care']",,30,und,Midwest,8,11,-0.49851433633352465,0.19441292508316046,-0.2919071812129828,-0.26325968965726626,0.5991045015954253
75,R_2EF4VCSzAejGddJ,"['Abdominal Wall/Hernia Surgery', 'Acute Care Surgery/Emergency General Surgery', 'Trauma Surgery/Critical Care']",Program Director (or Assistant Program Director),21,lehigh,Northeast,3,55,-0.05721687841014279,-0.5546968456143972,0.701633346886925,-0.4218821049665907,-0.18331976506528835
76,R_1l9JWGNAOhwXL8A,['Pediatric Surgery'],,14,lehigh,Northeast,3,55,-0.10072096446456047,-0.3946338912715904,1.067202731077417,0.6530435917629694,-1.2985624060806673
77,R_1rxAih9TOpteG5G,['Acute Care Surgery/Emergency General Surgery'],,1,lehigh,Northeast,3,55,0.4437796490194646,-1.8593439657838013,-0.2539838751235207,-0.45773359540173775,1.439621009746621
78,R_2dviQmjAazqFaQo,['Pediatric Surgery'],,18,lehigh,Northeast,3,55,0.07350405128422141,-0.44194063800858824,-1.669891048633046,0.6323923646291341,-0.7841524152045376
79,R_2Vlj7rUE9JqtOd2,"['Abdominal Wall/Hernia Surgery', 'Acute Care Surgery/Emergency General Surgery', 'Trauma Surgery/Critical Care']",,16,lehigh,Northeast,3,55,-1.6833739455683168,1.0221461629531507,1.5934913196653873,0.9969195784069393,-0.6452018586085885
80,R_1gRvKfCTUXixOEb,['Vascular Surgery'],,25,lehigh,Northeast,3,55,-0.7249608486595314,-0.5078164497116885,-0.8433843760739049,0.9859247337865011,-0.5403121283961219
81,R_XzhJVEHKpVJNZpn,"['Abdominal Wall/Hernia Surgery', 'Acute Care Surgery/Emergency General Surgery', 'Colon and Rectal Surgery', 'Hepatopancreaticobiliary Surgery']",Program Director (or Assistant Program Director),12,lehigh,Northeast,3,55,-1.5536549731390803,-1.2959575046499872,0.9224168143414314,-0.8443435801808383,1.1624267292309172
82,R_1imx1MSykMkrOom,"['Abdominal Wall/Hernia Surgery', 'Acute Care Surgery/Emergency General Surgery', 'Endocrine Surgery']",,11,lehigh,Northeast,3,55,-0.923873588507042,-0.24893974913756345,1.0414281435170998,0.20906374285699147,0.6573231147268491
83,R_2cdSJKOOxBslwUk,"['Acute Care Surgery/Emergency General Surgery', 'Trauma Surgery/Critical Care']",,2,lehigh,Northeast,3,55,-0.7145287499409866,0.9505141064624874,-1.4814331459321852,0.3308825519507245,0.5409609206987614
84,R_1eWrKoksiLibRej,['Vascular Surgery'],Program Director (or Assistant Program Director),15,lehigh,Northeast,3,55,-0.16078596898584008,0.33335450994727944,-0.5176035177894901,-1.2280280667415244,1.2818537244765933
85,R_Zt98xiUdY2M5kcN,"['Acute Care Surgery/Emergency General Surgery', 'Plastics Surgery', 'Trauma Surgery/Critical Care']",,25,lehigh,Northeast,3,55,-1.4437157289941371,1.2385875278699892,-0.05632306372491415,-1.2791778868495827,3.060250295314193
86,R_SUz7eT5rFdus8pP,"['Abdominal Wall/Hernia Surgery', 'Acute Care Surgery/Emergency General Surgery']",,3,washu,Midwest,7,99,0.8585559294273407,0.09223890745240557,0.4353618647853756,0.5363770270273106,-0.7940716769483003
87,R_3nkeXM71TuGtXY7,['Bariatric/Minimally Invasive Surgery'],,17,lehigh,Northeast,3,55,1.129492414805477,-0.458289068031784,-0.2642741816637127,0.5998398087504907,-0.6829631122675742
88,R_2EgCuYyTqjW8vx8,['Colon and Rectal Surgery'],Program Director (or Assistant Program Director),10,washu,Midwest,7,99,-0.018148866358650758,-1.4146201325565595,-0.546687927888329,-0.3504640508164897,-0.7780304833912425
89,R_269eQpqR00ti374,"['Abdominal Wall/Hernia Surgery', 'Bariatric/Minimally Invasive Surgery', 'Endocrine Surgery']",Program Director (or Assistant Program Director),33,washu,Midwest,7,99,0.617628665210441,-1.2041332571030616,0.6177976317788443,-1.4913280505153268,-0.2705748612823698
90,R_33ds7o7P5V2FTAY,['Thoracic Surgery'],,3,washu,Midwest,7,99,0.361650508995321,-0.46468485873104054,0.9328133886252943,0.12383460816521888,-0.48620875079173725
91,R_2fByou8nvRRsOrv,"['Hepatopancreaticobiliary Surgery', 'Transplant Surgery']",,6,washu,Midwest,7,99,-0.8018121838159649,0.6780128368376808,0.3612635482514197,0.2975789922369434,-0.5799014916208513
92,R_2P29uuCaobEYRUw,['Other'],,,washu,Midwest,7,99,-0.2686273525186354,-1.3228997339684607,-0.5417713546856651,-1.1001606242256738,1.5154767752351161
93,R_22VvC1r84TcPmqq,['Hepatopancreaticobiliary Surgery'],,1,washu,Midwest,7,99,2.095829137949337,-1.597698707189642,1.2029563984680083,0.35035940239347957,0.441238545243316
94,R_2bZBslerj3DMla2,['Cardiac Surgery'],,6,washu,Midwest,7,99,-0.9057301529998633,-0.3466581902373398,1.7121094802356647,-1.4120129197452147,-0.39577274563763293
95,R_1E4F9YhMSq1l2SF,"['Abdominal Wall/Hernia Surgery', 'Acute Care Surgery/Emergency General Surgery', 'Trauma Surgery/Critical Care']",Sustainability Director (or Coordinator),22,washu,Midwest,7,99,-0.7802009786499082,-1.1715087448327763,-2.58836349104322,-1.4150755641583614,3.6616726281756247
96,R_UhFGPOiFQyiD7lD,['Surgical Oncology'],Department Chair,23,washu,Midwest,7,99,-1.1953607923604201,1.2398606024088654,-0.8532074026159734,-1.7221207130800473,-1.095085392992321
97,R_2txR0mP9V8dA351,['Transplant Surgery'],Program Director (or Assistant Program Director),1,washu,Midwest,7,99,0.2655528761542525,-0.5604624545058355,1.370510388313725,-0.9253863807449101,0.42960518546677795
98,R_2anudYeXDJQ6Zsu,['Pediatric Surgery'],,6,washu,Midwest,7,99,0.5104392935250214,-0.036851398307411375,-0.9844683789271583,0.09207424298797844,-0.6365972163023431
99,R_2CE2cX0g5eeVA13,['Pediatric Surgery'],Program Director (or Assistant Program Director),26,washu,Midwest,7,99,-0.19325380231289455,-0.9315968163392682,-1.286869751115466,-0.6256300525957154,-0.22642304344247513
100,R_2ro1PARHbeh2GrX,"['Abdominal Wall/Hernia Surgery', 'Acute Care Surgery/Emergency General Surgery', 'Bariatric/Minimally Invasive Surgery', 'Breast Surgery', 'Colon and Rectal Surgery', 'Endocrine Surgery', 'Hepatopancreaticobiliary Surgery', 'Pediatric Surgery']",,32,washu,Midwest,7,99,1.2858827406319537,-0.8348505533516628,0.2961341089464072,-0.7754697656779969,-0.9771553994010108
101,R_Qh1HxO1KFRChkYN,"['Abdominal Wall/Hernia Surgery', 'Acute Care Surgery/Emergency General Surgery']",,20,washu,Midwest,7,99,-0.7245527075043702,0.18097609614435559,0.009450057083450192,1.0269587160032467,0.5316667786905783
102,R_1IuZy5Ff4HgH6Qy,"['Abdominal Wall/Hernia Surgery', 'Acute Care Surgery/Emergency General Surgery', 'Colon and Rectal Surgery', 'Trauma Surgery/Critical Care']",Program Director (or Assistant Program Director),21,washu,Midwest,7,99,-0.9625321593892024,1.008437851449073,-2.213415316755259,-0.6755323703058076,0.32628119107811776
103,R_XOpigBJlgrfT6W5,"['Abdominal Wall/Hernia Surgery', 'Hepatopancreaticobiliary Surgery']",Program Director (or Assistant Program Director),16,washu,Midwest,7,99,0.6014731023040627,-0.173662824763439,-1.1552231477344823,0.9451988701609727,0.5449974256534438
104,R_2w66EVkTBem7xud,"['Acute Care Surgery/Emergency General Surgery', 'Trauma Surgery/Critical Care']",,15,ucsf,West,9,123,-0.6211992494802019,1.2675796929247845,-1.2492012503779342,-1.038898277072922,-1.169661526885397
105,R_27KHJQggTLrIzVp,['Pediatric Surgery'],,44,ucsf,West,9,123,-0.2539795309974046,-1.130300041707636,0.4949114956297395,0.2657913475473365,0.4549521427855788
106,R_2VsFaAFVnUfN9Fy,['Endocrine Surgery'],,24,ucsf,West,9,123,1.2131494437804282,0.08734822876855719,-0.0983504201329232,-0.09769159523607104,0.40155372053859645
107,R_2QRkpAOSaCPPpLW,"['Abdominal Wall/Hernia Surgery', 'Hepatopancreaticobiliary Surgery', 'Surgical Oncology']",,7,texastech,Southwest,6,27,1.3402537811625286,0.8735747077643271,0.6501313304808429,0.3394639664673184,0.3390706790872445
108,R_1jJkcoKRUwvFUst,['Colon and Rectal Surgery'],,3,texastech,Southwest,6,27,-0.46731427642081846,-1.7965517661204315,-1.8688184152216685,-0.8629787425681343,-1.0082571666621938
109,R_3Pzges8qo3I0CSi,['Pediatric Surgery'],,16,ucsf,West,9,123,-1.2319248765619397,0.7199025723732093,0.6890395840179872,0.7624326626163218,0.016894610313131473
110,R_3JDfe2Ia02SxZnl,['Plastics Surgery'],,4,texastech,Southwest,6,27,0.8521898466626736,-0.011619672889951218,0.2648798368781295,0.7483502651668925,0.07707639582177771
111,R_3KxsI7XvqtYgZwK,['Vascular Surgery'],,20,washu,Midwest,7,99,-1.316384486001008,0.1626662544897129,-2.2814509836423116,0.9876601030486994,0.6909791004878517
112,R_3Ed8uhovlsRVJYq,"['Abdominal Wall/Hernia Surgery', 'Acute Care Surgery/Emergency General Surgery', 'Bariatric/Minimally Invasive Surgery', 'Breast Surgery', 'Cardiac Surgery', 'Colon and Rectal Surgery', 'Endocrine Surgery', 'Hepatopancreaticobiliary Surgery', 'Pediatric Surgery', 'Surgical Oncology', 'Vascular Surgery', 'Thoracic Surgery', 'Trauma Surgery/Critical Care']",,2,washu,Midwest,7,99,-0.1263006072343692,0.42891121005570837,0.90859049694114,0.584732271796688,-0.5033087833586212
113,R_2s6ZUTp6GIuGVOj,['Thoracic Surgery'],Program Director (or Assistant Program Director),5,ucsf,West,9,123,-0.09635847978593953,1.1637359412547648,1.1081523856568196,-1.5685930884592236,-0.7653532421421282
114,R_sp3hfKBEOZVf7qx,"['Abdominal Wall/Hernia Surgery', 'Acute Care Surgery/Emergency General Surgery', 'Bariatric/Minimally Invasive Surgery']",,15,ucsf,West,9,123,0.9501714339821176,0.4338352401468864,-0.19381954992956685,-0.17001690046327708,0.8783315846092101
115,R_1l0KxgxjDGcq2Rv,['Acute Care Surgery/Emergency General Surgery'],Department Chair,,texastech,Southwest,6,27,-0.6199052529726972,0.7699258919149483,1.5669393364864734,-0.9437347886440655,-0.24831594973496243
116,R_2dF0hbaD1IswgJq,['Plastics Surgery'],,1,texastech,Southwest,6,27,0.9231366952425578,-0.751261483823974,0.29974220869448237,-0.04134160862822991,-0.4193257192998062
117,R_2cBeUOwXB5b4FmA,"['Acute Care Surgery/Emergency General Surgery', 'Trauma Surgery/Critical Care']",Program Director (or Assistant Program Director),5,texastech,Southwest,6,27,-1.3581170704218948,1.4297311781301631,0.8385796693273515,1.3221131072983385,-0.4038203772173795
118,R_3hFudgXE3gQSbBg,"['Abdominal Wall/Hernia Surgery', 'Acute Care Surgery/Emergency General Surgery', 'Bariatric/Minimally Invasive Surgery', 'Breast Surgery', 'Colon and Rectal Surgery', 'Endocrine Surgery', 'Hepatopancreaticobiliary Surgery', 'Pediatric Surgery', 'Plastics Surgery', 'Surgical Oncology', 'Thoracic Surgery', 'Trauma Surgery/Critical Care']",,18,ucsf,West,9,123,1.407898118873889,1.047875099828914,0.4448117709898379,0.6023578756830349,0.9060409196031548
119,R_1IF3PLpW5nl93hx,['Colon and Rectal Surgery'],,,washu,Midwest,7,99,-0.8461203710176767,-1.3442143122861103,0.13526785441501513,-1.0074549446634644,-0.8595158857189045
120,R_2U478FaHpQOHa2o,"['Acute Care Surgery/Emergency General Surgery', 'Trauma Surgery/Critical Care']",,,washu,Midwest,7,99,-0.8336319780594812,0.7036012301330439,-1.6727405423717996,-0.13976791976703837,-0.6629148569951765
121,R_1CBeSVh0Pbdmyxo,['Abdominal Wall/Hernia Surgery'],,30,vanderbilt,Southeast,4,88,-1.3370588615361063,0.14372772219844326,-0.40200199325271785,0.5642999787202639,0.445661836711688
122,R_10Ss4g1gSfQXL6w,"['Hepatopancreaticobiliary Surgery', 'Surgical Oncology']",,10,vanderbilt,Southeast,4,88,1.0636384568910178,0.49826919843759154,0.7104519984146328,0.5457481245463566,-0.6155428142839487
123,R_24pisG2hsqMH7ZY,['Other'],,40,vanderbilt,Southeast,4,88,-1.157855255015505,0.5516468893511137,0.38252043675995717,-0.6814788850065974,1.7390200409662333
124,R_1H8k9rFMhAow3Wx,['Acute Care Surgery/Emergency General Surgery'],,15,vanderbilt,Southeast,4,88,1.1162740759989191,1.3131488495083241,0.8501141917415773,-1.7014360972904221,0.4585445907382088
125,R_3ew21VBTSFHvZfG,['Endocrine Surgery'],Department Chair,22,vanderbilt,Southeast,4,88,0.6491200730674435,0.9803939200206887,0.8627073568824271,-0.7840327855083955,0.062120440594741734
126,R_3qyqSUxKSDrEbv6,"['Acute Care Surgery/Emergency General Surgery', 'Trauma Surgery/Critical Care']",Program Director (or Assistant Program Director),7,vanderbilt,Southeast,4,88,-0.4996180284716796,0.2694665475913608,-0.24522462908064213,1.0713705003587959,-0.8881550351951486
127,R_r3gOWTtVPw1MJNv,['Colon and Rectal Surgery'],,,vanderbilt,Southeast,4,88,1.0822118637024898,-0.03835168735998332,-0.34301020210065075,-0.03442548664746523,-0.4008423319653074
128,R_12EBfLJeD9sfTrj,['Colon and Rectal Surgery'],,2,vanderbilt,Southeast,4,88,1.8180114156912313,0.5362491490480161,0.2864198757158725,0.3144889236690562,-0.591726017410124
129,R_2dEYSAy8XxvLP15,"['Acute Care Surgery/Emergency General Surgery', 'Trauma Surgery/Critical Care']",,2,vanderbilt,Southeast,4,88,0.07023509797450972,0.6667923604207213,-0.8693787650937178,-1.9896764803642089,-0.1135859403610392
130,R_3EcBXpXxH3Fao16,['Trauma Surgery/Critical Care'],Program Director (or Assistant Program Director),,vanderbilt,Southeast,4,88,-0.03404426875993041,-0.9019287244899657,-0.5674149326013201,0.8315443349174935,-0.7217773487492707
131,R_29gNMwwmgJRX8z7,['Vascular Surgery'],,25,vanderbilt,Southeast,4,88,0.5762716906012061,0.5844325364621569,0.09893199125267656,1.0382302314568355,-0.5314056257090214
132,R_eDUve5ckkd1fhpT,['Trauma Surgery/Critical Care'],,5,vanderbilt,Southeast,4,88,0.01624894393051416,-0.1654969392289965,0.09543996330144365,0.8190194050101205,-1.0105335742078214
133,R_2X6FUofPy7MDhUg,['Colon and Rectal Surgery'],Program Director (or Assistant Program Director),14,vanderbilt,Southeast,4,88,-0.01411866351191044,-0.3365857988029413,1.5397371252334162,0.6477122269095951,-0.6430338212078968
134,R_tJTpjTikzXsi5MZ,"['Breast Surgery', 'Surgical Oncology']",Program Director (or Assistant Program Director),8,vanderbilt,Southeast,4,88,-0.5215687261623234,0.6935274404127545,1.182308721372494,1.071434365841304,-0.45731658541758335
135,R_3e9yDL1dsJXFnZo,"['Abdominal Wall/Hernia Surgery', 'Bariatric/Minimally Invasive Surgery']",,29,vanderbilt,Southeast,4,88,1.3905953306580323,0.4665499049699918,1.0103712726834626,0.3290335869269941,-0.2952331247580786
136,R_8BLDXpGMm0M3kw9,['Thoracic Surgery'],Department Chair,23,und,Midwest,8,11,0.500194727531279,-1.2731675446131565,-0.8463375252542339,-0.4350399925532157,-0.2560578542526397
137,R_2BfXzIypRtLQHZb,"['Abdominal Wall/Hernia Surgery', 'Acute Care Surgery/Emergency General Surgery', 'Colon and Rectal Surgery']",,12,und,Midwest,8,11,-0.5538434548742737,-1.6657068384230782,-0.5786511275649989,-0.010037668779700321,0.11446529828487836
138,R_2xXW2g61RdKJFzu,['Vascular Surgery'],Department Chair,30,vanderbilt,Southeast,4,88,0.8654238476931084,0.9544832952779749,0.06977807082236125,-0.09979706281685877,-0.5431816801650768
139,R_a5cpvMWPsINsCIh,['Colon and Rectal Surgery'],,7,vanderbilt,Southeast,4,88,0.2604336239043603,0.8185406846412272,0.358215700246313,0.849015805656491,-1.0556723515775979
140,R_Y30WD5Dz6Vpzmwh,['Breast Surgery'],Program Director (or Assistant Program Director),7,vanderbilt,Southeast,4,88,-1.3303341008301575,-1.0073903069043737,1.3311523868527346,-0.7825035096490491,-0.3143121904948733
141,R_1PTYJE13HVRVO61,['Pediatric Surgery'],,4,vanderbilt,Southeast,4,88,-1.000238501849883,-0.028591009807612797,-1.7387133163926651,1.532397523557632,0.12504657050858747
142,R_2uzvZEJHAEqAKbv,['Colon and Rectal Surgery'],Program Director (or Assistant Program Director),10,vanderbilt,Southeast,4,88,1.3204978628130957,-1.100041519060921,0.6650204385152014,0.5324132346252883,-1.0151337688154363
143,R_3qmqyRyKqIQ1O3H,['Surgical Oncology'],Program Director (or Assistant Program Director),8,vanderbilt,Southeast,4,88,-0.03133908521198332,-0.794604745556651,-0.8995022542969301,-0.36133072103268205,-0.8582754056392006
144,R_uxkZThumLbhLE3L,"['Abdominal Wall/Hernia Surgery', 'Bariatric/Minimally Invasive Surgery']",,1,vanderbilt,Southeast,4,88,1.7524486145119331,0.2554420457984524,-0.0848122243381225,0.4246926560188507,-0.4308371157087231
145,R_UDPM1PtsBh56b8B,"['Abdominal Wall/Hernia Surgery', 'Acute Care Surgery/Emergency General Surgery', 'Colon and Rectal Surgery', 'Hepatopancreaticobiliary Surgery', 'Surgical Oncology', 'Transplant Surgery']",,35,vanderbilt,Southeast,4,88,0.12316871258948116,0.6980940055150415,-0.9164603802295357,0.9774507742599945,0.4809400969533912
146,R_dbX201lruYaENR7,"['Abdominal Wall/Hernia Surgery', 'Acute Care Surgery/Emergency General Surgery', 'Trauma Surgery/Critical Care']",,4,lehigh,Northeast,3,55,-1.3521580976412735,-1.374933882539334,-1.315619494473108,1.5263207375722827,1.148686690821345
147,R_1LS8kD0CLZ0kDm1,"['Acute Care Surgery/Emergency General Surgery', 'Pediatric Surgery', 'Trauma Surgery/Critical Care']",,18,vanderbilt,Southeast,4,88,1.0739182553679971,0.6914135928866191,0.48930233303373843,-1.6180832635543765,-0.3329792211654958
148,R_2OGzV95EloMXu6K,['Vascular Surgery'],Program Director (or Assistant Program Director),17,vanderbilt,Southeast,4,88,-0.5794500823017896,0.5757319699950206,0.5056118452871353,1.1379654219062856,-0.9060406011502715
149,R_QhNnooIIztQ2ZlD,['Acute Care Surgery/Emergency General Surgery'],,5,und,Midwest,8,11,1.2686668765315872,-1.1256852529918775,0.2837917127001268,-0.07329161500260237,1.1457172654971874
150,R_SAGjKHTTYgM0vap,['Abdominal Wall/Hernia Surgery'],Program Director (or Assistant Program Director),9,vanderbilt,Southeast,4,88,-0.3310707057601922,0.7149046350151602,0.7038031765806836,1.1011712514749101,-0.24918714871092512
151,R_1LIIasb1kfIw4qo,"['Abdominal Wall/Hernia Surgery', 'Bariatric/Minimally Invasive Surgery', 'Endocrine Surgery', 'Surgical Oncology']",,1,texastech,Southwest,6,27,0.9591398401720173,-0.10976778364618722,0.5018212918288653,0.3978218482931303,-0.6265932835035054
152,R_10UaOW7xBXiXL5G,"['Acute Care Surgery/Emergency General Surgery', 'Trauma Surgery/Critical Care']",Program Director (or Assistant Program Director),15,und,Midwest,8,11,-0.7590114631227143,-0.7034442614587253,-1.9797919607938008,-0.7764750612064812,-0.3059439960887883
153,R_2wssCIKRbWQ9ViV,"['Acute Care Surgery/Emergency General Surgery', 'Trauma Surgery/Critical Care']",,10,texastech,Southwest,6,27,0.14190913815661005,0.21627534659148026,0.8981574773981269,0.8687347909218502,2.365230935048961
154,R_2X0aiqb8m6fm8da,['Trauma Surgery/Critical Care'],,3,texastech,Southwest,6,27,-1.3346332825434195,1.1979682343887494,-1.192615925847478,-0.6496359543632142,0.3774694173905683
155,R_1d9QPuh2BwiqvWE,['Pediatric Surgery'],Program Director (or Assistant Program Director),21,vanderbilt,Southeast,4,88,-1.1300035361688394,-0.506854760190649,1.0991540563615816,0.9844325558673622,-1.2347435723230127
156,R_3EnX6b91L6jszQi,['Vascular Surgery'],Program Director (or Assistant Program Director),27,texastech,Southwest,6,27,-1.502506054267905,0.09126258332777878,0.27935948429009844,1.2620936890059486,1.1081309158186028
157,R_2BbUGsnbQxYXxvr,['Transplant Surgery'],,3,lahey,Northeast,1,38,0.1896948365437162,-1.0601004522590927,0.5217123862380403,-2.205931127965961,-0.5968125889021398
158,R_1IMH4WuD0Xjmq12,['Breast Surgery'],,9,lahey,Northeast,1,38,-0.40175031690004437,-0.9864655575131488,-0.6788001070011933,-1.0192224810591426,-0.3555721087800507
159,R_3qgtBMFFkjHX8hq,['Bariatric/Minimally Invasive Surgery'],Program Director (or Assistant Program Director),15,vanderbilt,Southeast,4,88,0.5579129554855528,-0.4149864749191664,-0.35052493021010206,0.7273117469611504,-0.7028561377880588
160,R_25yfqWHHDPT4CVl,"['Abdominal Wall/Hernia Surgery', 'Bariatric/Minimally Invasive Surgery']",,40,lahey,Northeast,1,38,-0.538584054829451,0.47639799530917365,1.2678345522321701,1.041498020706415,0.673966177842593
161,R_1CvU9wHF99YUsEB,['Hepatopancreaticobiliary Surgery'],Department Chair,25,lahey,Northeast,1,38,-0.4547370197231362,-1.3599586703636874,0.8556878219129366,-1.0690105216362518,-1.1357663844267594
162,R_24dP0BeJ7pCo9L2,"['Abdominal Wall/Hernia Surgery', 'Acute Care Surgery/Emergency General Surgery', 'Trauma Surgery/Critical Care']",Program Director (or Assistant Program Director),11,vanderbilt,Southeast,4,88,-0.045075548090231156,0.2674756320373329,-2.3499748225883597,0.7636281214832049,-0.9117197917360045
163,R_UKkNGT4Bn95ORjP,['Vascular Surgery'],,30,lahey,Northeast,1,38,-0.07822569204546745,-0.6525696073878663,0.2089218692018445,-0.6950128833302966,-0.48339525647377607
164,R_3polofbo2dbEr3Z,"['Hepatopancreaticobiliary Surgery', 'Transplant Surgery']",,22,vanderbilt,Southeast,4,88,-0.6462540466707719,0.4921318676824497,1.2764863911430242,0.19168350586679098,-0.18920168810246102
165,R_3GjqtqfCjl8E7z7,"['Abdominal Wall/Hernia Surgery', 'Acute Care Surgery/Emergency General Surgery', 'Colon and Rectal Surgery', 'Trauma Surgery/Critical Care']",,,vanderbilt,Southeast,4,88,1.6539083240753965,-0.8341635763110116,-0.7209009263333774,-0.9618561047112629,0.17465027293805163
166,R_1FhTcL6L17bVAzH,['Acute Care Surgery/Emergency General Surgery'],,20,cornell,Northeast,2,49,1.4399505039607208,1.278963955390367,-0.3930989451022551,0.41469836805661103,1.385736722932094
167,R_3JKOa78EdjcMvGc,['Other'],,0.15,cornell,Northeast,2,49,1.7444497017890674,0.8630250654556277,-0.2332166747145672,0.5112415118176034,-0.08631809322307625
168,R_3lQ9XGCjTS9fO7t,['Colon and Rectal Surgery'],Program Director (or Assistant Program Director),13,cornell,Northeast,2,49,1.2766666398485755,-0.5238101144724379,0.4956763581856554,0.6588533411668489,-0.02293738499817366
169,R_1LbrMOgzVa7SbzM,"['Abdominal Wall/Hernia Surgery', 'Endocrine Surgery']",Program Director (or Assistant Program Director),30,cornell,Northeast,2,49,-0.25777627330835556,0.018748325752093526,0.15317638501159883,0.28488997555497997,0.6209240084812545
170,R_3KolgpRC8kMoTeu,"['Abdominal Wall/Hernia Surgery', 'Acute Care Surgery/Emergency General Surgery', 'Colon and Rectal Surgery', 'Trauma Surgery/Critical Care']",Program Director (or Assistant Program Director),33,cornell,Northeast,2,49,0.004952104719797105,0.5093700143097373,-0.5276976282261227,-0.6367437655510051,-0.3420495247712076
171,R_1q7CnJFPUYNvfQy,['Vascular Surgery'],,18,cornell,Northeast,2,49,1.7410003446266906,-0.540538842915421,0.4426543808181976,0.365452388571128,0.8913277390087521
172,R_2bN7d7LxvDyCBTH,['Other'],Program Director (or Assistant Program Director),21,cornell,Northeast,2,49,-0.8126804665967122,0.9110820109282615,-0.9707795239996834,-0.843893228640789,1.2464063682908428
173,R_1F54SHaVc5tjwxl,['Other'],Department Chair,39,cornell,Northeast,2,49,-0.41354021697825266,-0.9844676354790748,0.7245216469024316,0.5082308361687556,0.5793133400746584
174,R_1jJNfmdjKEg0FRF,['Colon and Rectal Surgery'],,19,cornell,Northeast,2,49,0.6901191927172121,0.541684537922413,-0.7754419412053999,1.0947385943118115,-0.028268219655405283
175,R_Oex4oqrWR7dOYkp,['Other'],Program Director (or Assistant Program Director),15,texastech,Southwest,6,27,-0.5759892989190257,-0.4950876005909603,0.21693622682689062,0.26331737797777666,-1.0084335796744481
176,R_3MGTBYLBsa4VvcI,['Pediatric Surgery'],Department Chair,,vanderbilt,Southeast,4,88,-0.10664830844560658,-0.6477676660789713,1.2490544288706786,0.06473438150420464,0.13491470178779805
177,R_3nAh7XklzVzKNUs,"['Abdominal Wall/Hernia Surgery', 'Acute Care Surgery/Emergency General Surgery', 'Bariatric/Minimally Invasive Surgery']",,19,cornell,Northeast,2,49,-0.9144544196006895,0.5982117023012298,-2.0676148547294244,0.15497047855545718,-0.008582386191245845
178,R_2Cy4ScFJIPWiAT4,['Colon and Rectal Surgery'],,3,lahey,Northeast,1,38,1.0824086326814473,0.4823599176759707,-0.5212673801291495,0.8210052908684131,-0.8456086037556836
179,R_XG77v0gB5vp4bgB,['Colon and Rectal Surgery'],Program Director (or Assistant Program Director),4,cornell,Northeast,2,49,0.13440831423990854,-0.14978569123952157,0.20713574577747101,0.8498856154185913,-1.2098782830283847
180,R_ZgFUjGq9Y4stI41,"['Abdominal Wall/Hernia Surgery', 'Breast Surgery']",,31,cornell,Northeast,2,49,-1.181740105242485,-1.5736481114555805,-0.6363602837929367,-0.022790215475145054,-0.6352378086128443
181,R_T5GlIuTg9cZZOW5,"['Abdominal Wall/Hernia Surgery', 'Acute Care Surgery/Emergency General Surgery', 'Trauma Surgery/Critical Care']",Program Director (or Assistant Program Director),7,cornell,Northeast,2,49,1.023695909057192,0.21671408416227844,0.7188558957180193,0.6239125949873059,-0.29689107464301234
182,R_DH8yKSr53EhL9TP,['Other'],Department Chair,22,cornell,Northeast,2,49,-0.04283102139806644,-0.5016852831460032,-1.2162672865365485,0.710951209908353,-0.02214094795501714
183,R_XmQE5DWDvXp2WGd,['Hepatopancreaticobiliary Surgery'],,6,cornell,Northeast,2,49,-1.0940526575417142,-0.40510027354897044,-1.2042934100674911,0.8643287592871309,0.16747273887428143
184,R_1gjsUSHUuN0k5f3,['Vascular Surgery'],,17,ucsf,West,9,123,-0.8270894801548452,0.7722999501126884,1.4923400364505004,-0.682481407304487,-1.0040053136049236
185,R_3O7j5HCRPjvtOT4,"['Abdominal Wall/Hernia Surgery', 'Acute Care Surgery/Emergency General Surgery', 'Colon and Rectal Surgery', 'Trauma Surgery/Critical Care']",Program Director (or Assistant Program Director),20,ucsf,West,9,123,0.11656582457719711,1.0403690395875742,0.35294538124406566,-0.5958413336887095,-0.8844689633349764
186,R_1pRNL8T5PVyxJpN,['Colon and Rectal Surgery'],,21,washu,Midwest,7,99,2.1270858122205234,-1.325530667012223,0.23205348719875846,0.4551703252681876,0.9743152119275938
187,R_27g94Yk2FuhSI2v,['Acute Care Surgery/Emergency General Surgery'],,18,washu,Midwest,7,99,1.6032071224999238,0.7558370336979774,0.6231184199271117,0.4502998187704906,3.994375215693624
188,R_32JhyFZbxUbckic,"['Abdominal Wall/Hernia Surgery', 'Acute Care Surgery/Emergency General Surgery', 'Endocrine Surgery']",,4,washu,Midwest,7,99,0.5857920979193549,-0.7719495710498657,-1.0246307821562197,-0.6371577834955938,-0.8914196452256956
189,R_2SBo2pr43xXI7gm,['Cardiac Surgery'],,11,washu,Midwest,7,99,-1.1410477864299011,-0.09481854113016933,-0.7050853114784387,-1.3092677308165452,0.10509709076661516
190,R_0NBvYPFGDwGKwcF,['Bariatric/Minimally Invasive Surgery'],,4,washu,Midwest,7,99,-0.5596200523247844,0.167163549327879,0.39083344222869476,-0.6089812880872402,0.34243131212040945
191,R_2fvRJknFO6JgrEs,['Trauma Surgery/Critical Care'],,10,washu,Midwest,7,99,0.5897386694883322,0.8309330027608376,-1.1735399034154863,1.0736879507848194,0.35391560823440066
192,R_2rCkgOkh9r4mZTu,['Hepatopancreaticobiliary Surgery'],,5,washu,Midwest,7,99,0.5370430363352271,-1.4427588186244011,-0.7037613967697592,-0.4644593466386576,1.6688058180796124
193,R_3I3ujBMAXA1w50G,"['Abdominal Wall/Hernia Surgery', 'Acute Care Surgery/Emergency General Surgery', 'Bariatric/Minimally Invasive Surgery', 'Trauma Surgery/Critical Care']",,12,washu,Midwest,7,99,0.4533942752699538,0.44354609748741464,0.8249990495704996,0.8389334310641496,-0.5758022487875705
194,R_2P1D7JgWN7XRNKt,"['Abdominal Wall/Hernia Surgery', 'Acute Care Surgery/Emergency General Surgery', 'Colon and Rectal Surgery']",Program Director (or Assistant Program Director),35,texastech,Southwest,6,27,-0.23015218754932903,-1.8421227151147859,0.25367850387754753,1.200031693562555,0.7344112550537341
195,R_3EGajxIKH3YTubJ,"['Abdominal Wall/Hernia Surgery', 'Acute Care Surgery/Emergency General Surgery']",Department Chair,33,lahey,Northeast,1,38,-0.1369324238624231,-0.1740124057167388,-1.0935008725832163,-1.7619797954545966,-0.53924051618857
196,R_2OQ5s6sOHgYS7E2,['Colon and Rectal Surgery'],,1,washu,Midwest,7,99,-0.5432762057910088,0.3278274201631422,-0.9726526860060808,0.03362904323243858,0.5898437372333021
197,R_3r0BFqeVcWKjckD,['Transplant Surgery'],,1,washu,Midwest,7,99,0.5968693947918452,-0.8358846661659084,-1.1771977263801912,-0.5382094824701064,0.6153198131047
198,R_3nTmUri7WoL1aOw,"['Abdominal Wall/Hernia Surgery', 'Endocrine Surgery']",,26,washu,Midwest,7,99,-0.0791537124069886,0.7878982926506508,0.78878240058712,-1.8787691176243884,1.1080544568167892
199,R_29n8yBcCnzGAbOs,"['Abdominal Wall/Hernia Surgery', 'Acute Care Surgery/Emergency General Surgery', 'Bariatric/Minimally Invasive Surgery']",Program Director (or Assistant Program Director),22,lahey,Northeast,1,38,0.31183458884243176,0.3598913337960009,-0.8727389629643717,0.24630653209837866,-0.8637936564154242
200,R_ThcMkgoJj9g2Vax,['Vascular Surgery'],Department Chair,35,lahey,Northeast,1,38,-0.6177352928376091,0.2049059392557341,-0.16094601757738672,-0.7888063008009625,-0.796707701759672
201,R_2dvbzONLMKjJHgn,['Transplant Surgery'],,1,washu,Midwest,7,99,0.206519732447371,0.1305182668415017,-0.0804964441706126,0.33189904432661327,-0.32185810089552397
202,R_21aCwJ1qjBp6tRL,['Pediatric Surgery'],,15,cornell,Northeast,2,49,-1.204270493037851,-0.2911964546504186,0.682951830487827,0.9412219913692139,-0.3808188681376827
203,R_xfkBbyTOTvXvcIh,['Trauma Surgery/Critical Care'],Program Director (or Assistant Program Director),16,cornell,Northeast,2,49,0.9964803271734259,0.8754499294975495,0.690687419427125,0.4096164682848895,0.24916654407520947
204,R_2abh38siOVu9F56,['Vascular Surgery'],,,cornell,Northeast,2,49,0.12221101214565762,-1.2846935997623175,-0.5030471611925934,1.2867395732515854,0.1658229334940914
205,R_1n7qfYsJ2A127iX,['Colon and Rectal Surgery'],,30,cornell,Northeast,2,49,-0.7108271162541536,-0.6854690429545712,-0.04976124334873176,-1.1540591927981736,0.5287170400235172
206,R_RmqehIh3UYZhHiN,['Trauma Surgery/Critical Care'],Program Director (or Assistant Program Director),,northwestern,Midwest,5,58,1.392448919434401,-1.3899098773967506,1.2654854777696496,0.6217054308572862,-0.05622848539494246
207,R_2OUvgi79qekuNbJ,['Plastics Surgery'],Program Director (or Assistant Program Director),12,cornell,Northeast,2,49,-1.4337672006871873,-0.045418770145952886,-0.5725055928448716,1.3171701252842662,1.5812566077999959
208,R_3QKrtQnVePoaoZA,['Colon and Rectal Surgery'],,5,virginiamason,West,10,24,-0.5675443036749874,0.9956617762090477,-0.22842404264091698,1.2168059160252294,-0.7255490817444386
209,R_3CDvHm3ifyUhxdp,['Breast Surgery'],,38,virginiamason,West,10,24,-1.283524708410539,0.8154422255832168,0.24425486795067047,-2.071136163011655,-1.2461445891515113
210,R_2Xd51UnstLGVrjL,"['Abdominal Wall/Hernia Surgery', 'Acute Care Surgery/Emergency General Surgery', 'Colon and Rectal Surgery', 'Endocrine Surgery', 'Hepatopancreaticobiliary Surgery', 'Surgical Oncology']",Department Chair,30,virginiamason,West,10,24,1.7015650444663277,0.996830730340766,0.42356597670898294,0.46510706824450004,0.08438808773286693
211,R_2cB1TcCWdgs0y6L,['Other'],,35,texastech,Southwest,6,27,1.7552326328658998,0.19436083605165147,-1.552185779022586,0.9224075446789016,0.5892484450492081
212,R_2BqHlt22LZTvwgH,"['Abdominal Wall/Hernia Surgery', 'Acute Care Surgery/Emergency General Surgery', 'Bariatric/Minimally Invasive Surgery']",,5,virginiamason,West,10,24,0.3165271088438306,-0.2806229420034901,0.3040640904143414,0.6994561191706319,0.1857470285092787
213,R_3k0Mxhl0GqzW01Q,['Abdominal Wall/Hernia Surgery'],,13,vanderbilt,Southeast,4,88,0.15113936348783508,-0.7862962524744586,0.0899508306684096,1.0269051156398414,0.08458486807528395
214,R_2xFw2cSsA2sLfdj,"['Abdominal Wall/Hernia Surgery', 'Acute Care Surgery/Emergency General Surgery', 'Bariatric/Minimally Invasive Surgery']",Program Director (or Assistant Program Director),22,virginiamason,West,10,24,0.4997583992517119,-0.39803525313012855,0.9753507386840691,-0.20449598108099484,0.04572714305172992
215,R_1IyO5XPbBJFqiDC,['Surgical Oncology'],,,ucsf,West,9,123,-0.8774057564365285,-3.1165324093871396,0.0008697221666282663,0.8263947563817656,0.8526933930452478
216,R_238qfu07MfvEdH3,"['Cardiac Surgery', 'Other']",Program Director (or Assistant Program Director),22,washu,Midwest,7,99,-1.4060145098156416,1.5714774844899102,0.8042428790749125,-0.5849518425282949,0.6839184681452621
217,R_1eOCl7AeWLd41Yt,['Trauma Surgery/Critical Care'],,13,northwestern,Midwest,5,58,-0.5802533436875562,-1.8312384733539824,-0.10928724442093284,1.4543716882132174,-0.7779479535720533
218,R_xtj6kSyUbUDql7r,"['Abdominal Wall/Hernia Surgery', 'Plastics Surgery']",Department Chair,25,northwestern,Midwest,5,58,-1.485773742148975,1.077020048050503,0.3512876925995665,0.674931509464924,-0.6868320904342716
219,R_3HUebyczQyM05mV,['Colon and Rectal Surgery'],,13,northwestern,Midwest,5,58,-1.1943540522385918,1.3370492794598665,-1.724561478483624,-1.7078035168245957,0.6463845255408219
220,R_3p4OgeusRkyKJC4,['Breast Surgery'],,20,northwestern,Midwest,5,58,-1.3825510359722977,0.15827756297228265,1.5654500022545728,1.4057116243905667,-0.5108592475808916
221,R_VW3yMx7UXlvV34R,['Cardiac Surgery'],,,northwestern,Midwest,5,58,-0.2692239115375549,-0.06949394148147696,0.3231070184729058,0.7101975983763091,-0.6832032543577587
222,R_3J9r4IvIy66tBhV,['Endocrine Surgery'],,20,northwestern,Midwest,5,58,-0.2267390959119233,-0.14680591679709423,-0.006152628609175908,0.9327783576301367,-0.721576988714176
223,R_1GTdv6npombGjSm,"['Acute Care Surgery/Emergency General Surgery', 'Trauma Surgery/Critical Care']",Program Director (or Assistant Program Director),8,northwestern,Midwest,5,58,0.3656355805226245,-0.18515735848534304,0.2695627852892665,0.9270027325025513,-0.31610400291665675
224,R_2YJ0UWuTolREwAb,['Transplant Surgery'],"Department Chair,Program Director (or Assistant Program Director)",12,northwestern,Midwest,5,58,1.8667366291290572,0.8119184640506267,-0.5582514875600294,0.49950574528657526,-0.9662610860010354
225,R_QcOxkjNgaHiGIg1,['Breast Surgery'],,32,northwestern,Midwest,5,58,-0.10071621521636276,0.16463338161396557,1.0317420649632552,-0.5249024010637218,-0.6038743240855233
226,R_1EWpWWDYsCmwx8v,['Colon and Rectal Surgery'],,31,northwestern,Midwest,5,58,-0.4777667618069197,0.5382974533054747,-0.3077226776759465,-1.0967021378713184,-0.33015393788781705
227,R_PCEtQ1TO25SUCXv,"['Abdominal Wall/Hernia Surgery', 'Bariatric/Minimally Invasive Surgery']",,6,northwestern,Midwest,5,58,-1.2088619525464328,0.3828229431232569,-1.1805756480659308,1.4958713488007733,-0.7108495010746797
228,R_3yEntaGLn9D8mIN,['Breast Surgery'],,30,northwestern,Midwest,5,58,-0.09022015536413487,0.6671934124761298,0.8121815003349486,0.15603059017984777,-0.5115400435187966
229,R_1NzuIhUY1MaqFFl,"['Acute Care Surgery/Emergency General Surgery', 'Trauma Surgery/Critical Care']",Program Director (or Assistant Program Director),32,northwestern,Midwest,5,58,-0.13650424054406304,1.1809862385865761,0.420347071629783,-2.0262062917088857,-0.8070447790851999
230,R_8CEZCL8jPSQBC1j,"['Abdominal Wall/Hernia Surgery', 'Acute Care Surgery/Emergency General Surgery', 'Trauma Surgery/Critical Care']",Department Chair,23,northwestern,Midwest,5,58,1.2375455154549553,1.2659072986493671,-2.1182251317930496,-2.357661183989587,-0.7866403622391429
231,R_3LXyOCJD89Dne6c,"['Acute Care Surgery/Emergency General Surgery', 'Trauma Surgery/Critical Care']",,1,northwestern,Midwest,5,58,0.8802772970261311,0.8605330654607657,-0.24422244723926537,-0.14319666244940535,-0.19606692567345066
232,R_12rwYCPM55WQVJA,"['Abdominal Wall/Hernia Surgery', 'Acute Care Surgery/Emergency General Surgery', 'Bariatric/Minimally Invasive Surgery']",Program Director (or Assistant Program Director),2,virginiamason,West,10,24,-0.951511269478583,0.42078711080550174,0.6083738869093857,1.3169050228538066,-0.9655415724060377
233,R_6x6nyNWPgiwoo2B,"['Abdominal Wall/Hernia Surgery', 'Hepatopancreaticobiliary Surgery', 'Surgical Oncology']",Program Director (or Assistant Program Director),32,virginiamason,West,10,24,1.064191934171516,0.8614483975909644,-0.19185752098313635,0.6480372401312511,-0.20228860448553576
234,R_3NHQ5DNvN0vBPDY,['Abdominal Wall/Hernia Surgery'],,3,virginiamason,West,10,24,1.884054400231533,0.2292565106526319,0.6168535960684763,0.34749738746115505,1.9047018225698478
235,R_3n3ihzImRtyUSlA,"['Abdominal Wall/Hernia Surgery', 'Acute Care Surgery/Emergency General Surgery', 'Hepatopancreaticobiliary Surgery', 'Vascular Surgery', 'Transplant Surgery', 'Other']",,10,virginiamason,West,10,24,-1.4482757510534718,0.8456624446258402,0.33059739250225056,1.189614480039964,2.7915293454886476
236,R_3256iXRAW6T68YV,['Plastics Surgery'],,15,virginiamason,West,10,24,0.2960491858888377,-0.3159997723214058,0.382539757274323,0.131683883249642,0.0822062689285253
237,R_1dF7UgUeUGWovLZ,"['Abdominal Wall/Hernia Surgery', 'Acute Care Surgery/Emergency General Surgery']",Program Director (or Assistant Program Director),,lehigh,Northeast,3,55,-1.3394890777737893,-0.10721879740211242,-0.5959865431575637,0.555736193594278,0.7762217684742964
238,R_BS1ZehVXZKWIKv7,['Trauma Surgery/Critical Care'],,25,lehigh,Northeast,3,55,-0.28027394709282566,0.6658159126680295,-1.0227345313991982,1.2383814774804422,-0.008283446070641477
239,R_1Cm9yIGMYwVkuSe,"['Abdominal Wall/Hernia Surgery', 'Endocrine Surgery', 'Hepatopancreaticobiliary Surgery', 'Surgical Oncology', 'Transplant Surgery']",Program Director (or Assistant Program Director),11,lehigh,Northeast,3,55,-0.6783426802539978,-0.3292946581882292,1.6055225365099246,0.950496856564104,-0.0010548062355922989
240,R_xEZj3pUGXDMZIfT,['Pediatric Surgery'],Program Director (or Assistant Program Director),7,lehigh,Northeast,3,55,-0.07384829748415134,0.8012549630823698,0.877061105948917,-1.7643352503196954,-0.9484896247198499
241,R_OkFgYjnWV7vLdmx,['Colon and Rectal Surgery'],,28,virginiamason,West,10,24,-0.42113587031120975,0.6349946774700305,0.9589344666186949,-1.448161151404076,1.0700226088732987
242,R_2UWpCS5RBPaA3Iv,"['Acute Care Surgery/Emergency General Surgery', 'Pediatric Surgery', 'Plastics Surgery']",,22,lehigh,Northeast,3,55,0.8329949354644285,0.3784037450000239,-0.9230479466358237,-0.9852017431985637,1.144194773429099
243,R_2ZK4wuIarxnJyB9,"['Abdominal Wall/Hernia Surgery', 'Acute Care Surgery/Emergency General Surgery', 'Colon and Rectal Surgery', 'Trauma Surgery/Critical Care']",,12,lehigh,Northeast,3,55,0.1157120550982808,-2.7433154203437207,0.7034130767124548,-0.2734785056556409,1.7883205080108897
244,R_3g11P1lUjVkrlvn,['Thoracic Surgery'],,2.5,northwestern,Midwest,5,58,1.0535179865538182,-0.4513358595426847,-0.15507092854309698,-0.03857413450806354,-0.27971658474446826
245,R_qCakSsa3qVx6bYd,"['Abdominal Wall/Hernia Surgery', 'Acute Care Surgery/Emergency General Surgery', 'Colon and Rectal Surgery', 'Hepatopancreaticobiliary Surgery', 'Vascular Surgery', 'Trauma Surgery/Critical Care']",Program Director (or Assistant Program Director),4,northwestern,Midwest,5,58,1.7244232568095657,0.586767186393311,0.5698348516425554,0.4024932466661442,0.5993575659473016
246,R_7NUyXyZ1p76BYad,"['Abdominal Wall/Hernia Surgery', 'Acute Care Surgery/Emergency General Surgery', 'Trauma Surgery/Critical Care']",Department Chair,23,northwestern,Midwest,5,58,1.0883763464002116,1.3331364439607305,-1.749692366198492,-1.2813601626521975,-0.8636186575623954
