,StartDate,EndDate,Status,IPAddress,Progress,Duration (in seconds),Finished,RecordedDate,ResponseId,RecipientLastName,RecipientFirstName,RecipientEmail,ExternalReference,LocationLatitude,LocationLongitude,DistributionChannel,UserLanguage,Q2.2,Q2.3,Q2.4,Q2.5,Q2.6,Q2.7,Q2.8,Q2.9,Q2.10,Q2.11,Q2.12,Q2.13,Q3.2,Q3.3,Q3.4,Q3.5,Q3.6,Q3.7,Q3.8,Q3.9,Q3.10,Q3.11,Q4.2,Q4.3,Q4.4,Q4.5,Q4.6,Q4.7,Q4.8,Q4.9,Q4.10,Q5.2,Q5.3,Q5.4,Q5.5,Q5.6,Q5.7,Q6.1,distribution,Q_AmbiguousTextPresent,Q_AmbiguousTextQuestions,Q_StraightliningCount,Q_StraightliningPercentage,Q_StraightliningQuestions,Q_UnansweredPercentage,Q_UnansweredQuestions,us_region,acs_trauma_region,sample_size,Q_UnansweredQuestions_Length
0,5/3/23 10:47,5/3/23 10:51,0,128.218.42.33,100,198,1,5/3/23 10:51,R_1dMlSI0KXyxsTZn,,,,,37.7562,-122.4866,anonymous,EN,5,4,4,3,3,1,4,5,3,5,3,3,5,7,5,5,5,5,5,7,7,7,5,5,5,5,1,1,2,2,5,,,,"Abdominal Wall/Hernia Surgery,Acute Care Surgery/Emergency General Surgery,Bariatric/Minimally Invasive Surgery",,16,,ucsf,0,,0,0,,0.057142857,"['QID1', 'QID13']",West,9,123,2
1,6/7/23 16:41,6/7/23 16:44,0,64.54.15.149,100,191,1,6/7/23 16:44,R_7QYh6bTyOmOQo3D,,,,,37.7695,-122.385,anonymous,EN,4,4,4,3,2,2,4,4,3,3,4,3,5,5,4,4,5,4,4,5,7,4,4,4,4,4,3,2,2,2,2,,,,Pediatric Surgery,,1,,ucsf,0,,0,0,,0.057142857,"['QID1', 'QID13']",West,9,123,2
2,6/7/23 16:50,6/7/23 16:54,0,71.202.126.93,100,202,1,6/7/23 16:54,R_6tYa59Tv4zOhQgp,,,,,37.7703,-122.4407,anonymous,EN,5,5,4,1,1,2,4,3,4,3,2,3,4,3,4,4,3,3,4,1,7,7,2,2,2,2,2,2,2,2,2,,,,"Acute Care Surgery/Emergency General Surgery,Trauma Surgery/Critical Care",,,,ucsf,0,,0,0,,0.085714286,"['QID1', 'QID13', 'QID62']",West,9,123,3
3,6/7/23 16:57,6/7/23 17:02,0,72.110.116.35,100,308,1,6/7/23 17:02,R_25RsYOfgaO79uts,,,,,37.3313,-121.8401,anonymous,EN,5,4,4,1,1,1,2,4,4,5,5,1,7,2,1,7,7,1,1,7,7,7,5,1,5,1,5,1,1,1,1,,,,Breast Surgery,,15,,ucsf,0,,0,0,,0.057142857,"['QID1', 'QID13']",West,9,123,2
4,6/7/23 17:02,6/7/23 17:06,0,128.218.42.21,100,234,1,6/7/23 17:06,R_22qNtCIlTv6yOWH,,,,,37.7642,-122.3993,anonymous,EN,5,4,4,2,2,2,4,4,3,3,3,2,5,5,5,5,5,4,4,2,3,4,5,3,5,4,3,2,4,3,4,,,,Vascular Surgery,,1,,ucsf,0,,0,0,,0.057142857,"['QID1', 'QID13']",West,9,123,2
5,6/7/23 18:02,6/7/23 18:06,0,8.25.206.65,100,271,1,6/7/23 18:06,R_25uoAdxWGbbGHRo,,,,,37.9269,-122.3313,anonymous,EN,5,5,5,1,1,1,5,4,5,1,5,5,5,5,5,5,7,7,5,5,7,7,2,3,2,1,1,1,1,1,2,,,,Vascular Surgery,,17,This is great - would love to help as possible. I hope we can get this launched at all campuses/sites. ,ucsf,0,,0,0,,0.028571429,['QID1'],West,9,123,1
6,6/7/23 18:53,6/7/23 19:00,0,209.77.137.57,100,412,1,6/7/23 19:00,R_2aOxGecyTWdWk4p,,,,,37.8381,-122.2609,anonymous,EN,4,4,4,4,3,3,5,3,4,3,2,3,4,2,4,4,4,2,3,7,7,7,3,3,3,2,2,1,1,1,1,,,,Pediatric Surgery,,16,,ucsf,0,,0,0,,0.057142857,"['QID1', 'QID13']",West,9,123,2
7,6/7/23 19:38,6/7/23 19:43,0,128.218.42.236,100,278,1,6/7/23 19:43,R_1ouJGe4CiooCMEZ,,,,,37.7642,-122.3993,anonymous,EN,3,3,3,1,1,2,1,1,2,4,1,1,2,1,5,5,5,1,3,1,7,7,1,1,4,1,1,1,1,1,1,,,,"Abdominal Wall/Hernia Surgery,Bariatric/Minimally Invasive Surgery",Program Director (or Assistant Program Director),15,,ucsf,0,,0,0,,0.028571429,['QID13'],West,9,123,1
8,6/7/23 21:32,6/7/23 21:35,0,73.202.105.231,100,195,1,6/7/23 21:35,R_3n7AoqNYrAEX7x0,,,,,38.0996,-122.5873,anonymous,EN,5,5,5,3,2,3,4,5,3,4,3,4,5,5,5,5,4,2,4,1,5,2,2,3,3,3,2,1,1,1,1,,,,Other,,37,You left out plastic surgery ,ucsf,0,,0,0,,0.028571429,['QID1'],West,9,123,1
9,6/7/23 22:24,6/7/23 22:29,0,174.160.48.215,100,323,1,6/7/23 22:29,R_3hgWtBfuCmPnTIc,,,,,37.6652,-121.8734,anonymous,EN,5,5,5,4,1,2,4,4,5,3,5,5,5,5,5,5,5,4,5,7,7,7,5,5,5,5,5,5,4,5,4,,,,"Abdominal Wall/Hernia Surgery,Acute Care Surgery/Emergency General Surgery,Bariatric/Minimally Invasive Surgery,Breast Surgery,Colon and Rectal Surgery,Endocrine Surgery,Hepatopancreaticobiliary Surgery,Pediatric Surgery,Surgical Oncology,Thoracic Surgery,Trauma Surgery/Critical Care",,18,,ucsf,0,,0,0,,0.057142857,"['QID1', 'QID13']",West,9,123,2
10,6/7/23 23:29,6/7/23 23:33,0,67.180.173.92,100,274,1,6/7/23 23:33,R_1eElmoy8b911U0m,,,,,37.747,-122.4389,anonymous,EN,5,5,5,4,2,2,3,3,4,1,5,3,7,7,5,5,5,5,5,5,5,5,5,5,5,5,5,5,4,4,3,,,,"Abdominal Wall/Hernia Surgery,Acute Care Surgery/Emergency General Surgery,Bariatric/Minimally Invasive Surgery,Hepatopancreaticobiliary Surgery",,25,Save the environment ,ucsf,0,,0,0,,0.028571429,['QID1'],West,9,123,1
11,6/8/23 2:04,6/8/23 2:25,0,81.193.150.46,100,1231,1,6/8/23 2:25,R_2B40qDlGEaL8XCU,,,,,38.6821,-9.162,anonymous,EN,3,3,3,1,2,2,4,3,4,3,4,4,5,5,5,5,5,5,5,1,7,7,4,3,4,4,2,1,2,2,2,,,,"Abdominal Wall/Hernia Surgery,Hepatopancreaticobiliary Surgery",,28,"Lack of knowledge here. 
Maybe a fact sheet with 3 compelling facts, a la 

Did You Know?… the MB OR produces more carbon per year than …. ( the average Prius or whatever)

Placed in the anesthesia and staff lounges, bathroom stalls etc?",ucsf,0,,0,0,,0.028571429,['QID1'],West,9,123,1
12,6/7/23 16:42,6/8/23 7:45,0,128.218.42.136,100,54208,1,6/8/23 7:45,R_2AHyf48UYcC1vyU,,,,,37.7642,-122.3993,anonymous,EN,3,2,3,2,1,2,4,2,2,2,5,1,2,1,1,1,1,3,2,4,2,7,5,2,5,1,2,1,1,1,2,,,,"Abdominal Wall/Hernia Surgery,Acute Care Surgery/Emergency General Surgery,Bariatric/Minimally Invasive Surgery",,11,,ucsf,0,,0,0,,0.057142857,"['QID1', 'QID13']",West,9,123,2
13,6/8/23 10:17,6/8/23 10:20,0,64.54.58.233,100,235,1,6/8/23 10:20,R_1kZCeMij5mbGp10,,,,,37.7703,-122.4407,anonymous,EN,3,4,3,4,2,2,3,3,4,5,2,2,4,4,5,5,7,5,7,1,2,7,3,3,4,5,4,3,3,4,3,,,,"Hepatopancreaticobiliary Surgery,Transplant Surgery",Program Director (or Assistant Program Director),28,,ucsf,0,,0,0,,0.028571429,['QID13'],West,9,123,1
15,6/8/23 11:49,6/8/23 11:54,0,107.122.81.19,100,320,1,6/8/23 11:54,R_11Z3AaEw8hTtY10,,,,,37.7958,-122.4203,anonymous,EN,4,3,3,1,1,1,5,4,3,5,5,1,5,5,1,2,7,7,3,1,7,5,5,5,5,5,3,1,1,1,1,,,,Trauma Surgery/Critical Care,,8,"Our operating room carbon footprint is important, but a much lower priority for the majority of us who are working in understaffed divisions and/or can’t get adequate access to the OR. ",ucsf,0,,0,0,,0.028571429,['QID1'],West,9,123,1
16,6/8/23 14:40,6/8/23 14:44,0,128.218.224.38,100,252,1,6/8/23 14:44,R_1Cf0dOpW1htTdBY,,,,,37.7383,-122.4556,anonymous,EN,3,3,3,3,2,1,4,3,4,4,3,1,4,3,3,5,3,4,3,7,5,2,1,2,2,5,2,1,1,5,3,,,,Trauma Surgery/Critical Care,,20,,ucsf,0,,0,0,,0.057142857,"['QID1', 'QID13']",West,9,123,2
17,6/8/23 19:00,6/8/23 19:04,0,136.25.42.115,100,227,1,6/8/23 19:04,R_3nivVyUGNwAmGgl,,,,,37.7771,-122.406,anonymous,EN,4,4,4,1,1,1,3,3,4,2,3,1,4,4,2,4,4,4,3,4,4,7,4,3,4,3,4,3,2,2,3,,,,Breast Surgery,,9,,ucsf,0,,0,0,,0.057142857,"['QID1', 'QID13']",West,9,123,2
18,6/9/23 15:16,6/9/23 15:20,0,64.54.15.149,100,258,1,6/9/23 15:20,R_b1vT1A6XQQohx8l,,,,,37.7695,-122.385,anonymous,EN,5,5,5,1,2,1,5,3,4,1,3,1,4,3,5,5,5,4,5,3,7,7,1,3,3,4,1,2,1,3,1,,,,Colon and Rectal Surgery,,23,,ucsf,0,,0,0,,0.057142857,"['QID1', 'QID13']",West,9,123,2
19,6/12/23 19:30,6/12/23 19:39,0,67.170.229.10,100,577,1,6/12/23 19:39,R_3hlLW31yXVB5CHU,,,,,37.8414,-122.1254,anonymous,EN,5,5,3,3,1,2,3,3,4,1,4,5,5,5,5,5,7,5,5,1,7,7,4,4,4,4,4,1,4,4,4,,,,"Breast Surgery,Pediatric Surgery,Trauma Surgery/Critical Care,Other",,15,,ucsf,0,,0,0,,0.057142857,"['QID1', 'QID13']",West,9,123,2
25,6/16/23 17:37,6/16/23 17:42,0,23.125.134.173,100,282,1,6/16/23 17:42,R_262oJgtZVMLIpez,,,,,37.9861,-122.5688,anonymous,EN,5,5,5,3,2,2,4,4,4,1,5,5,5,5,5,5,5,3,5,8,5,2,5,3,5,3,3,1,1,1,1,,,,"Abdominal Wall/Hernia Surgery,Breast Surgery,Other",Program Director (or Assistant Program Director),10,,ucsf,0,,0,0,,0.028571429,['QID13'],West,9,123,1
26,6/16/23 17:34,6/16/23 17:43,0,99.124.152.134,100,538,1,6/16/23 17:43,R_1jHt76D3uTbxJgG,,,,,37.7506,-122.4121,anonymous,EN,5,5,5,3,1,1,5,3,4,4,3,5,5,5,5,5,5,5,5,8,7,7,3,3,3,3,3,1,1,1,1,,,,Pediatric Surgery,Program Director (or Assistant Program Director),11,,ucsf,0,,0,0,,0.028571429,['QID13'],West,9,123,1
27,6/16/23 18:16,6/16/23 18:19,0,128.218.42.172,100,147,1,6/16/23 18:19,R_3qeBJ1IW4jlSS3n,,,,,37.7642,-122.3993,anonymous,EN,4,4,4,1,1,1,4,4,5,1,2,3,4,4,4,4,4,3,4,3,5,7,3,3,3,3,2,2,1,1,1,,,,Hepatopancreaticobiliary Surgery,Program Director (or Assistant Program Director),46,,ucsf,0,,0,0,,0.028571429,['QID13'],West,9,123,1
28,6/17/23 8:00,6/17/23 8:05,0,107.77.231.137,100,281,1,6/17/23 8:05,R_PCIAHqBPdGfla6t,,,,,34.0486,-118.1796,anonymous,EN,5,4,4,1,1,1,4,3,1,3,4,4,4,4,3,3,4,3,4,3,7,7,4,4,4,4,3,3,3,3,3,,,,Cardiac Surgery,,21,,ucsf,0,,0,0,,0.057142857,"['QID1', 'QID13']",West,9,123,2
29,6/17/23 10:55,6/17/23 11:03,0,128.218.42.11,100,451,1,6/17/23 11:03,R_5tDgSd6XfVXHefL,,,,,37.7642,-122.3993,anonymous,EN,4,5,4,3,1,2,4,3,5,2,4,2,4,3,5,5,5,4,2,5,7,7,5,5,5,5,5,3,5,5,5,,,,Endocrine Surgery,,20,"One concern I have with reusable ligasure or such are the blunting of cutting devices with repeated use. Maybe there could be some guidelines of reusing an instrument vs discarding it by how long it was used the first time, and maybe no longer than two or three short uses max. ",ucsf,0,,0,0,,0.028571429,['QID1'],West,9,123,1
30,6/17/23 12:04,6/17/23 12:09,0,128.218.42.158,100,279,1,6/17/23 12:09,R_3KotdALI6hAQecj,,,,,37.7642,-122.3993,anonymous,EN,4,5,4,1,1,1,4,4,4,3,1,3,4,4,4,4,4,4,4,4,7,5,1,2,1,3,2,2,4,3,3,,,,Thoracic Surgery,Program Director (or Assistant Program Director),5,,ucsf,0,,0,0,,0.028571429,['QID13'],West,9,123,1
32,6/18/23 9:48,6/18/23 9:56,0,76.224.187.112,100,441,1,6/18/23 9:56,R_2f99mkgC2P2rK8j,,,,,37.9483,-122.5379,anonymous,EN,4,4,4,1,1,1,1,2,4,4,4,1,5,5,5,5,7,2,5,5,5,1,5,3,4,4,5,3,2,2,2,,,,"Abdominal Wall/Hernia Surgery,Other",,5,,ucsf,0,,0,0,,0.057142857,"['QID1', 'QID13']",West,9,123,2
33,6/19/23 11:04,6/19/23 11:07,0,67.188.37.105,100,206,1,6/19/23 11:07,R_9nUzzlmxsBmD31L,,,,,37.7441,-122.48,anonymous,EN,5,4,4,2,2,2,3,3,4,3,3,1,4,5,4,4,5,4,5,7,3,7,5,5,5,4,5,5,3,3,2,,,,Endocrine Surgery,Program Director (or Assistant Program Director),16,,ucsf,0,,0,0,,0.028571429,['QID13'],West,9,123,1
34,6/22/23 15:42,6/22/23 15:48,0,63.241.90.251,100,319,1,6/22/23 15:48,R_2P8dQyyYMKqijQE,,,,,37.7906,-122.2412,anonymous,EN,4,3,4,2,1,1,4,4,5,4,2,2,3,5,4,4,4,2,4,2,4,4,4,2,4,1,1,1,1,2,2,,,,"Abdominal Wall/Hernia Surgery,Acute Care Surgery/Emergency General Surgery,Colon and Rectal Surgery,Hepatopancreaticobiliary Surgery,Surgical Oncology",,2,"Preference cards, if designed appropriately, can reduce the number of items opened and wasted. If I know that I will likely only need a major tray if a diagnostic laparoscopy is negative, I can ask to just have 2 ports and a minor set available till the decision is made to open and go ahead with a major resection. ",ucsf,0,,0,0,,0.028571429,['QID1'],West,9,123,1
35,6/24/23 21:52,6/24/23 21:57,0,69.181.19.102,100,287,1,6/24/23 21:57,R_RDgsBQuNAN6zJh7,,,,,37.7958,-122.4203,anonymous,EN,5,4,5,2,1,1,4,4,5,1,3,3,4,4,3,4,5,3,3,4,3,7,5,4,5,4,4,3,3,3,3,,,,"Acute Care Surgery/Emergency General Surgery,Trauma Surgery/Critical Care",,3,,ucsf,0,,0,0,,0.057142857,"['QID1', 'QID13']",West,9,123,2
38,6/28/23 11:52,6/28/23 11:59,0,128.218.42.246,100,434,1,6/28/23 11:59,R_12bChD2irhGzu0I,,,,,37.7562,-122.4866,anonymous,EN,4,3,4,1,1,1,,,4,4,5,3,5,7,5,5,5,5,5,7,7,7,4,3,4,5,1,1,1,1,1,,,,Pediatric Surgery,,7,,ucsf,0,,0,0,,0.114285714,"['QID1', 'QID13', 'QID31', 'QID32']",West,9,123,4
40,7/26/23 17:28,7/26/23 17:33,0,23.93.214.202,100,333,1,7/26/23 17:33,R_2w66EVkTBem7xud,,,,,37.8043,-122.2156,anonymous,EN,3,1,3,1,1,1,4,4,4,4,4,1,5,5,5,5,5,5,5,5,5,7,2,3,2,3,2,1,1,2,2,,,,"Acute Care Surgery/Emergency General Surgery,Trauma Surgery/Critical Care",,15,,ucsf,0,,0,0,,0.057142857,"['QID1', 'QID13']",West,9,123,2
41,7/26/23 17:57,7/26/23 18:03,0,128.218.42.114,100,353,1,7/26/23 18:03,R_27KHJQggTLrIzVp,,,,,37.7562,-122.4866,anonymous,EN,4,4,4,3,2,2,3,3,4,4,4,2,3,3,4,3,4,4,4,4,4,4,4,3,4,4,2,2,3,2,2,,,,Pediatric Surgery,,44,,ucsf,0,,0,0,,0.057142857,"['QID1', 'QID13']",West,9,123,2
42,7/26/23 18:03,7/26/23 18:08,0,128.218.42.119,100,338,1,7/26/23 18:08,R_2VsFaAFVnUfN9Fy,,,,,37.7562,-122.4866,anonymous,EN,3,4,4,3,2,2,4,3,5,3,3,3,4,4,5,5,7,7,4,5,7,7,4,4,4,4,4,4,4,4,4,,,,Endocrine Surgery,,24,,ucsf,0,,0,0,,0.057142857,"['QID1', 'QID13']",West,9,123,2
43,7/26/23 19:56,7/26/23 20:00,0,107.77.214.80,100,269,1,7/26/23 20:00,R_3Pzges8qo3I0CSi,,,,,38.0004,-121.3105,anonymous,EN,5,5,4,1,2,1,5,5,3,4,4,4,5,5,5,5,5,3,1,3,7,3,4,4,4,4,4,3,1,1,1,,,,Pediatric Surgery,,16,,ucsf,0,,0,0,,0.057142857,"['QID1', 'QID13']",West,9,123,2
44,7/26/23 22:30,7/26/23 22:33,0,128.218.42.13,100,158,1,7/26/23 22:33,R_2s6ZUTp6GIuGVOj,,,,,37.7562,-122.4866,anonymous,EN,5,5,5,1,1,1,5,5,4,3,2,2,7,7,5,5,5,5,5,7,7,7,2,3,3,3,2,2,3,3,3,,,,Thoracic Surgery,Program Director (or Assistant Program Director),5,,ucsf,0,,0,0,,0.028571429,['QID13'],West,9,123,1
45,7/27/23 1:42,7/27/23 1:45,0,128.218.42.125,100,185,1,7/27/23 1:45,R_sp3hfKBEOZVf7qx,,,,,37.7562,-122.4866,anonymous,EN,4,4,4,3,3,2,5,4,2,4,3,2,5,3,5,5,5,5,4,3,5,7,4,4,4,4,4,1,4,4,5,,,,"Abdominal Wall/Hernia Surgery,Acute Care Surgery/Emergency General Surgery,Bariatric/Minimally Invasive Surgery",,15,,ucsf,0,,0,0,,0.057142857,"['QID1', 'QID13']",West,9,123,2
46,7/30/23 12:59,7/30/23 13:03,0,174.160.48.215,100,270,1,7/30/23 13:03,R_3hFudgXE3gQSbBg,,,,,37.6873,-121.8957,anonymous,EN,5,5,4,4,2,2,5,5,5,1,1,5,5,5,5,5,5,5,5,7,7,7,5,5,5,5,5,5,4,5,4,,,,"Abdominal Wall/Hernia Surgery,Acute Care Surgery/Emergency General Surgery,Bariatric/Minimally Invasive Surgery,Breast Surgery,Colon and Rectal Surgery,Endocrine Surgery,Hepatopancreaticobiliary Surgery,Pediatric Surgery,Plastics Surgery,Surgical Oncology,Thoracic Surgery,Trauma Surgery/Critical Care",,18,,ucsf,0,,0,0,,0.057142857,"['QID1', 'QID13']",West,9,123,2
50,8/14/23 21:56,8/14/23 22:00,0,104.178.12.88,100,237,1,8/14/23 22:00,R_1gjsUSHUuN0k5f3,,,,,37.7506,-122.4121,anonymous,EN,5,5,5,1,1,1,4,4,5,1,5,3,5,5,5,5,7,7,5,7,4,5,3,2,3,1,4,1,1,2,4,,,,Vascular Surgery,,17,Such an important and necessary project,ucsf,0,,0,0,,0.028571429,['QID1'],West,9,123,1
51,8/15/23 20:35,8/15/23 20:38,0,128.218.224.38,100,226,1,8/15/23 20:39,R_3O7j5HCRPjvtOT4,,,,,37.7506,-122.4121,anonymous,EN,4,4,4,1,1,1,4,4,5,2,4,3,5,5,5,5,5,5,5,7,5,4,3,5,3,5,3,1,2,3,4,,,,"Abdominal Wall/Hernia Surgery,Acute Care Surgery/Emergency General Surgery,Colon and Rectal Surgery,Trauma Surgery/Critical Care",Program Director (or Assistant Program Director),20,,ucsf,0,,0,0,,0.028571429,['QID13'],West,9,123,1
52,9/4/23 16:12,9/4/23 16:19,0,205.220.129.29,100,404,1,9/4/23 16:19,R_1IyO5XPbBJFqiDC,,,,,37.751,-97.822,anonymous,EN,3,3,3,3,3,2,1,1,4,4,1,4,2,1,3,1,4,1,2,2,5,3,4,3,5,1,1,1,1,1,1,,,,Surgical Oncology,,,,ucsf,0,,0,0,,0.085714286,"['QID1', 'QID13', 'QID62']",West,9,123,3
54,6/13/23 21:25,6/13/23 21:29,0,75.129.239.166,100,252,1,6/13/23 21:29,R_uaW8pwWcqkRvBDz,,,,,38.6287,-90.1988,anonymous,EN,5,5,4,4,1,1,5,4,3,5,4,4,7,5,5,5,4,5,5,7,7,4,4,4,5,4,2,2,3,3,5,,,,Colon and Rectal Surgery,Program Director (or Assistant Program Director),20,,washu,0,,0,0,,0.028571429,['QID13'],Midwest,7,99,1
55,6/15/23 8:53,6/15/23 8:57,0,152.132.9.3,100,268,1,6/15/23 8:57,R_3Gqcswr53rgE6g6,,,,,38.5753,-90.2651,anonymous,EN,5,5,5,3,2,2,5,5,4,4,3,4,4,4,5,5,5,5,5,7,7,5,5,3,5,3,4,2,3,3,4,,,,Colon and Rectal Surgery,,3,,washu,0,,0,0,,0.057142857,"['QID1', 'QID13']",Midwest,7,99,2
56,6/15/23 9:26,6/15/23 9:29,0,128.252.154.2,100,134,1,6/15/23 9:29,R_2PC2kfsNSpHfqT6,,,,,38.6433,-90.2575,anonymous,EN,3,3,3,1,1,1,5,4,3,4,1,2,5,5,3,5,4,4,5,2,7,1,3,2,3,3,3,1,3,3,4,,,,Cardiac Surgery,,1,,washu,0,,0,0,,0.057142857,"['QID1', 'QID13']",Midwest,7,99,2
57,6/15/23 9:39,6/15/23 9:42,0,128.252.172.25,100,182,1,6/15/23 9:42,R_7PbnGOA09AbAlMZ,,,,,38.6154,-90.2159,anonymous,EN,4,5,4,1,2,1,4,4,4,4,3,1,4,5,4,5,5,5,5,7,7,7,5,5,5,5,5,5,3,5,3,,,,Breast Surgery,Program Director (or Assistant Program Director),17,,washu,0,,0,0,,0.028571429,['QID13'],Midwest,7,99,1
58,6/15/23 9:42,6/15/23 9:49,0,128.252.210.2,100,394,1,6/15/23 9:49,R_239W2TdvkmwwlO3,,,,,38.6433,-90.2575,anonymous,EN,2,3,3,3,1,1,4,4,2,5,3,3,4,5,2,2,7,7,7,3,7,7,3,3,4,2,3,3,2,2,2,,,,Abdominal Wall/Hernia Surgery,Program Director (or Assistant Program Director),8,,washu,0,,0,0,,0.028571429,['QID13'],Midwest,7,99,1
59,6/15/23 9:56,6/15/23 9:58,0,128.252.210.3,100,150,1,6/15/23 9:58,R_30eodJes6HCqG3p,,,,,38.6433,-90.2575,anonymous,EN,4,3,4,2,1,2,4,4,3,4,2,4,3,3,4,3,4,4,4,7,7,3,2,3,3,1,3,2,2,2,2,,,,Trauma Surgery/Critical Care,,5,,washu,0,,0,0,,0.057142857,"['QID1', 'QID13']",Midwest,7,99,2
60,6/15/23 9:54,6/15/23 9:59,0,128.252.154.1,100,283,1,6/15/23 9:59,R_2atzrwARXYyEBaw,,,,,38.6433,-90.2575,anonymous,EN,3,4,3,2,2,2,4,4,2,2,2,2,3,4,1,3,5,3,3,4,4,1,1,1,1,4,1,1,1,3,1,,,,Thoracic Surgery,,,,washu,0,,0,0,,0.085714286,"['QID1', 'QID13', 'QID62']",Midwest,7,99,3
61,6/15/23 10:03,6/15/23 10:07,0,128.252.154.9,100,234,1,6/15/23 10:07,R_shxDQuuusF0Td4J,,,,,38.6433,-90.2575,anonymous,EN,3,4,3,1,1,1,5,5,3,1,1,1,5,5,2,5,5,2,5,5,7,7,5,5,5,5,5,5,5,5,5,,,,Colon and Rectal Surgery,Program Director (or Assistant Program Director),,,washu,0,,0,0,,0.057142857,"['QID13', 'QID62']",Midwest,7,99,2
62,6/15/23 10:24,6/15/23 10:33,0,128.252.210.1,100,558,1,6/15/23 10:33,R_2pLzzV1ZoRrDqEu,,,,,38.6433,-90.2575,anonymous,EN,5,4,3,1,1,1,4,3,4,4,3,4,7,3,3,5,5,5,5,2,8,3,3,3,4,2,4,1,3,4,3,,,,Trauma Surgery/Critical Care,,2,very excited to see what comes of this.  OR waste drives me nuts from a cost perspective already and we could help so much with some minimal changes,washu,0,,0,0,,0.028571429,['QID1'],Midwest,7,99,1
63,6/15/23 10:51,6/15/23 10:56,0,159.251.152.33,100,293,1,6/15/23 10:56,R_3P77ogJCsXMLrkG,,,,,38.617,-90.2566,anonymous,EN,5,4,4,3,1,1,4,5,2,3,2,3,7,5,4,4,5,3,5,5,7,7,3,3,3,4,4,2,3,4,4,,,,Pediatric Surgery,,20,,washu,0,,0,0,,0.057142857,"['QID1', 'QID13']",Midwest,7,99,2
64,6/15/23 10:52,6/15/23 11:04,0,107.77.206.11,100,728,1,6/15/23 11:04,R_ZsNmilpVTREaUEx,,,,,41.8764,-87.6133,anonymous,EN,2,2,2,1,1,1,3,3,5,4,5,1,3,3,4,4,4,4,5,7,7,2,3,1,3,1,1,1,1,1,2,,,,Vascular Surgery,Program Director (or Assistant Program Director),32,,washu,0,,0,0,,0.028571429,['QID13'],Midwest,7,99,1
65,6/15/23 11:03,6/15/23 11:06,0,128.252.210.1,100,168,1,6/15/23 11:06,R_3GrkOWBpB09cgN4,,,,,38.6433,-90.2575,anonymous,EN,3,4,3,3,1,1,4,4,3,3,3,3,7,5,5,5,4,3,5,7,5,5,5,5,5,5,5,5,5,5,5,,,,Trauma Surgery/Critical Care,,7,,washu,0,,0,0,,0.057142857,"['QID1', 'QID13']",Midwest,7,99,2
66,6/15/23 11:08,6/15/23 11:12,0,71.11.114.18,100,239,1,6/15/23 11:12,R_23X2YZ01lZSOLvT,,,,,38.5943,-90.2321,anonymous,EN,4,2,3,2,1,1,4,3,3,4,4,1,4,3,5,5,2,2,3,2,4,2,4,2,5,1,3,1,2,1,4,,,,"Acute Care Surgery/Emergency General Surgery,Trauma Surgery/Critical Care",Program Director (or Assistant Program Director),5,,washu,0,,0,0,,0.028571429,['QID13'],Midwest,7,99,1
67,6/15/23 12:36,6/15/23 12:41,0,104.28.76.230,100,291,1,6/15/23 12:41,R_1ITrvE9yk66ybGy,,,,,38.894,-77.0365,anonymous,EN,2,2,2,1,1,1,5,5,4,4,2,1,2,2,2,4,2,1,2,7,7,1,3,2,3,1,1,1,1,1,1,,,,Vascular Surgery,,8,,washu,0,,0,0,,0.057142857,"['QID1', 'QID13']",Midwest,7,99,2
68,6/15/23 13:57,6/15/23 14:00,0,128.252.210.2,100,195,1,6/15/23 14:00,R_3dXmj7M29TwPkQE,,,,,38.6433,-90.2575,anonymous,EN,5,4,4,1,2,2,4,4,3,4,4,4,5,5,5,5,7,4,5,7,7,7,4,3,3,3,4,1,1,1,1,,,,Endocrine Surgery,,4,,washu,0,,0,0,,0.057142857,"['QID1', 'QID13']",Midwest,7,99,2
69,6/15/23 15:29,6/15/23 15:35,0,172.59.169.78,100,367,1,6/15/23 15:36,R_2DMIj31kHmMcbY8,,,,,38.617,-90.2566,anonymous,EN,2,4,3,2,3,3,4,4,2,4,1,3,7,7,5,5,4,5,4,7,7,5,3,5,3,5,5,2,3,5,3,,,,"Acute Care Surgery/Emergency General Surgery,Trauma Surgery/Critical Care",,23,,washu,0,,0,0,,0.057142857,"['QID1', 'QID13']",Midwest,7,99,2
70,6/15/23 15:51,6/15/23 15:54,0,128.252.31.129,100,173,1,6/15/23 15:54,R_2xLXZMsqc3X0hfL,,,,,38.617,-90.2566,anonymous,EN,5,5,4,3,2,2,3,3,3,4,3,4,7,5,5,5,5,5,3,3,7,7,4,4,4,4,4,1,1,1,1,,,,Pediatric Surgery,,5,,washu,0,,0,0,,0.057142857,"['QID1', 'QID13']",Midwest,7,99,2
71,6/15/23 16:02,6/15/23 16:14,0,128.252.34.132,100,685,1,6/15/23 16:14,R_1DIuaHXKz9twXg8,,,,,38.6154,-90.2159,anonymous,EN,3,5,3,3,1,1,4,4,4,4,2,2,5,4,4,4,7,7,7,4,7,4,1,1,1,2,1,1,2,2,4,,,,"Abdominal Wall/Hernia Surgery,Acute Care Surgery/Emergency General Surgery,Colon and Rectal Surgery",,28,,washu,0,,0,0,,0.057142857,"['QID1', 'QID13']",Midwest,7,99,2
72,6/16/23 6:34,6/16/23 6:40,0,128.252.31.129,100,380,1,6/16/23 6:40,R_AssUgqlZQVHuQLL,,,,,38.617,-90.2566,anonymous,EN,2,4,3,1,1,1,2,3,2,4,2,3,7,5,5,5,5,4,5,3,4,1,2,3,4,3,2,3,3,3,2,,,,Bariatric/Minimally Invasive Surgery,Program Director (or Assistant Program Director),26,,washu,0,,0,0,,0.028571429,['QID13'],Midwest,7,99,1
73,6/16/23 22:20,6/16/23 22:23,0,24.107.18.195,100,191,1,6/16/23 22:23,R_b90CMdBj6iQqLU5,,,,,38.6287,-90.1988,anonymous,EN,5,5,4,4,1,1,5,3,3,4,2,5,7,5,3,4,7,5,5,7,5,5,1,2,2,3,2,2,1,2,4,,,,Endocrine Surgery,,23,Thanks,washu,0,,0,0,,0.028571429,['QID1'],Midwest,7,99,1
74,6/17/23 4:02,6/17/23 4:10,0,172.59.169.66,100,432,1,6/17/23 4:10,R_3Egxk6TdU3acfaa,,,,,38.617,-90.2566,anonymous,EN,5,4,4,3,1,1,5,5,5,4,5,3,7,5,5,5,7,5,5,5,4,4,3,3,4,4,3,1,4,4,4,,,,Thoracic Surgery,,25,"Eager to make a change here. It is easy to see areas for others to improve: single use bronchoscope, single use laryngoscope. It is much harder to do this in away that impacts our own choices. We should be doing more here!!",washu,0,,0,0,,0.028571429,['QID1'],Midwest,7,99,1
76,6/18/23 8:16,6/18/23 8:20,0,128.252.172.31,100,291,1,6/18/23 8:20,R_AA2QAsjxWke1z2x,,,,,38.6154,-90.2159,anonymous,EN,5,3,3,3,1,1,5,4,4,4,2,4,7,5,5,5,5,5,5,2,7,7,5,5,5,5,5,1,1,5,1,,,,"Breast Surgery,Surgical Oncology",,20,,washu,0,,0,0,,0.057142857,"['QID1', 'QID13']",Midwest,7,99,2
77,6/18/23 14:30,6/18/23 14:36,0,184.169.45.4,100,357,1,6/18/23 14:36,R_2rpiMiAlsPTav2k,,,,,37.751,-97.822,anonymous,EN,2,2,2,1,1,1,2,4,4,4,3,2,3,4,2,2,7,7,7,7,5,7,3,2,4,3,2,1,2,2,3,,,,Bariatric/Minimally Invasive Surgery,Program Director (or Assistant Program Director),14,,washu,0,,0,0,,0.028571429,['QID13'],Midwest,7,99,1
78,6/18/23 15:09,6/18/23 15:21,0,99.117.244.64,100,727,1,6/18/23 15:21,R_XtyH5hQvA3GzYop,,,,,38.6287,-90.1988,anonymous,EN,5,5,4,2,1,3,4,4,3,5,2,5,5,5,5,5,5,7,7,7,7,7,5,5,5,5,5,2,2,3,4,,,,Bariatric/Minimally Invasive Surgery,,7,,washu,0,,0,0,,0.057142857,"['QID1', 'QID13']",Midwest,7,99,2
79,6/19/23 13:25,6/19/23 13:29,0,128.252.210.1,100,222,1,6/19/23 13:29,R_6lg5NvipUsF30t3,,,,,38.6433,-90.2575,anonymous,EN,3,2,3,3,1,2,2,4,3,3,4,1,3,5,5,5,5,3,4,7,2,2,5,2,5,3,4,2,2,3,4,,,,Trauma Surgery/Critical Care,,1,,washu,0,,0,0,,0.057142857,"['QID1', 'QID13']",Midwest,7,99,2
80,6/20/23 6:25,6/20/23 6:34,0,128.252.210.2,100,512,1,6/20/23 6:34,R_0kCFGtdXA2I7U7D,,,,,38.6433,-90.2575,anonymous,EN,4,4,3,1,1,1,2,4,5,5,4,3,2,4,2,4,4,4,4,5,7,5,2,2,2,2,1,1,1,1,1,,,,Hepatopancreaticobiliary Surgery,,20,,washu,0,,0,0,,0.057142857,"['QID1', 'QID13']",Midwest,7,99,2
81,6/20/23 9:22,6/20/23 9:32,0,128.252.210.3,100,582,1,6/20/23 9:32,R_xzJ4K6id78A5y2B,,,,,38.6433,-90.2575,anonymous,EN,2,2,2,3,2,2,5,4,4,3,4,1,5,4,5,3,4,2,3,7,5,1,4,1,4,1,1,1,1,1,1,,,,Vascular Surgery,,23,"Did entire residency with reusable gowns, worked at VAMC with reusable gowns. The problem with current systems management is that surgeons are not positively incentivized. Financial incentives will be key to sustained participation. ""Money in your pocket"" wins out over ""save the polar bears"".",washu,0,,0,0,,0.028571429,['QID1'],Midwest,7,99,1
87,7/25/23 8:38,7/25/23 8:43,0,128.252.212.209,100,341,1,7/25/23 8:43,R_SUz7eT5rFdus8pP,,,,,38.662,-90.2889,anonymous,EN,5,5,4,1,1,1,4,4,3,3,2,2,3,5,4,4,5,5,4,7,5,3,5,4,5,5,5,1,4,4,4,,,,"Abdominal Wall/Hernia Surgery,Acute Care Surgery/Emergency General Surgery",,3,,washu,0,,0,0,,0.057142857,"['QID1', 'QID13']",Midwest,7,99,2
88,7/25/23 11:31,7/25/23 11:35,0,128.252.154.3,100,238,1,7/25/23 11:35,R_2EgCuYyTqjW8vx8,,,,,38.6433,-90.2575,anonymous,EN,3,3,3,1,1,1,3,3,4,3,4,1,3,3,1,3,3,3,3,7,5,5,3,3,3,3,3,3,2,2,2,,,,Colon and Rectal Surgery,Program Director (or Assistant Program Director),10,,washu,0,,0,0,,0.028571429,['QID13'],Midwest,7,99,1
90,7/25/23 15:00,7/25/23 15:06,0,128.252.31.129,100,385,1,7/25/23 15:06,R_33ds7o7P5V2FTAY,,,,,38.617,-90.2566,anonymous,EN,5,4,5,1,1,1,4,4,4,3,3,3,4,4,2,2,5,4,4,5,5,5,4,4,4,4,4,2,2,4,3,,,,Thoracic Surgery,,3,This is an incredibly important project for any surgical center in the United States. The amount of surgical waste and inefficiency is staggering. ,washu,0,,0,0,,0.028571429,['QID1'],Midwest,7,99,1
91,7/25/23 15:21,7/25/23 15:25,0,128.252.210.3,100,281,1,7/25/23 15:25,R_2fByou8nvRRsOrv,,,,,38.617,-90.2566,anonymous,EN,5,3,4,2,1,1,4,4,2,5,3,4,3,5,5,5,7,7,5,7,5,7,4,4,4,3,1,1,1,2,3,,,,"Hepatopancreaticobiliary Surgery,Transplant Surgery",,6,,washu,0,,0,0,,0.057142857,"['QID1', 'QID13']",Midwest,7,99,2
92,7/25/23 17:57,7/25/23 17:59,0,128.252.210.3,100,145,1,7/25/23 17:59,R_2P29uuCaobEYRUw,,,,,38.617,-90.2566,anonymous,EN,3,3,3,3,3,3,3,3,3,2,3,2,3,3,3,3,3,3,3,3,3,3,2,2,2,2,2,2,2,2,2,,,,Other,,,,washu,0,,0,0,,0.085714286,"['QID1', 'QID13', 'QID62']",Midwest,7,99,3
93,7/25/23 21:15,7/25/23 21:19,0,99.27.231.48,100,235,1,7/25/23 21:19,R_22VvC1r84TcPmqq,,,,,38.6101,-90.56,anonymous,EN,5,5,5,3,2,2,2,2,3,1,2,4,2,4,4,4,5,2,4,4,7,4,5,5,5,5,5,5,5,5,5,,,,Hepatopancreaticobiliary Surgery,,1,,washu,0,,0,0,,0.057142857,"['QID1', 'QID13']",Midwest,7,99,2
94,7/26/23 5:24,7/26/23 5:28,0,172.254.26.166,100,237,1,7/26/23 5:28,R_2bZBslerj3DMla2,,,,,40.6955,-73.9667,anonymous,EN,5,5,5,1,1,1,4,4,5,1,5,4,7,5,1,1,7,2,5,5,5,1,2,2,2,2,2,1,2,2,2,,,,Cardiac Surgery,,6,,washu,0,,0,0,,0.057142857,"['QID1', 'QID13']",Midwest,7,99,2
96,7/26/23 7:05,7/26/23 7:11,0,128.252.154.2,100,324,1,7/26/23 7:11,R_UhFGPOiFQyiD7lD,,,,,38.6433,-90.2575,anonymous,EN,3,2,3,1,1,1,5,3,2,1,5,1,7,7,7,7,7,7,4,7,7,7,1,1,1,3,1,1,1,1,1,,,,Surgical Oncology,Department Chair,23,,washu,0,,0,0,,0.028571429,['QID13'],Midwest,7,99,1
97,7/26/23 7:43,7/26/23 7:48,0,128.252.212.204,100,277,1,7/26/23 7:48,R_2txR0mP9V8dA351,,,,,38.662,-90.2889,anonymous,EN,5,5,5,2,2,2,4,3,3,3,2,3,4,3,3,4,5,5,5,7,5,3,3,3,3,4,2,2,3,4,1,,,,Transplant Surgery,Program Director (or Assistant Program Director),1,,washu,0,,0,0,,0.028571429,['QID13'],Midwest,7,99,1
98,7/26/23 9:22,7/26/23 9:26,0,128.252.34.131,100,284,1,7/26/23 9:26,R_2anudYeXDJQ6Zsu,,,,,38.6364,-90.1985,anonymous,EN,2,4,3,1,1,1,4,4,4,3,3,2,4,4,4,4,7,2,4,1,7,7,4,4,4,4,4,1,3,3,3,,,,Pediatric Surgery,,6,,washu,0,,0,0,,0.057142857,"['QID1', 'QID13']",Midwest,7,99,2
99,7/26/23 9:46,7/26/23 9:50,0,128.252.34.131,100,256,1,7/26/23 9:50,R_2CE2cX0g5eeVA13,,,,,38.6364,-90.1985,anonymous,EN,2,2,3,3,2,1,4,4,3,4,4,2,2,2,5,5,3,3,2,3,5,4,2,2,4,4,2,1,2,2,2,,,,Pediatric Surgery,Program Director (or Assistant Program Director),26,,washu,0,,0,0,,0.028571429,['QID13'],Midwest,7,99,1
100,7/26/23 9:47,7/26/23 9:51,0,128.252.34.130,100,237,1,7/26/23 9:51,R_2ro1PARHbeh2GrX,,,,,38.6364,-90.1985,anonymous,EN,4,4,4,1,1,1,3,3,5,3,3,2,3,4,4,4,4,4,4,5,4,4,3,4,4,4,4,4,4,4,4,,,,"Abdominal Wall/Hernia Surgery,Acute Care Surgery/Emergency General Surgery,Bariatric/Minimally Invasive Surgery,Breast Surgery,Colon and Rectal Surgery,Endocrine Surgery,Hepatopancreaticobiliary Surgery,Pediatric Surgery",,32,Provocative questions. Great ideas!,washu,0,,0,0,,0.028571429,['QID1'],Midwest,7,99,1
101,7/26/23 9:57,7/26/23 10:01,0,107.122.93.136,100,263,1,7/26/23 10:01,R_Qh1HxO1KFRChkYN,,,,,39.7413,-86.1524,anonymous,EN,3,4,5,1,2,2,5,5,2,4,4,1,5,4,3,3,5,5,4,3,4,3,5,3,5,1,4,1,1,3,1,,,,"Abdominal Wall/Hernia Surgery,Acute Care Surgery/Emergency General Surgery",,20,,washu,0,,0,0,,0.057142857,"['QID1', 'QID13']",Midwest,7,99,2
103,7/26/23 10:45,7/26/23 11:40,0,172.59.169.236,100,3248,1,7/26/23 11:40,R_XOpigBJlgrfT6W5,,,,,38.5753,-90.2651,anonymous,EN,4,2,3,3,2,2,4,4,3,5,2,3,3,4,5,5,4,2,4,2,7,4,5,4,5,3,5,2,3,3,5,,,,"Abdominal Wall/Hernia Surgery,Hepatopancreaticobiliary Surgery",Program Director (or Assistant Program Director),16,,washu,0,,0,0,,0.028571429,['QID13'],Midwest,7,99,1
104,7/26/23 20:05,7/26/23 20:18,0,173.23.212.40,100,763,1,7/26/23 20:18,R_3KxsI7XvqtYgZwK,,,,,30.3659,-86.2458,anonymous,EN,1,2,2,3,1,2,5,5,4,3,3,3,4,4,5,4,3,1,1,7,7,2,4,2,4,2,1,1,1,1,1,,,,Vascular Surgery,,20,"Many of these questions would be better written if more key information were included. For example, ""I would be willing to reduce items on my usual preference cards""... yes, but with the caveat that that the items removed from the pared-down preference list remained immediately available in the OR suite. if you don't include the latter information, you are biasing response patterns.",washu,0,,0,0,,0.028571429,['QID1'],Midwest,7,99,1
105,7/26/23 7:08,7/26/23 21:33,0,75.7.114.114,100,51909,1,7/26/23 21:33,R_3Ed8uhovlsRVJYq,,,,,38.617,-90.2566,anonymous,EN,5,4,5,3,1,1,5,4,5,3,5,4,5,5,5,5,5,4,5,3,3,3,5,2,4,3,4,3,5,2,4,,,,"Abdominal Wall/Hernia Surgery,Acute Care Surgery/Emergency General Surgery,Bariatric/Minimally Invasive Surgery,Breast Surgery,Cardiac Surgery,Colon and Rectal Surgery,Endocrine Surgery,Hepatopancreaticobiliary Surgery,Pediatric Surgery,Surgical Oncology,Vascular Surgery,Thoracic Surgery,Trauma Surgery/Critical Care",,2,,washu,0,,0,0,,0.057142857,"['QID1', 'QID13']",Midwest,7,99,2
106,7/31/23 5:48,7/31/23 5:53,0,64.223.176.178,100,315,1,7/31/23 5:53,R_1IF3PLpW5nl93hx,,,,,40.726,-73.848,anonymous,EN,3,3,4,1,2,1,3,2,4,4,2,1,2,2,4,7,5,3,2,7,7,5,2,2,2,2,1,2,1,1,1,,,,Colon and Rectal Surgery,,,,washu,0,,0,0,,0.085714286,"['QID1', 'QID13', 'QID62']",Midwest,7,99,3
107,7/31/23 8:48,7/31/23 8:54,0,128.252.210.2,100,340,1,7/31/23 8:54,R_2U478FaHpQOHa2o,,,,,38.617,-90.2566,anonymous,EN,3,2,2,1,1,1,5,5,2,4,4,2,3,5,2,5,5,3,5,7,3,5,3,2,4,3,1,3,2,1,1,,,,"Acute Care Surgery/Emergency General Surgery,Trauma Surgery/Critical Care",,,"I'm quite willing to switch from disposable instruments to reusable items as long as the quality and safety is similar.  Also, it's not clear that the environmental impact of reusable items is less given the water and time and materials to clean them, I would like to have data concerning this to better inform my practice.  Additionally, as my operations are often time critical (ie major trauma), these would be more difficult to individually transition as in those cases I just need things fast.  ",washu,0,,0,0,,0.057142857,"['QID1', 'QID62']",Midwest,7,99,2
117,8/17/23 7:53,8/17/23 7:58,0,159.251.152.221,100,300,1,8/17/23 7:58,R_1pRNL8T5PVyxJpN,,,,,38.617,-90.2566,anonymous,EN,4,4,4,3,3,2,4,2,4,4,3,4,3,3,3,3,4,4,7,7,7,7,5,5,5,5,5,5,5,5,5,,,,Colon and Rectal Surgery,,21,,washu,0,,0,0,,0.057142857,"['QID1', 'QID13']",Midwest,7,99,2
118,8/17/23 8:09,8/17/23 8:13,0,172.58.243.134,100,215,1,8/17/23 8:13,R_27g94Yk2FuhSI2v,,,,,39.2889,-76.623,anonymous,EN,5,5,5,5,4,5,5,5,3,5,1,5,5,4,5,5,5,5,5,7,7,7,5,5,5,5,5,5,5,5,5,,,,Acute Care Surgery/Emergency General Surgery,,18,,washu,0,,0,0,,0.057142857,"['QID1', 'QID13']",Midwest,7,99,2
119,8/17/23 9:06,8/17/23 9:10,0,128.252.210.3,100,267,1,8/17/23 9:10,R_32JhyFZbxUbckic,,,,,38.617,-90.2566,anonymous,EN,3,2,3,1,1,1,4,3,3,4,2,2,3,3,4,4,4,3,5,4,4,4,3,3,3,3,3,3,3,3,3,,,,"Abdominal Wall/Hernia Surgery,Acute Care Surgery/Emergency General Surgery,Endocrine Surgery",,4,No additional comments. ,washu,0,,0,0,,0.028571429,['QID1'],Midwest,7,99,1
120,8/17/23 9:14,8/17/23 9:17,0,128.252.210.1,100,129,1,8/17/23 9:17,R_2SBo2pr43xXI7gm,,,,,38.617,-90.2566,anonymous,EN,3,2,3,2,2,2,3,3,4,3,3,2,4,4,4,4,4,4,4,4,4,4,1,1,3,3,1,1,1,1,1,,,,Cardiac Surgery,,11,,washu,0,,0,0,,0.057142857,"['QID1', 'QID13']",Midwest,7,99,2
121,8/17/23 9:16,8/17/23 9:20,0,128.252.154.8,100,260,1,8/17/23 9:20,R_0NBvYPFGDwGKwcF,,,,,38.6433,-90.2575,anonymous,EN,4,5,4,1,2,2,4,3,2,5,3,2,4,5,5,5,5,3,2,7,5,2,3,3,4,2,1,1,3,2,2,,,,Bariatric/Minimally Invasive Surgery,,4,,washu,0,,0,0,,0.057142857,"['QID1', 'QID13']",Midwest,7,99,2
122,8/17/23 9:47,8/17/23 9:53,0,128.252.210.2,100,317,1,8/17/23 9:53,R_2fvRJknFO6JgrEs,,,,,38.617,-90.2566,anonymous,EN,3,3,3,2,2,2,4,4,3,4,2,2,5,5,5,5,5,5,3,7,5,5,5,5,5,4,5,4,3,3,3,,,,Trauma Surgery/Critical Care,,10,,washu,0,,0,0,,0.057142857,"['QID1', 'QID13']",Midwest,7,99,2
123,8/17/23 10:35,8/17/23 10:37,0,159.251.152.31,100,99,1,8/17/23 10:37,R_2rCkgOkh9r4mZTu,,,,,38.617,-90.2566,anonymous,EN,3,3,3,3,3,3,3,3,3,3,3,3,3,3,3,3,3,3,3,3,3,3,3,3,3,3,3,3,3,3,3,,,,Hepatopancreaticobiliary Surgery,,5,,washu,0,,0,0,,0.057142857,"['QID1', 'QID13']",Midwest,7,99,2
124,8/17/23 11:50,8/17/23 11:56,0,73.119.71.65,100,379,1,8/17/23 11:56,R_3I3ujBMAXA1w50G,,,,,43.1888,-70.8868,anonymous,EN,5,5,4,2,1,1,4,4,5,1,2,5,4,5,5,5,5,4,5,3,5,4,5,5,5,5,5,3,3,3,4,,,,"Abdominal Wall/Hernia Surgery,Acute Care Surgery/Emergency General Surgery,Bariatric/Minimally Invasive Surgery,Trauma Surgery/Critical Care",,12,"I comment to the room about the huge amount of waste that goes into every case and never know what I can do personally to reduce this. I am glad that the amount of medical waste, specifically surgery, is being investigated and addressed.",washu,0,,0,0,,0.028571429,['QID1'],Midwest,7,99,1
125,8/17/23 17:02,8/17/23 17:06,0,128.252.210.1,100,267,1,8/17/23 17:06,R_2OQ5s6sOHgYS7E2,,,,,38.617,-90.2566,anonymous,EN,3,3,3,3,1,2,4,4,3,4,2,3,5,5,4,4,4,3,3,2,1,5,3,3,4,4,2,2,2,2,2,,,,Colon and Rectal Surgery,,1,,washu,0,,0,0,,0.057142857,"['QID1', 'QID13']",Midwest,7,99,2
126,8/17/23 17:29,8/17/23 17:34,0,166.182.85.166,100,325,1,8/17/23 17:34,R_3r0BFqeVcWKjckD,,,,,38.5774,-90.6709,anonymous,EN,2,3,3,3,1,2,5,3,2,4,2,2,3,3,1,3,4,4,3,7,3,5,3,3,3,3,3,3,3,3,3,,,,Transplant Surgery,,1,,washu,0,,0,0,,0.057142857,"['QID1', 'QID13']",Midwest,7,99,2
127,8/17/23 20:55,8/17/23 21:12,0,24.107.18.195,100,1039,1,8/17/23 21:12,R_3nTmUri7WoL1aOw,,,,,38.6287,-90.1988,anonymous,EN,5,5,4,3,2,2,5,5,3,4,2,5,7,7,3,4,7,2,7,7,7,5,2,3,1,2,1,2,3,3,3,,,,"Abdominal Wall/Hernia Surgery,Endocrine Surgery",,26,THank you,washu,0,,0,0,,0.028571429,['QID1'],Midwest,7,99,1
128,8/18/23 11:54,8/18/23 11:58,0,128.252.154.3,100,229,1,8/18/23 11:58,R_2dvbzONLMKjJHgn,,,,,38.6433,-90.2575,anonymous,EN,4,4,4,1,1,1,5,5,2,4,3,2,4,4,3,2,5,4,4,7,7,7,4,4,5,5,3,2,3,3,3,,,,Transplant Surgery,,1,Thanks for efforts in this area!,washu,0,,0,0,,0.028571429,['QID1'],Midwest,7,99,1
135,6/8/23 13:40,6/8/23 15:58,0,206.208.217.34,100,8274,1,6/8/23 15:58,R_saQqkPLD6gCzE2t,,,,,43.5235,-96.7385,anonymous,EN,4,4,3,2,1,1,5,5,5,2,2,1,7,5,5,5,7,7,7,5,7,7,5,5,5,4,4,1,5,5,5,,,,Surgical Oncology,,10,,und,0,,0,0,,0.057142857,"['QID1', 'QID13']",Midwest,8,11,2
136,7/20/23 21:35,7/20/23 21:40,0,24.111.216.243,100,297,1,7/20/23 21:40,R_1DZJ8RKyRh2ysE0,,,,,47.9292,-97.0342,anonymous,EN,4,4,3,4,1,2,5,4,2,2,5,2,4,4,4,4,4,3,2,7,7,4,3,3,4,3,3,1,2,2,2,,,,"Abdominal Wall/Hernia Surgery,Acute Care Surgery/Emergency General Surgery,Trauma Surgery/Critical Care",,30,,und,0,,0,0,,0.057142857,"['QID1', 'QID13']",Midwest,8,11,2
138,7/31/23 14:16,7/31/23 14:26,0,174.199.39.253,100,576,1,7/31/23 14:26,R_2BfXzIypRtLQHZb,,,,,44.7601,-93.2748,anonymous,EN,2,3,3,2,1,2,3,2,2,1,2,2,3,2,2,2,4,4,3,4,4,4,3,3,3,3,3,3,1,1,1,,,,"Abdominal Wall/Hernia Surgery,Acute Care Surgery/Emergency General Surgery,Colon and Rectal Surgery",,12,,und,0,,0,0,,0.057142857,"['QID1', 'QID13']",Midwest,8,11,2
139,8/1/23 7:34,8/1/23 7:38,0,24.111.216.243,100,267,1,8/1/23 7:38,R_1isL5iRRCMcEYrR,,,,,47.9292,-97.0342,anonymous,EN,3,3,3,3,2,1,5,4,2,2,5,1,5,4,5,5,5,5,3,5,5,4,4,4,4,,2,1,2,2,3,,,,"Abdominal Wall/Hernia Surgery,Acute Care Surgery/Emergency General Surgery,Trauma Surgery/Critical Care",,40,,und,0,,0,0,,0.085714286,"['QID1', 'QID13', 'QID52']",Midwest,8,11,3
140,8/1/23 13:48,8/1/23 13:52,0,206.208.217.30,100,190,1,8/1/23 13:52,R_QhNnooIIztQ2ZlD,,,,,43.5229,-96.786,anonymous,EN,4,4,4,2,2,3,3,2,4,3,1,3,4,3,3,2,5,4,4,5,7,5,4,4,4,4,4,4,4,4,4,,,,Acute Care Surgery/Emergency General Surgery,,5,,und,0,,0,0,,0.057142857,"['QID1', 'QID13']",Midwest,8,11,2
141,8/3/23 11:15,8/3/23 11:18,0,206.208.217.37,100,137,1,8/3/23 11:18,R_10UaOW7xBXiXL5G,,,,,46.7952,-96.8332,anonymous,EN,2,2,2,2,1,1,4,4,2,4,2,1,3,4,1,4,3,2,3,2,2,1,2,1,2,3,1,1,1,2,1,,,,"Acute Care Surgery/Emergency General Surgery,Trauma Surgery/Critical Care",Program Director (or Assistant Program Director),15,,und,0,,0,0,,0.028571429,['QID13'],Midwest,8,11,1
145,7/21/23 12:00,7/21/23 12:04,0,168.91.168.139,100,248,1,7/21/23 12:04,R_2EF4VCSzAejGddJ,,,,,40.595,-75.5289,anonymous,EN,4,4,4,3,1,1,4,4,5,1,4,4,3,4,1,1,7,5,5,7,7,3,3,3,3,3,3,3,1,3,3,,,,"Abdominal Wall/Hernia Surgery,Acute Care Surgery/Emergency General Surgery,Trauma Surgery/Critical Care",Program Director (or Assistant Program Director),21,,lehigh,0,,0,0,,0.028571429,['QID13'],Northeast,3,55,1
146,7/21/23 12:30,7/21/23 12:34,0,24.115.194.237,100,278,1,7/21/23 12:34,R_1l9JWGNAOhwXL8A,,,,,40.5384,-75.4293,anonymous,EN,5,4,4,1,1,1,2,3,5,4,5,4,2,5,5,5,5,5,5,7,7,5,5,5,5,1,5,2,2,2,3,,,,Pediatric Surgery,,14,Great study!!!,lehigh,0,,0,0,,0.028571429,['QID1'],Northeast,3,55,1
147,7/21/23 12:01,7/21/23 12:35,0,209.50.141.57,100,2048,1,7/21/23 12:35,R_1rxAih9TOpteG5G,,,,,40.5885,-75.4642,anonymous,EN,3,3,4,2,2,3,4,3,3,3,3,3,3,2,2,2,3,3,3,3,3,3,3,3,3,3,3,3,3,3,3,,,,Acute Care Surgery/Emergency General Surgery,,1,,lehigh,0,,0,0,,0.057142857,"['QID1', 'QID13']",Northeast,3,55,2
148,7/21/23 12:40,7/21/23 12:44,0,209.50.141.57,100,279,1,7/21/23 12:44,R_2dviQmjAazqFaQo,,,,,40.5885,-75.4642,anonymous,EN,3,1,3,1,1,1,4,4,5,5,3,1,3,4,2,7,7,1,1,7,7,1,4,4,4,4,3,3,3,2,3,,,,Pediatric Surgery,,18,,lehigh,0,,0,0,,0.057142857,"['QID1', 'QID13']",Northeast,3,55,2
149,7/21/23 12:44,7/21/23 12:48,0,107.77.203.22,100,207,1,7/21/23 12:48,R_2Vlj7rUE9JqtOd2,,,,,40.0146,-75.7136,anonymous,EN,5,5,5,1,1,1,5,5,5,1,5,5,7,7,5,5,5,5,5,2,7,7,5,5,5,1,1,1,1,1,1,,,,"Abdominal Wall/Hernia Surgery,Acute Care Surgery/Emergency General Surgery,Trauma Surgery/Critical Care",,16,Great concepts.  This is a long time coming.  Thanks!,lehigh,0,,0,0,,0.028571429,['QID1'],Northeast,3,55,1
150,7/21/23 13:12,7/21/23 13:17,0,167.12.22.201,100,329,1,7/21/23 13:17,R_1gRvKfCTUXixOEb,,,,,40.5885,-75.4642,anonymous,EN,3,3,3,3,1,1,4,4,4,3,2,1,3,3,5,7,5,2,1,1,3,5,4,4,5,3,4,3,1,1,1,,,,Vascular Surgery,,25,,lehigh,0,,0,0,,0.057142857,"['QID1', 'QID13']",Northeast,3,55,2
151,7/21/23 13:01,7/21/23 14:02,0,216.164.139.32,100,3666,1,7/21/23 14:02,R_XzhJVEHKpVJNZpn,,,,,40.6366,-75.4405,anonymous,EN,5,3,5,3,1,3,4,4,3,2,4,3,4,2,3,3,4,2,2,1,2,3,2,1,2,1,2,1,1,1,1,,,,"Abdominal Wall/Hernia Surgery,Acute Care Surgery/Emergency General Surgery,Colon and Rectal Surgery,Hepatopancreaticobiliary Surgery",Program Director (or Assistant Program Director),12,,lehigh,0,,0,0,,0.028571429,['QID13'],Northeast,3,55,1
152,7/21/23 17:33,7/21/23 17:40,0,64.121.53.223,100,387,1,7/21/23 17:40,R_1imx1MSykMkrOom,,,,,40.595,-75.5289,anonymous,EN,4,5,4,3,2,2,4,3,4,3,4,5,4,3,5,7,4,3,5,7,5,7,4,4,3,3,3,1,1,1,3,,,,"Abdominal Wall/Hernia Surgery,Acute Care Surgery/Emergency General Surgery,Endocrine Surgery",,11,,lehigh,0,,0,0,,0.057142857,"['QID1', 'QID13']",Northeast,3,55,2
153,7/23/23 8:14,7/23/23 8:21,0,24.115.237.131,100,401,1,7/23/23 8:21,R_2cdSJKOOxBslwUk,,,,,40.6539,-75.7457,anonymous,EN,2,3,3,3,1,2,5,5,3,3,2,2,5,5,3,5,4,3,4,5,4,4,4,2,3,3,2,1,2,2,2,,,,"Acute Care Surgery/Emergency General Surgery,Trauma Surgery/Critical Care",,2,,lehigh,0,,0,0,,0.057142857,"['QID1', 'QID13']",Northeast,3,55,2
154,7/23/23 13:43,7/23/23 13:46,0,167.12.23.201,100,191,1,7/23/23 13:46,R_1eWrKoksiLibRej,,,,,40.5538,-75.6514,anonymous,EN,3,3,3,3,3,3,3,3,3,4,3,3,4,4,5,5,5,5,5,1,5,5,2,3,2,4,3,1,2,2,2,,,,Vascular Surgery,Program Director (or Assistant Program Director),15,,lehigh,0,,0,0,,0.028571429,['QID13'],Northeast,3,55,1
155,7/24/23 8:15,7/24/23 8:24,0,167.12.22.201,100,511,1,7/24/23 8:24,R_Zt98xiUdY2M5kcN,,,,,40.5885,-75.4642,anonymous,EN,4,4,4,4,4,4,5,5,4,4,3,2,7,7,3,7,5,5,1,8,7,1,1,1,2,4,1,1,1,1,3,,,,"Acute Care Surgery/Emergency General Surgery,Plastics Surgery,Trauma Surgery/Critical Care",,25,Sustainability and patient safety regulations conflict. How about just getting rid of expiration dates on medical equipment and disposables? Instead put something like :suggested usage by...,lehigh,0,,0,0,,0.028571429,['QID1'],Northeast,3,55,1
156,7/25/23 10:48,7/25/23 11:02,0,167.12.22.201,100,840,1,7/25/23 11:02,R_3nkeXM71TuGtXY7,,,,,40.5885,-75.4642,anonymous,EN,4,4,3,1,1,1,4,3,5,2,4,3,4,4,1,3,5,4,5,4,5,5,5,4,5,4,4,3,4,4,4,,,,Bariatric/Minimally Invasive Surgery,,17,Having computer access to our own preference card with ability to make alterations via check box and see other's preferences would be helpful.,lehigh,0,,0,0,,0.028571429,['QID1'],Northeast,3,55,1
160,8/1/23 11:46,8/1/23 11:49,0,167.12.22.201,100,183,1,8/1/23 11:49,R_dbX201lruYaENR7,,,,,40.5885,-75.4642,anonymous,EN,3,2,3,2,1,3,3,4,1,4,3,2,3,3,1,3,3,1,2,7,7,3,5,1,5,1,2,1,1,1,1,,,,"Abdominal Wall/Hernia Surgery,Acute Care Surgery/Emergency General Surgery,Trauma Surgery/Critical Care",,4,,lehigh,0,,0,0,,0.057142857,"['QID1', 'QID13']",Northeast,3,55,2
163,10/5/23 8:06,10/5/23 8:09,0,209.50.141.57,100,201,1,10/5/23 8:10,R_1dF7UgUeUGWovLZ,,,,,40.6027,-75.4778,anonymous,EN,3,3,4,3,1,2,4,4,1,4,4,3,7,7,3,7,3,1,2,1,3,7,4,2,3,1,2,2,1,1,2,,,,"Abdominal Wall/Hernia Surgery,Acute Care Surgery/Emergency General Surgery",Program Director (or Assistant Program Director),,,lehigh,0,,0,0,,0.057142857,"['QID13', 'QID62']",Northeast,3,55,2
164,10/5/23 10:13,10/5/23 10:24,0,167.12.22.201,100,671,1,10/5/23 10:24,R_BS1ZehVXZKWIKv7,,,,,40.522,-75.5545,anonymous,EN,3,3,3,1,3,1,4,4,3,3,2,4,5,5,5,5,5,3,1,5,5,5,5,5,5,2,3,1,2,2,4,,,,Trauma Surgery/Critical Care,,25,,lehigh,0,,0,0,,0.057142857,"['QID1', 'QID13']",Northeast,3,55,2
165,10/5/23 10:40,10/5/23 10:47,0,167.12.22.201,100,364,1,10/5/23 10:47,R_1Cm9yIGMYwVkuSe,,,,,40.522,-75.5545,anonymous,EN,5,5,5,3,2,1,4,4,4,1,3,5,4,4,2,4,5,4,5,4,7,3,5,5,5,3,3,2,2,2,1,,,,"Abdominal Wall/Hernia Surgery,Endocrine Surgery,Hepatopancreaticobiliary Surgery,Surgical Oncology,Transplant Surgery",Program Director (or Assistant Program Director),11,,lehigh,0,,0,0,,0.028571429,['QID13'],Northeast,3,55,1
166,10/5/23 11:10,10/5/23 11:13,0,167.12.22.201,100,185,1,10/5/23 11:13,R_xEZj3pUGXDMZIfT,,,,,40.522,-75.5545,anonymous,EN,5,5,4,1,1,1,4,4,4,3,4,2,5,5,5,5,5,5,5,7,5,3,2,2,2,2,2,2,3,3,3,,,,Pediatric Surgery,Program Director (or Assistant Program Director),7,,lehigh,0,,0,0,,0.028571429,['QID13'],Northeast,3,55,1
169,10/12/23 11:30,10/12/23 11:35,0,167.12.22.201,100,303,1,10/12/23 11:35,R_2UWpCS5RBPaA3Iv,,,,,40.625,-75.3953,anonymous,EN,3,4,3,5,2,2,4,5,4,4,5,2,4,4,1,7,5,3,2,7,7,7,2,2,4,4,5,2,2,4,5,,,,"Acute Care Surgery/Emergency General Surgery,Pediatric Surgery,Plastics Surgery",,22,,lehigh,0,,0,0,,0.057142857,"['QID1', 'QID13']",Northeast,3,55,2
170,10/16/23 8:36,10/16/23 8:41,0,167.12.22.201,100,292,1,10/16/23 8:41,R_2ZK4wuIarxnJyB9,,,,,40.625,-75.3953,anonymous,EN,3,4,5,3,1,3,4,2,5,4,5,5,4,2,1,1,1,1,1,2,4,2,3,3,4,2,3,2,3,3,3,,,,"Abdominal Wall/Hernia Surgery,Acute Care Surgery/Emergency General Surgery,Colon and Rectal Surgery,Trauma Surgery/Critical Care",,12,,lehigh,0,,0,0,,0.057142857,"['QID1', 'QID13']",Northeast,3,55,2
171,6/11/23 9:38,6/11/23 9:42,0,173.48.197.184,100,206,1,6/11/23 9:42,R_Ua86DkiyOqbCBSp,,,,,42.3935,-71.1836,anonymous,EN,5,5,4,1,1,1,3,5,5,1,5,1,5,7,5,5,5,5,5,7,7,5,5,5,5,5,5,5,3,5,5,,,,"Abdominal Wall/Hernia Surgery,Acute Care Surgery/Emergency General Surgery,Bariatric/Minimally Invasive Surgery,Endocrine Surgery",,32,,lahey,0,,0,0,,0.057142857,"['QID1', 'QID13']",Northeast,1,38,2
172,6/11/23 9:47,6/11/23 9:50,0,24.63.203.105,100,208,1,6/11/23 9:50,R_3kH69Vk2aGDnz1m,,,,,42.4567,-71.3747,anonymous,EN,4,4,4,1,1,1,5,5,5,4,4,1,5,5,5,5,5,5,5,5,7,7,5,5,5,1,1,1,1,1,1,,,,"Acute Care Surgery/Emergency General Surgery,Trauma Surgery/Critical Care",,,,lahey,0,,0,0,,0.085714286,"['QID1', 'QID13', 'QID62']",Northeast,1,38,3
173,6/11/23 10:19,6/11/23 10:24,0,72.74.42.28,100,326,1,6/11/23 10:24,R_2cthvSPZIZMn7y6,,,,,42.6508,-71.1607,anonymous,EN,4,4,3,3,1,1,4,3,4,4,3,2,5,3,5,5,4,4,3,7,5,4,4,4,4,2,3,2,3,3,4,,,,"Abdominal Wall/Hernia Surgery,Acute Care Surgery/Emergency General Surgery,Bariatric/Minimally Invasive Surgery,Colon and Rectal Surgery",,6,,lahey,0,,0,0,,0.057142857,"['QID1', 'QID13']",Northeast,1,38,2
174,6/12/23 5:39,6/12/23 5:44,0,163.116.144.32,100,284,1,6/12/23 5:44,R_22P4uoBqFw6AaB9,,,,,42.3562,-71.0631,anonymous,EN,3,4,3,3,1,2,4,4,4,3,1,3,5,4,5,5,5,3,5,7,7,4,1,1,1,1,1,1,1,1,1,,,,"Abdominal Wall/Hernia Surgery,Acute Care Surgery/Emergency General Surgery,Trauma Surgery/Critical Care",,15,"major barrier is institutional culture, at large, and in each department",lahey,0,,0,0,,0.028571429,['QID1'],Northeast,1,38,1
176,6/12/23 13:01,6/12/23 13:04,0,163.116.144.32,100,153,1,6/12/23 13:04,R_PML7XAVKkG0hh4d,,,,,42.3562,-71.0631,anonymous,EN,4,3,4,2,1,2,4,4,4,3,5,3,5,5,4,4,5,4,5,7,7,4,5,5,5,3,4,3,4,4,5,,,,"Abdominal Wall/Hernia Surgery,Acute Care Surgery/Emergency General Surgery,Bariatric/Minimally Invasive Surgery,Colon and Rectal Surgery",,3,,lahey,0,,0,0,,0.057142857,"['QID1', 'QID13']",Northeast,1,38,2
177,6/13/23 13:05,6/13/23 13:09,0,163.116.144.34,100,274,1,6/13/23 13:09,R_2YtxNvN5s0w2l7N,,,,,42.3562,-71.0631,anonymous,EN,5,3,3,3,1,3,3,5,4,4,4,1,5,5,1,4,5,5,4,7,5,1,3,3,3,2,3,1,2,2,3,,,,Vascular Surgery,Department Chair,35,,lahey,0,,0,0,,0.028571429,['QID13'],Northeast,1,38,1
178,6/13/23 14:07,6/13/23 14:16,0,199.172.223.187,100,528,1,6/13/23 14:16,R_12a6fhI3OGX81SR,,,,,32.2952,-64.7846,anonymous,EN,4,4,4,1,1,2,3,3,4,2,4,3,4,3,4,4,4,3,4,1,4,1,4,4,4,4,4,2,4,4,4,,,,Vascular Surgery,,30,,lahey,0,,0,0,,0.057142857,"['QID1', 'QID13']",Northeast,1,38,2
179,6/13/23 14:35,6/13/23 14:42,0,163.116.144.39,100,430,1,6/13/23 14:42,R_3PjouE8FUpWk7pt,,,,,42.3562,-71.0631,anonymous,EN,5,5,5,5,2,1,4,4,4,5,5,4,5,7,5,5,7,4,5,7,7,7,5,5,5,5,5,5,5,5,5,,,,Colon and Rectal Surgery,Department Chair,25,,lahey,0,,0,0,,0.028571429,['QID13'],Northeast,1,38,1
180,6/13/23 16:23,6/13/23 16:25,0,107.115.17.13,100,116,1,6/13/23 16:25,R_1Fetqvf0h3BMHy6,,,,,41.5382,-72.8008,anonymous,EN,4,5,4,4,4,4,3,4,4,3,4,3,4,3,3,3,3,3,4,4,4,4,4,4,4,4,4,4,3,4,4,,,,Vascular Surgery,,12,,lahey,0,,0,0,,0.057142857,"['QID1', 'QID13']",Northeast,1,38,2
181,6/13/23 17:28,6/13/23 17:33,0,74.104.184.134,100,272,1,6/13/23 17:33,R_1od3OOTbbIE08m3,,,,,42.4571,-71.221,anonymous,EN,5,3,4,2,1,2,5,5,5,4,3,4,3,3,1,1,7,7,5,7,7,5,5,4,5,1,2,1,1,1,2,,,,Vascular Surgery,,3,,lahey,0,,0,0,,0.057142857,"['QID1', 'QID13']",Northeast,1,38,2
182,6/14/23 4:53,6/14/23 4:57,0,174.197.68.178,100,202,1,6/14/23 4:57,R_6LQTpDF99cMnTgZ,,,,,32.7767,-96.805,anonymous,EN,4,5,4,5,2,2,5,4,5,3,3,3,7,7,3,4,5,5,5,7,7,2,5,5,5,5,5,2,4,5,5,,,,Vascular Surgery,"Department Chair,Program Director (or Assistant Program Director)",30,,lahey,0,,0,0,,0.028571429,['QID13'],Northeast,1,38,1
183,6/14/23 7:39,6/14/23 7:42,0,163.116.144.33,100,170,1,6/14/23 7:42,R_3JsVq4SxhJ7N77Q,,,,,42.3562,-71.0631,anonymous,EN,1,3,1,1,1,1,1,1,2,4,3,1,1,1,1,1,1,1,1,1,1,1,1,1,1,1,1,1,1,1,1,,,,"Abdominal Wall/Hernia Surgery,Acute Care Surgery/Emergency General Surgery,Breast Surgery,Endocrine Surgery,Surgical Oncology",,,,lahey,0,,0,0,,0.085714286,"['QID1', 'QID13', 'QID62']",Northeast,1,38,3
184,6/14/23 12:42,6/14/23 12:46,0,163.116.144.39,100,235,1,6/14/23 12:46,R_24AfEtMwZ73MYRj,,,,,42.3562,-71.0631,anonymous,EN,5,5,5,5,1,1,5,4,4,3,5,5,5,7,5,5,5,5,5,4,7,5,5,4,5,5,5,2,5,5,5,,,,"Abdominal Wall/Hernia Surgery,Acute Care Surgery/Emergency General Surgery,Trauma Surgery/Critical Care",,10,,lahey,0,,0,0,,0.057142857,"['QID1', 'QID13']",Northeast,1,38,2
187,6/18/23 19:04,6/18/23 19:08,0,163.116.144.33,100,260,1,6/18/23 19:08,R_vHXlARDFRaRQBbj,,,,,42.3562,-71.0631,anonymous,EN,4,4,4,1,1,1,4,4,3,4,2,4,4,4,5,5,5,3,4,7,7,8,5,5,5,5,2,3,3,4,3,,,,Colon and Rectal Surgery,Program Director (or Assistant Program Director),10,,lahey,0,,0,0,,0.028571429,['QID13'],Northeast,1,38,1
188,6/19/23 9:38,6/19/23 9:41,0,163.116.144.32,100,232,1,6/19/23 9:41,R_38fWn4nWrwLvQgp,,,,,42.3562,-71.0631,anonymous,EN,4,3,3,2,2,2,3,3,3,2,3,3,3,3,4,3,5,3,5,7,7,3,2,2,2,2,2,2,3,3,3,,,,"Acute Care Surgery/Emergency General Surgery,Trauma Surgery/Critical Care",,31,,lahey,0,,0,0,,0.057142857,"['QID1', 'QID13']",Northeast,1,38,2
191,8/4/23 7:56,8/4/23 8:00,0,108.49.206.150,100,238,1,8/4/23 8:00,R_2BbUGsnbQxYXxvr,,,,,42.5826,-71.0949,anonymous,EN,4,4,4,2,1,1,3,3,3,4,3,3,4,2,5,5,4,2,2,7,7,1,1,3,1,3,1,1,3,3,3,,,,Transplant Surgery,,3,,lahey,0,,0,0,,0.057142857,"['QID1', 'QID13']",Northeast,1,38,2
192,8/4/23 9:46,8/4/23 9:51,0,172.56.192.7,100,276,1,8/4/23 9:51,R_1IMH4WuD0Xjmq12,,,,,42.3562,-71.0631,anonymous,EN,2,3,3,2,2,1,3,3,4,5,3,2,3,3,4,3,5,3,4,3,2,3,2,2,2,2,2,2,1,2,2,,,,Breast Surgery,,9,,lahey,0,,0,0,,0.057142857,"['QID1', 'QID13']",Northeast,1,38,2
193,8/4/23 10:47,8/4/23 10:54,0,163.116.144.45,100,428,1,8/4/23 10:54,R_25yfqWHHDPT4CVl,,,,,42.3562,-71.0631,anonymous,EN,5,5,5,4,1,2,4,4,5,5,4,4,7,5,4,5,4,4,5,7,4,3,5,5,5,4,4,1,1,3,3,,,,"Abdominal Wall/Hernia Surgery,Bariatric/Minimally Invasive Surgery",,40,,lahey,0,,0,0,,0.057142857,"['QID1', 'QID13']",Northeast,1,38,2
194,8/4/23 11:02,8/4/23 11:06,0,163.116.144.43,100,262,1,8/4/23 11:06,R_1CvU9wHF99YUsEB,,,,,42.3562,-71.0631,anonymous,EN,5,4,4,1,1,1,3,3,5,3,3,2,2,2,5,5,5,1,4,3,4,2,2,2,4,3,2,1,2,2,2,,,,Hepatopancreaticobiliary Surgery,Department Chair,25,,lahey,0,,0,0,,0.028571429,['QID13'],Northeast,1,38,1
195,8/4/23 11:57,8/4/23 12:02,0,185.104.139.34,100,256,1,8/4/23 12:02,R_1n1twXf2B48eqk6,,,,,40.7123,-74.0068,anonymous,EN,3,5,3,,2,2,4,5,5,4,5,4,7,7,5,5,4,7,5,5,7,3,4,3,4,3,5,3,2,4,4,,,,Vascular Surgery,"Department Chair,Program Director (or Assistant Program Director)",30,,lahey,0,,0,0,,0.057142857,"['QID13', 'QID28']",Northeast,1,38,2
196,8/5/23 12:53,8/5/23 13:00,0,76.19.110.118,100,384,1,8/5/23 13:00,R_UKkNGT4Bn95ORjP,,,,,41.2727,-70.0971,anonymous,EN,3,4,4,2,1,1,4,3,4,3,4,4,4,4,4,4,4,4,4,1,2,1,3,3,3,2,2,1,3,3,2,,,,Vascular Surgery,,30,,lahey,0,,0,0,,0.057142857,"['QID1', 'QID13']",Northeast,1,38,2
197,8/7/23 15:38,8/7/23 15:41,0,163.116.144.39,100,187,1,8/7/23 15:41,R_2Cy4ScFJIPWiAT4,,,,,42.3562,-71.0631,anonymous,EN,4,2,4,1,1,1,4,3,4,4,3,4,5,5,5,5,5,4,5,5,7,5,5,5,5,5,4,4,4,4,4,,,,Colon and Rectal Surgery,,3,,lahey,0,,0,0,,0.057142857,"['QID1', 'QID13']",Northeast,1,38,2
199,8/17/23 15:02,8/17/23 15:05,0,208.64.115.6,100,195,1,8/17/23 15:05,R_3EGajxIKH3YTubJ,,,,,42.5334,-70.9653,anonymous,EN,2,2,3,3,1,1,4,4,5,1,3,2,4,4,4,4,3,3,2,7,4,3,1,3,1,2,2,2,2,2,3,,,,"Abdominal Wall/Hernia Surgery,Acute Care Surgery/Emergency General Surgery",Department Chair,33,,lahey,0,,0,0,,0.028571429,['QID13'],Northeast,1,38,1
201,8/18/23 5:29,8/18/23 5:33,0,163.116.144.34,100,232,1,8/18/23 5:33,R_ThcMkgoJj9g2Vax,,,,,42.3562,-71.0631,anonymous,EN,4,3,4,1,1,1,4,5,5,4,4,2,4,4,3,5,5,4,1,7,5,1,2,2,4,2,3,1,2,2,3,,,,Vascular Surgery,Department Chair,35,,lahey,0,,0,0,,0.028571429,['QID13'],Northeast,1,38,1
204,7/31/23 9:47,7/31/23 9:50,0,98.211.58.24,100,179,1,7/31/23 9:50,R_1CBeSVh0Pbdmyxo,,,,,35.9787,-86.9134,anonymous,EN,3,4,3,3,2,2,4,3,4,4,3,2,7,4,4,5,4,7,3,4,7,2,4,1,4,1,4,1,1,1,1,,,,Abdominal Wall/Hernia Surgery,,30,,vanderbilt,0,,0,0,,0.057142857,"['QID1', 'QID13']",Southeast,4,88,2
205,7/31/23 9:47,7/31/23 9:51,0,160.129.250.142,100,230,1,7/31/23 9:51,R_10Ss4g1gSfQXL6w,,,,,36.1315,-86.8019,anonymous,EN,5,5,4,1,1,1,4,3,3,4,4,5,5,7,5,5,5,5,5,7,7,4,5,5,5,5,5,3,4,4,5,,,,"Hepatopancreaticobiliary Surgery,Surgical Oncology",,10,,vanderbilt,0,,0,0,,0.057142857,"['QID1', 'QID13']",Southeast,4,88,2
206,7/31/23 9:54,7/31/23 9:58,0,5.180.208.146,100,264,1,7/31/23 9:59,R_24pisG2hsqMH7ZY,,,,,33.7485,-84.3871,anonymous,EN,4,4,4,4,2,3,5,5,4,4,3,4,4,4,5,4,5,3,3,4,4,4,2,3,3,4,3,2,1,1,1,,,,Other,,40,,vanderbilt,0,,0,0,,0.057142857,"['QID1', 'QID13']",Southeast,4,88,2
207,7/31/23 10:03,7/31/23 10:06,0,98.240.80.27,100,192,1,7/31/23 10:06,R_1H8k9rFMhAow3Wx,,,,,36.0048,-86.7886,anonymous,EN,5,5,5,1,2,2,5,5,3,3,3,2,5,5,5,5,5,5,5,7,7,7,1,5,5,5,5,5,1,5,5,,,,Acute Care Surgery/Emergency General Surgery,,15,,vanderbilt,0,,0,0,,0.057142857,"['QID1', 'QID13']",Southeast,4,88,2
208,7/31/23 10:05,7/31/23 10:12,0,160.129.250.163,100,400,1,7/31/23 10:12,R_3ew21VBTSFHvZfG,,,,,36.1315,-86.8019,anonymous,EN,5,5,4,2,1,2,4,4,4,1,3,4,5,5,5,5,5,5,5,7,5,5,3,5,3,5,5,3,3,3,5,,,,Endocrine Surgery,Department Chair,22,,vanderbilt,0,,0,0,,0.028571429,['QID13'],Southeast,4,88,1
209,7/31/23 10:14,7/31/23 10:17,0,166.137.19.4,100,165,1,7/31/23 10:17,R_3qyqSUxKSDrEbv6,,,,,37.751,-97.822,anonymous,EN,3,3,4,2,1,1,4,4,4,1,5,2,7,4,5,5,5,5,5,4,8,2,5,5,5,3,1,2,3,2,2,,,,"Acute Care Surgery/Emergency General Surgery,Trauma Surgery/Critical Care",Program Director (or Assistant Program Director),7,,vanderbilt,0,,0,0,,0.028571429,['QID13'],Southeast,4,88,1
210,7/31/23 10:20,7/31/23 10:23,0,160.129.250.163,100,169,1,7/31/23 10:23,R_r3gOWTtVPw1MJNv,,,,,36.1315,-86.8019,anonymous,EN,3,4,3,3,1,1,5,3,4,1,5,4,7,3,4,4,7,7,4,7,7,7,4,4,4,4,4,4,4,4,2,,,,Colon and Rectal Surgery,,,,vanderbilt,0,,0,0,,0.085714286,"['QID1', 'QID13', 'QID62']",Southeast,4,88,3
211,7/31/23 10:19,7/31/23 10:24,0,160.129.251.200,100,336,1,7/31/23 10:24,R_12EBfLJeD9sfTrj,,,,,36.1315,-86.8019,anonymous,EN,5,5,4,1,1,1,5,4,3,4,2,3,4,5,5,5,5,7,5,3,7,5,5,5,5,5,5,5,5,5,5,,,,Colon and Rectal Surgery,,2,,vanderbilt,0,,0,0,,0.057142857,"['QID1', 'QID13']",Southeast,4,88,2
212,7/31/23 10:26,7/31/23 10:30,0,172.59.196.150,100,234,1,7/31/23 10:30,R_2dEYSAy8XxvLP15,,,,,32.7797,-96.8022,anonymous,EN,3,3,3,3,1,2,3,4,4,3,2,1,4,5,4,7,5,4,4,4,7,7,1,1,3,1,3,1,2,3,3,,,,"Acute Care Surgery/Emergency General Surgery,Trauma Surgery/Critical Care",,2,,vanderbilt,0,,0,0,,0.057142857,"['QID1', 'QID13']",Southeast,4,88,2
213,7/31/23 11:04,7/31/23 11:26,0,98.231.72.149,100,1318,1,7/31/23 11:26,R_3EcBXpXxH3Fao16,,,,,30.237,-81.3884,anonymous,EN,3,3,3,1,1,1,3,3,4,3,4,3,4,2,4,3,5,4,2,3,7,5,4,4,5,5,3,2,2,2,3,,,,Trauma Surgery/Critical Care,Program Director (or Assistant Program Director),,,vanderbilt,0,,0,0,,0.057142857,"['QID13', 'QID62']",Southeast,4,88,2
214,7/31/23 11:44,7/31/23 11:48,0,160.129.251.180,100,274,1,7/31/23 11:48,R_29gNMwwmgJRX8z7,,,,,36.1579,-86.8608,anonymous,EN,3,5,4,1,1,1,4,4,5,4,2,4,5,5,5,5,5,5,4,5,5,2,5,5,5,5,5,5,3,3,4,,,,Vascular Surgery,,25,,vanderbilt,0,,0,0,,0.057142857,"['QID1', 'QID13']",Southeast,4,88,2
215,7/31/23 13:04,7/31/23 13:15,0,160.129.250.150,100,694,1,7/31/23 13:15,R_eDUve5ckkd1fhpT,,,,,36.1315,-86.8019,anonymous,EN,4,4,4,2,1,1,2,4,3,3,5,1,4,4,5,7,4,5,5,7,7,7,5,2,5,4,3,1,3,3,3,,,,Trauma Surgery/Critical Care,,5,,vanderbilt,0,,0,0,,0.057142857,"['QID1', 'QID13']",Southeast,4,88,2
216,7/31/23 13:11,7/31/23 13:20,0,160.129.250.163,100,525,1,7/31/23 13:20,R_2X6FUofPy7MDhUg,,,,,36.1315,-86.8019,anonymous,EN,5,5,5,2,1,1,5,2,4,2,4,5,4,3,7,7,7,5,5,7,7,7,5,3,5,3,3,2,3,3,3,,,,Colon and Rectal Surgery,Program Director (or Assistant Program Director),14,,vanderbilt,0,,0,0,,0.028571429,['QID13'],Southeast,4,88,1
217,7/31/23 13:28,7/31/23 13:31,0,160.129.250.142,100,211,1,7/31/23 13:31,R_tJTpjTikzXsi5MZ,,,,,36.1315,-86.8019,anonymous,EN,4,5,5,2,1,1,4,4,4,3,5,5,5,5,5,5,5,5,5,4,5,7,5,5,5,5,4,2,2,2,2,,,,"Breast Surgery,Surgical Oncology",Program Director (or Assistant Program Director),8,,vanderbilt,0,,0,0,,0.028571429,['QID13'],Southeast,4,88,1
218,7/31/23 13:27,7/31/23 13:32,0,160.129.250.198,100,330,1,7/31/23 13:32,R_3e9yDL1dsJXFnZo,,,,,36.1315,-86.8019,anonymous,EN,5,5,5,3,1,1,5,4,5,3,5,5,5,5,5,5,5,5,5,4,4,4,5,3,5,3,5,5,5,5,5,,,,"Abdominal Wall/Hernia Surgery,Bariatric/Minimally Invasive Surgery",,29,"would ask the question ""how motivated to make changes without specific rewards or recognition""  perhaps because it is the right thing to do....",vanderbilt,0,,0,0,,0.028571429,['QID1'],Southeast,4,88,1
219,7/31/23 17:03,7/31/23 17:08,0,76.122.207.218,100,269,1,7/31/23 17:08,R_2xXW2g61RdKJFzu,,,,,36.1515,-86.792,anonymous,EN,4,4,4,1,1,1,5,5,4,3,5,5,5,5,5,5,7,7,5,7,7,2,4,4,4,4,4,4,4,4,4,,,,Vascular Surgery,Department Chair,30,,vanderbilt,0,,0,0,,0.028571429,['QID13'],Southeast,4,88,1
220,7/31/23 19:21,7/31/23 19:25,0,136.58.96.154,100,198,1,7/31/23 19:25,R_a5cpvMWPsINsCIh,,,,,36.1579,-86.8608,anonymous,EN,5,4,4,1,1,1,4,4,5,2,2,2,5,5,5,5,5,5,5,5,7,5,5,5,5,5,5,2,3,3,3,,,,Colon and Rectal Surgery,,7,,vanderbilt,0,,0,0,,0.057142857,"['QID1', 'QID13']",Southeast,4,88,2
222,8/1/23 5:06,8/1/23 5:09,0,68.34.209.192,100,165,1,8/1/23 5:09,R_1PTYJE13HVRVO61,,,,,36.1789,-86.8035,anonymous,EN,2,2,3,2,1,2,5,4,4,3,2,1,3,4,4,7,4,2,2,1,7,5,5,2,5,2,4,1,1,1,2,,,,Pediatric Surgery,,4,,vanderbilt,0,,0,0,,0.057142857,"['QID1', 'QID13']",Southeast,4,88,2
223,8/1/23 5:39,8/1/23 5:43,0,68.53.83.147,100,250,1,8/1/23 5:43,R_2uzvZEJHAEqAKbv,,,,,36.1085,-86.7738,anonymous,EN,5,4,4,1,1,1,4,2,3,1,4,3,7,1,3,7,5,5,5,5,7,4,5,5,5,3,5,5,4,4,4,,,,Colon and Rectal Surgery,Program Director (or Assistant Program Director),10,,vanderbilt,0,,0,0,,0.028571429,['QID13'],Southeast,4,88,1
224,8/1/23 6:47,8/1/23 6:52,0,187.157.182.100,100,333,1,8/1/23 6:52,R_3qmqyRyKqIQ1O3H,,,,,21.2494,-86.8379,anonymous,EN,2,3,3,1,1,1,4,2,3,3,3,2,4,2,5,5,4,3,3,3,7,5,3,3,3,3,3,1,1,3,1,,,,Surgical Oncology,Program Director (or Assistant Program Director),8,,vanderbilt,0,,0,0,,0.028571429,['QID13'],Southeast,4,88,1
225,8/1/23 6:42,8/1/23 6:54,0,213.209.180.126,100,733,1,8/1/23 6:54,R_uxkZThumLbhLE3L,,,,,40.6186,-73.9272,anonymous,EN,4,4,4,3,1,1,5,4,5,1,2,3,5,4,4,4,5,4,5,7,7,4,5,5,5,4,5,4,5,5,5,,,,"Abdominal Wall/Hernia Surgery,Bariatric/Minimally Invasive Surgery",,1,,vanderbilt,0,,0,0,,0.057142857,"['QID1', 'QID13']",Southeast,4,88,2
226,8/1/23 8:45,8/1/23 8:50,0,152.130.8.6,100,258,1,8/1/23 8:50,R_UDPM1PtsBh56b8B,,,,,35.8677,-86.4174,anonymous,EN,3,3,3,3,2,2,4,3,4,4,3,3,7,7,5,5,5,3,5,7,7,5,5,4,5,3,4,2,2,3,3,,,,"Abdominal Wall/Hernia Surgery,Acute Care Surgery/Emergency General Surgery,Colon and Rectal Surgery,Hepatopancreaticobiliary Surgery,Surgical Oncology,Transplant Surgery",,35,,vanderbilt,0,,0,0,,0.057142857,"['QID1', 'QID13']",Southeast,4,88,2
227,8/1/23 11:46,8/1/23 11:50,0,160.129.250.150,100,258,1,8/1/23 11:50,R_1LS8kD0CLZ0kDm1,,,,,36.1315,-86.8019,anonymous,EN,4,5,4,3,1,1,4,4,3,3,4,4,5,5,5,5,5,5,5,8,5,4,2,3,3,4,4,4,4,4,4,,,,"Acute Care Surgery/Emergency General Surgery,Pediatric Surgery,Trauma Surgery/Critical Care",,18,,vanderbilt,0,,0,0,,0.057142857,"['QID1', 'QID13']",Southeast,4,88,2
228,8/1/23 13:00,8/1/23 13:04,0,136.58.38.118,100,203,1,8/1/23 13:04,R_2OGzV95EloMXu6K,,,,,37.751,-97.822,anonymous,EN,4,4,4,1,2,1,4,2,4,1,5,2,5,5,5,5,5,5,5,7,5,5,5,5,5,5,5,1,2,1,3,,,,Vascular Surgery,Program Director (or Assistant Program Director),17,,vanderbilt,0,,0,0,,0.028571429,['QID13'],Southeast,4,88,1
229,8/1/23 20:28,8/1/23 20:33,0,76.22.231.137,100,314,1,8/1/23 20:33,R_SAGjKHTTYgM0vap,,,,,36.0048,-86.7886,anonymous,EN,5,4,4,4,1,1,5,3,5,3,5,4,7,5,3,7,5,4,5,7,7,7,5,5,5,5,5,2,2,2,3,,,,Abdominal Wall/Hernia Surgery,Program Director (or Assistant Program Director),9,,vanderbilt,0,,0,0,,0.028571429,['QID13'],Southeast,4,88,1
231,8/4/23 10:03,8/4/23 10:10,0,207.237.171.6,100,430,1,8/4/23 10:10,R_3qgtBMFFkjHX8hq,,,,,40.7149,-73.9893,anonymous,EN,3,4,3,2,1,1,2,3,2,5,3,4,3,4,4,5,5,5,5,7,5,5,5,4,5,3,3,3,3,3,3,,,,Bariatric/Minimally Invasive Surgery,Program Director (or Assistant Program Director),15,,vanderbilt,0,,0,0,,0.028571429,['QID13'],Southeast,4,88,1
232,8/4/23 13:57,8/4/23 14:01,0,160.129.250.150,100,251,1,8/4/23 14:01,R_24dP0BeJ7pCo9L2,,,,,36.1315,-86.8019,anonymous,EN,2,1,2,1,1,1,4,4,3,3,3,1,7,3,5,5,4,4,3,3,7,5,4,3,4,4,3,3,2,2,3,,,,"Abdominal Wall/Hernia Surgery,Acute Care Surgery/Emergency General Surgery,Trauma Surgery/Critical Care",Program Director (or Assistant Program Director),11,,vanderbilt,0,,0,0,,0.028571429,['QID13'],Southeast,4,88,1
233,8/6/23 12:03,8/6/23 12:08,0,174.215.116.122,100,333,1,8/6/23 12:08,R_3polofbo2dbEr3Z,,,,,47.6109,-122.3303,anonymous,EN,5,5,5,3,1,1,4,4,2,4,4,4,5,5,5,5,5,3,4,4,5,3,4,4,4,3,3,2,2,2,3,,,,"Hepatopancreaticobiliary Surgery,Transplant Surgery",,22,,vanderbilt,0,,0,0,,0.057142857,"['QID1', 'QID13']",Southeast,4,88,2
234,8/6/23 12:42,8/6/23 12:44,0,12.238.231.130,100,135,1,8/6/23 12:44,R_3GjqtqfCjl8E7z7,,,,,37.751,-97.822,anonymous,EN,3,3,3,2,2,2,3,2,4,3,3,2,4,3,5,3,4,4,4,7,7,7,3,4,3,4,3,2,4,5,4,,,,"Abdominal Wall/Hernia Surgery,Acute Care Surgery/Emergency General Surgery,Colon and Rectal Surgery,Trauma Surgery/Critical Care",,,,vanderbilt,0,,0,0,,0.085714286,"['QID1', 'QID13', 'QID62']",Southeast,4,88,3
237,8/7/23 12:18,8/7/23 12:22,0,160.129.250.178,100,210,1,8/7/23 12:22,R_3MGTBYLBsa4VvcI,,,,,36.1315,-86.8019,anonymous,EN,4,5,5,2,2,2,3,3,3,2,3,3,3,3,5,5,5,5,4,4,5,5,4,4,4,4,3,2,3,2,2,,,,Pediatric Surgery,Department Chair,,,vanderbilt,0,,0,0,,0.057142857,"['QID13', 'QID62']",Southeast,4,88,2
243,8/29/23 17:43,8/29/23 17:48,0,166.198.252.76,100,330,1,8/29/23 17:48,R_3k0Mxhl0GqzW01Q,,,,,47.5364,-122.278,anonymous,EN,3,4,4,3,1,2,4,2,5,4,3,2,3,2,4,5,5,4,4,7,7,5,5,4,5,5,3,2,3,2,4,,,,Abdominal Wall/Hernia Surgery,,13,,vanderbilt,0,,0,0,,0.057142857,"['QID1', 'QID13']",Southeast,4,88,2
244,7/26/23 18:11,7/26/23 18:40,0,69.109.160.84,100,1727,1,7/26/23 18:40,R_2QRkpAOSaCPPpLW,,,,,33.5716,-101.8545,anonymous,EN,5,5,5,3,1,2,5,5,5,4,5,2,5,5,5,5,5,4,5,7,7,4,5,4,5,5,5,3,5,5,5,,,,"Abdominal Wall/Hernia Surgery,Hepatopancreaticobiliary Surgery,Surgical Oncology",,7,Thank you for conducting this survey. Looking forward to the results!,texastech,0,,0,0,,0.028571429,['QID1'],Southwest,6,27,1
245,7/26/23 19:42,7/26/23 19:49,0,75.111.185.34,100,428,1,7/26/23 19:49,R_1jJkcoKRUwvFUst,,,,,33.5134,-101.8818,anonymous,EN,2,1,2,1,1,1,2,2,2,4,1,1,3,2,4,4,4,1,2,2,2,2,2,2,2,1,1,1,1,2,1,,,,Colon and Rectal Surgery,,3,,texastech,0,,0,0,,0.057142857,"['QID1', 'QID13']",Southwest,6,27,2
246,7/26/23 20:01,7/26/23 20:07,0,104.191.190.52,100,397,1,7/26/23 20:07,R_3JDfe2Ia02SxZnl,,,,,33.5406,-101.8604,anonymous,EN,5,4,4,3,2,1,4,4,4,3,4,4,5,5,4,4,3,3,4,3,7,3,5,5,5,5,5,1,4,4,5,,,,Plastics Surgery,,4,"Extremely important topic on hand, a lot of practices can be changed very effectively - arguably next best interventions after checklists were implemented to improve patient safety in the OR. ",texastech,0,,0,0,,0.028571429,['QID1'],Southwest,6,27,1
247,7/27/23 7:54,7/27/23 7:56,0,66.230.9.15,100,144,1,7/27/23 7:56,R_1l0KxgxjDGcq2Rv,,,,,33.6553,-101.6755,anonymous,EN,5,5,5,5,1,1,4,4,5,3,5,3,5,5,5,5,7,5,5,7,5,3,2,2,4,4,3,4,2,2,2,,,,Acute Care Surgery/Emergency General Surgery,Department Chair,,Thanks for doing this study!,texastech,0,,0,0,,0.028571429,['QID62'],Southwest,6,27,1
248,7/27/23 11:09,7/27/23 11:13,0,104.187.156.177,100,244,1,7/27/23 11:13,R_2dF0hbaD1IswgJq,,,,,43.0812,-89.3845,anonymous,EN,4,4,4,3,1,1,3,3,4,3,3,4,4,4,4,4,4,4,4,2,4,1,4,4,4,4,4,2,4,4,4,,,,Plastics Surgery,,1,Thank you for this survey. ,texastech,0,,0,0,,0.028571429,['QID1'],Southwest,6,27,1
249,7/27/23 19:06,7/27/23 19:14,0,66.209.242.88,100,459,1,7/27/23 19:14,R_2cBeUOwXB5b4FmA,,,,,33.5134,-101.8818,anonymous,EN,5,5,4,3,1,1,5,5,5,1,1,3,5,7,5,5,5,7,5,5,7,5,5,5,5,5,2,1,1,1,2,,,,"Acute Care Surgery/Emergency General Surgery,Trauma Surgery/Critical Care",Program Director (or Assistant Program Director),5,,texastech,0,,0,0,,0.028571429,['QID13'],Southwest,6,27,1
250,8/2/23 11:22,8/2/23 12:22,0,66.230.9.145,100,3554,1,8/2/23 12:22,R_1LIIasb1kfIw4qo,,,,,33.5716,-101.8545,anonymous,EN,5,5,4,1,1,1,4,5,4,2,2,3,4,4,4,4,4,3,5,4,5,5,5,5,5,3,4,2,4,4,5,,,,"Abdominal Wall/Hernia Surgery,Bariatric/Minimally Invasive Surgery,Endocrine Surgery,Surgical Oncology",,1,,texastech,0,,0,0,,0.057142857,"['QID1', 'QID13']",Southwest,6,27,2
251,8/3/23 13:43,8/3/23 13:47,0,99.64.48.35,100,260,1,8/3/23 13:47,R_2wssCIKRbWQ9ViV,,,,,33.5504,-101.8871,anonymous,EN,5,5,5,3,3,3,5,5,3,4,1,5,7,7,1,1,7,7,5,8,5,7,5,3,5,3,5,3,3,3,5,,,,"Acute Care Surgery/Emergency General Surgery,Trauma Surgery/Critical Care",,10,,texastech,0,,0,0,,0.057142857,"['QID1', 'QID13']",Southwest,6,27,2
252,8/3/23 17:58,8/3/23 19:05,0,172.58.57.46,100,4043,1,8/3/23 19:05,R_2X0aiqb8m6fm8da,,,,,38.5774,-90.6709,anonymous,EN,3,2,3,2,2,2,5,5,4,3,4,2,5,5,5,5,5,4,1,2,4,5,2,2,3,1,2,1,1,1,1,,,,Trauma Surgery/Critical Care,,3,,texastech,0,,0,0,,0.057142857,"['QID1', 'QID13']",Southwest,6,27,2
254,8/7/23 10:57,8/7/23 11:02,0,170.173.78.45,100,264,1,8/7/23 11:02,R_Oex4oqrWR7dOYkp,,,,,33.5903,-101.9371,anonymous,EN,5,3,4,2,1,1,2,3,4,5,1,1,4,4,4,5,5,4,3,8,5,3,4,2,3,3,4,1,2,2,2,,,,Other,Program Director (or Assistant Program Director),15,,texastech,0,,0,0,,0.028571429,['QID13'],Southwest,6,27,1
256,8/17/23 12:08,8/17/23 12:12,0,66.230.9.67,100,243,1,8/17/23 12:12,R_2P1D7JgWN7XRNKt,,,,,33.6553,-101.6755,anonymous,EN,3,4,4,3,2,2,4,2,4,4,4,2,3,1,3,2,5,3,2,3,7,4,5,5,5,5,1,1,3,2,1,,,,"Abdominal Wall/Hernia Surgery,Acute Care Surgery/Emergency General Surgery,Colon and Rectal Surgery",Program Director (or Assistant Program Director),35,,texastech,0,,0,0,,0.028571429,['QID13'],Southwest,6,27,1
257,8/27/23 6:38,8/27/23 6:44,0,74.195.52.204,100,394,1,8/27/23 6:44,R_2cB1TcCWdgs0y6L,,,,,33.5119,-101.9316,anonymous,EN,3,3,2,2,2,2,4,4,4,3,3,4,4,4,4,4,5,5,5,1,4,4,5,5,5,5,5,5,3,5,5,,,,Other,,35,,texastech,0,,0,0,,0.057142857,"['QID1', 'QID13']",Southwest,6,27,2
262,8/7/23 4:56,8/7/23 5:06,0,157.139.19.51,100,581,1,8/7/23 5:06,R_1FhTcL6L17bVAzH,,,,,40.7123,-74.0068,anonymous,EN,4,4,4,4,1,3,5,5,3,4,2,4,7,5,5,5,5,5,5,7,5,7,5,5,5,5,4,2,5,5,5,,,,Acute Care Surgery/Emergency General Surgery,,20,,cornell,0,,0,0,,0.057142857,"['QID1', 'QID13']",Northeast,2,49,2
263,8/7/23 5:03,8/7/23 5:06,0,166.198.251.59,100,171,1,8/7/23 5:06,R_3JKOa78EdjcMvGc,,,,,40.7484,-73.862,anonymous,EN,3,5,4,4,1,1,5,5,4,2,4,3,5,5,5,5,5,5,5,3,7,1,5,5,5,5,5,5,5,5,5,,,,Other,,0.15,,cornell,0,,0,0,,0.057142857,"['QID1', 'QID13']",Northeast,2,49,2
264,8/7/23 5:03,8/7/23 5:08,0,157.139.21.8,100,319,1,8/7/23 5:08,R_3lQ9XGCjTS9fO7t,,,,,40.7123,-74.0068,anonymous,EN,4,4,5,2,1,2,4,3,4,3,2,3,3,3,5,5,5,5,5,2,7,5,5,4,5,5,5,4,4,4,5,,,,Colon and Rectal Surgery,Program Director (or Assistant Program Director),13,,cornell,0,,0,0,,0.028571429,['QID13'],Northeast,2,49,1
265,8/7/23 5:04,8/7/23 5:13,0,157.139.21.4,100,570,1,8/7/23 5:13,R_1LbrMOgzVa7SbzM,,,,,40.7123,-74.0068,anonymous,EN,4,4,4,4,1,2,5,3,3,4,4,2,7,4,3,4,7,2,5,7,3,2,4,4,4,5,4,1,2,3,1,,,,"Abdominal Wall/Hernia Surgery,Endocrine Surgery",Program Director (or Assistant Program Director),30,,cornell,0,,0,0,,0.028571429,['QID13'],Northeast,2,49,1
266,8/7/23 5:36,8/7/23 5:44,0,157.139.21.12,100,518,1,8/7/23 5:44,R_3KolgpRC8kMoTeu,,,,,40.7123,-74.0068,anonymous,EN,3,4,3,3,1,1,5,4,4,3,2,3,4,4,4,5,5,3,4,7,7,5,3,3,3,3,3,1,2,3,2,,,,"Abdominal Wall/Hernia Surgery,Acute Care Surgery/Emergency General Surgery,Colon and Rectal Surgery,Trauma Surgery/Critical Care",Program Director (or Assistant Program Director),33,,cornell,0,,0,0,,0.028571429,['QID13'],Northeast,2,49,1
267,8/7/23 6:05,8/7/23 6:08,0,140.251.64.9,100,176,1,8/7/23 6:08,R_1q7CnJFPUYNvfQy,,,,,40.7053,-74.0866,anonymous,EN,4,5,4,4,2,2,3,4,4,3,5,4,4,4,3,3,5,4,5,7,5,2,5,5,5,4,4,4,5,5,5,,,,Vascular Surgery,,18,,cornell,0,,0,0,,0.057142857,"['QID1', 'QID13']",Northeast,2,49,2
268,8/7/23 6:29,8/7/23 6:34,0,157.139.19.54,100,318,1,8/7/23 6:34,R_2bN7d7LxvDyCBTH,,,,,40.7123,-74.0068,anonymous,EN,3,3,3,3,2,3,4,4,4,4,3,1,5,5,5,5,5,5,1,1,7,1,2,2,2,2,2,2,1,2,2,,,,Other,Program Director (or Assistant Program Director),21,,cornell,0,,0,0,,0.028571429,['QID13'],Northeast,2,49,1
269,8/7/23 6:36,8/7/23 6:41,0,157.139.19.51,100,306,1,8/7/23 6:41,R_1F54SHaVc5tjwxl,,,,,40.7123,-74.0068,anonymous,EN,4,4,4,4,2,2,3,2,4,3,3,3,4,3,4,4,4,4,4,7,7,3,4,4,4,3,4,4,1,2,1,,,,Other,Department Chair,39,,cornell,0,,0,0,,0.028571429,['QID13'],Northeast,2,49,1
270,8/7/23 6:47,8/7/23 6:50,0,143.104.238.37,100,195,1,8/7/23 6:51,R_1jJNfmdjKEg0FRF,,,,,40.7123,-74.0068,anonymous,EN,3,4,3,3,1,1,5,4,4,4,5,4,7,5,5,4,5,3,1,7,7,3,5,5,5,5,5,3,4,3,4,,,,Colon and Rectal Surgery,,19,,cornell,0,,0,0,,0.057142857,"['QID1', 'QID13']",Northeast,2,49,2
271,8/7/23 13:53,8/7/23 13:58,0,162.33.226.3,100,276,1,8/7/23 13:58,R_3nAh7XklzVzKNUs,,,,,40.7123,-74.0068,anonymous,EN,2,2,2,2,1,1,5,5,2,4,1,2,7,7,2,2,5,2,2,1,7,7,3,3,3,3,3,2,1,1,1,,,,"Abdominal Wall/Hernia Surgery,Acute Care Surgery/Emergency General Surgery,Bariatric/Minimally Invasive Surgery",,19,,cornell,0,,0,0,,0.028571429,['QID1'],Northeast,2,49,1
272,8/7/23 4:59,8/7/23 19:29,0,104.28.55.232,100,52223,1,8/7/23 19:29,R_XG77v0gB5vp4bgB,,,,,40.7123,-74.0068,anonymous,EN,4,3,4,1,1,1,2,1,5,4,4,3,7,7,5,5,5,7,4,4,7,5,5,4,5,3,2,2,3,3,3,,,,Colon and Rectal Surgery,Program Director (or Assistant Program Director),4,,cornell,0,,0,0,,0.028571429,['QID13'],Northeast,2,49,1
273,8/8/23 17:00,8/8/23 17:04,0,108.30.136.101,100,241,1,8/8/23 17:04,R_ZgFUjGq9Y4stI41,,,,,40.7123,-74.0068,anonymous,EN,3,2,3,1,1,1,2,2,3,4,3,3,4,4,1,3,3,2,2,3,3,8,3,3,3,1,1,1,1,1,1,,,,"Abdominal Wall/Hernia Surgery,Breast Surgery",,31,,cornell,0,,0,0,,0.057142857,"['QID1', 'QID13']",Northeast,2,49,2
274,8/11/23 13:46,8/11/23 13:51,0,162.33.226.10,100,281,1,8/11/23 13:51,R_T5GlIuTg9cZZOW5,,,,,40.7123,-74.0068,anonymous,EN,4,5,5,3,1,1,4,4,4,3,2,4,4,7,5,5,5,3,4,5,7,5,5,5,5,5,5,3,4,4,4,,,,"Abdominal Wall/Hernia Surgery,Acute Care Surgery/Emergency General Surgery,Trauma Surgery/Critical Care",Program Director (or Assistant Program Director),7,,cornell,0,,0,0,,0.028571429,['QID13'],Northeast,2,49,1
275,8/12/23 7:53,8/12/23 7:57,0,174.197.130.94,100,246,1,8/12/23 7:57,R_DH8yKSr53EhL9TP,,,,,40.6462,-73.9559,anonymous,EN,2,2,3,3,2,2,1,3,4,3,3,1,4,4,4,5,4,4,4,7,5,2,4,4,5,4,4,2,2,2,2,,,,Other,Department Chair,22,,cornell,0,,0,0,,0.028571429,['QID13'],Northeast,2,49,1
277,8/14/23 11:46,8/14/23 11:49,0,157.139.171.148,100,183,1,8/14/23 11:49,R_XmQE5DWDvXp2WGd,,,,,40.7653,-73.9589,anonymous,EN,3,2,3,2,1,2,4,4,3,1,2,1,4,4,3,3,4,1,4,1,3,3,4,3,4,4,3,1,1,1,1,,,,Hepatopancreaticobiliary Surgery,,6,,cornell,0,,0,0,,0.057142857,"['QID1', 'QID13']",Northeast,2,49,2
283,8/24/23 12:18,8/24/23 12:21,0,157.139.19.29,100,184,1,8/24/23 12:21,R_21aCwJ1qjBp6tRL,,,,,40.7123,-74.0068,anonymous,EN,4,4,4,3,1,1,2,4,5,2,5,5,5,5,5,4,4,4,2,1,2,2,4,4,4,4,4,2,1,1,1,,,,Pediatric Surgery,,15,Way too much waste in the OR,cornell,0,,0,0,,0.028571429,['QID1'],Northeast,2,49,1
284,8/24/23 12:38,8/24/23 12:44,0,157.139.19.54,100,394,1,8/24/23 12:44,R_xfkBbyTOTvXvcIh,,,,,40.7123,-74.0068,anonymous,EN,5,5,4,4,2,1,5,4,4,4,3,5,5,5,5,5,5,5,5,7,5,7,5,5,4,4,4,4,4,4,5,,,,Trauma Surgery/Critical Care,Program Director (or Assistant Program Director),16,,cornell,0,,0,0,,0.028571429,['QID13'],Northeast,2,49,1
285,8/24/23 13:04,8/24/23 13:08,0,162.33.226.1,100,233,1,8/24/23 13:08,R_2abh38siOVu9F56,,,,,40.7123,-74.0068,anonymous,EN,3,3,3,5,3,1,2,2,2,2,2,1,3,4,2,2,5,3,5,7,3,2,5,5,5,5,5,2,2,2,2,,,,Vascular Surgery,,,,cornell,0,,0,0,,0.085714286,"['QID1', 'QID13', 'QID62']",Northeast,2,49,3
286,8/24/23 13:09,8/24/23 13:13,0,207.42.20.74,100,244,1,8/24/23 13:13,R_1n7qfYsJ2A127iX,,,,,44.4502,-75.6727,anonymous,EN,3,4,3,3,2,2,3,2,2,3,1,3,4,3,3,4,4,7,4,5,4,3,2,2,2,2,1,1,1,2,1,,,,Colon and Rectal Surgery,,30,,cornell,0,,0,0,,0.057142857,"['QID1', 'QID13']",Northeast,2,49,2
288,8/25/23 13:54,8/25/23 14:00,0,155.190.17.4,100,404,1,8/25/23 14:00,R_RmqehIh3UYZhHiN,,,,,39.786,-86.1589,anonymous,EN,5,5,5,1,3,1,1,1,5,5,5,5,5,5,1,7,5,1,1,7,7,7,5,5,5,5,5,3,5,4,5,,,,Trauma Surgery/Critical Care,Program Director (or Assistant Program Director),,,northwestern,0,,0,0,,0.057142857,"['QID13', 'QID62']",Midwest,5,58,2
290,9/30/23 11:18,9/30/23 11:24,0,166.205.124.106,100,357,1,9/30/23 11:24,R_1eOCl7AeWLd41Yt,,,,,41.8972,-87.6196,anonymous,EN,3,3,3,3,1,1,1,1,4,3,3,3,3,3,3,3,4,3,4,1,5,5,5,4,5,4,5,1,1,1,1,,,,Trauma Surgery/Critical Care,,13,,northwestern,0,,0,0,,0.057142857,"['QID1', 'QID13']",Midwest,5,58,2
291,9/30/23 11:51,9/30/23 11:54,0,108.147.32.77,100,183,1,9/30/23 11:54,R_xtj6kSyUbUDql7r,,,,,32.7797,-96.8022,anonymous,EN,4,4,4,1,1,1,5,5,5,3,5,3,5,5,5,5,5,4,5,5,2,5,4,4,5,3,1,2,1,1,1,,,,"Abdominal Wall/Hernia Surgery,Plastics Surgery",Department Chair,25,,northwestern,0,,0,0,,0.028571429,['QID13'],Midwest,5,58,1
292,9/30/23 12:29,9/30/23 12:37,0,204.62.119.246,100,472,1,9/30/23 12:37,R_3HUebyczQyM05mV,,,,,41.9025,-87.6726,anonymous,EN,3,2,2,3,2,2,5,5,2,3,2,1,5,5,2,5,5,3,4,1,7,7,1,1,1,2,1,1,1,1,1,,,,Colon and Rectal Surgery,,13,,northwestern,0,,0,0,,0.057142857,"['QID1', 'QID13']",Midwest,5,58,2
294,9/30/23 13:13,9/30/23 13:18,0,98.63.31.56,100,305,1,9/30/23 13:18,R_3p4OgeusRkyKJC4,,,,,41.8972,-87.6196,anonymous,EN,5,5,5,3,1,1,3,3,5,3,5,3,5,5,5,5,7,3,3,4,5,3,5,5,5,5,3,1,1,1,1,,,,Breast Surgery,,20,,northwestern,0,,0,0,,0.057142857,"['QID1', 'QID13']",Midwest,5,58,2
295,9/30/23 14:03,9/30/23 14:06,0,174.208.229.104,100,160,1,9/30/23 14:06,R_VW3yMx7UXlvV34R,,,,,41.8764,-87.6133,anonymous,EN,4,4,4,3,1,1,4,3,3,4,4,1,4,4,5,5,4,4,5,7,7,5,5,4,3,4,5,2,2,2,2,,,,Cardiac Surgery,,,,northwestern,0,,0,0,,0.085714286,"['QID1', 'QID13', 'QID62']",Midwest,5,58,3
296,9/30/23 15:32,9/30/23 15:38,0,107.122.189.102,100,391,1,9/30/23 15:38,R_3J9r4IvIy66tBhV,,,,,39.037,-77.0412,anonymous,EN,4,4,3,2,1,1,4,4,4,3,3,3,3,3,3,5,7,5,7,4,7,7,5,5,5,3,3,2,2,2,2,,,,Endocrine Surgery,,20,,northwestern,0,,0,0,,0.057142857,"['QID1', 'QID13']",Midwest,5,58,2
297,9/30/23 17:35,9/30/23 17:38,0,204.62.119.241,100,195,1,9/30/23 17:38,R_1GTdv6npombGjSm,,,,,41.9025,-87.6726,anonymous,EN,4,4,4,1,2,1,4,3,4,3,4,3,5,5,2,3,4,4,5,7,7,7,5,5,5,5,5,3,3,3,2,,,,"Acute Care Surgery/Emergency General Surgery,Trauma Surgery/Critical Care",Program Director (or Assistant Program Director),8,,northwestern,0,,0,0,,0.028571429,['QID13'],Midwest,5,58,1
299,10/1/23 6:17,10/1/23 6:21,0,200.54.223.248,100,225,1,10/1/23 6:21,R_2YJ0UWuTolREwAb,,,,,8.9948,-79.523,anonymous,EN,4,3,4,1,1,1,5,5,5,1,4,2,4,5,5,5,5,5,5,5,5,5,5,5,5,5,5,5,5,5,5,,,,Transplant Surgery,"Department Chair,Program Director (or Assistant Program Director)",12,,northwestern,0,,0,0,,0.028571429,['QID13'],Midwest,5,58,1
300,10/1/23 9:59,10/1/23 10:05,0,73.22.79.113,100,350,1,10/1/23 10:05,R_QcOxkjNgaHiGIg1,,,,,42.077,-87.7209,anonymous,EN,4,5,5,2,1,1,4,4,4,2,4,3,5,4,4,5,4,5,5,7,5,2,3,3,5,3,2,2,3,3,3,,,,Breast Surgery,,32,,northwestern,0,,0,0,,0.057142857,"['QID1', 'QID13']",Midwest,5,58,2
301,10/1/23 11:09,10/1/23 11:13,0,142.147.57.252,100,274,1,10/1/23 11:13,R_1EWpWWDYsCmwx8v,,,,,41.8972,-87.6196,anonymous,EN,3,4,3,2,2,1,4,3,4,4,2,3,4,5,5,5,5,4,3,4,5,3,2,3,3,3,1,1,2,2,2,,,,Colon and Rectal Surgery,,31,,northwestern,0,,0,0,,0.057142857,"['QID1', 'QID13']",Midwest,5,58,2
302,10/1/23 11:54,10/1/23 11:58,0,204.62.119.241,100,271,1,10/1/23 11:58,R_PCEtQ1TO25SUCXv,,,,,41.9025,-87.6726,anonymous,EN,2,3,3,1,1,1,5,4,3,4,3,2,4,4,5,5,5,3,5,7,2,2,5,3,5,4,3,1,1,1,1,,,,"Abdominal Wall/Hernia Surgery,Bariatric/Minimally Invasive Surgery",,6,,northwestern,0,,0,0,,0.057142857,"['QID1', 'QID13']",Midwest,5,58,2
303,10/1/23 15:11,10/1/23 15:23,0,91.208.88.102,100,668,1,10/1/23 15:23,R_3yEntaGLn9D8mIN,,,,,46.0833,15,anonymous,EN,5,5,4,3,1,1,3,4,4,3,5,2,5,7,5,5,5,4,5,7,4,4,4,5,4,5,2,1,1,4,2,,,,Breast Surgery,,30,"waste of single-use items is a huge problem, most of the waste does nothing to improve patient outcomes. the first step to change this will likely involve collecting data on the quantity of waste and publicising it at surgical meetings and at meetings of hospital administrators. 
A huge efort is needed to educate hospital staff about the magnitude of waste, and the definition of waste..... ie utilization of resources that does not improve patient outcomes.  only then can the problem begin to be addressed, and attitudes among medical personnel and hospital regulators change in a postive direction.",northwestern,0,,0,0,,0.028571429,['QID1'],Midwest,5,58,1
304,10/1/23 19:53,10/1/23 19:57,0,155.190.17.7,100,260,1,10/1/23 19:57,R_1NzuIhUY1MaqFFl,,,,,41.8874,-87.6318,anonymous,EN,4,4,4,1,1,1,4,4,4,3,4,2,5,7,5,5,5,5,5,5,5,7,1,4,1,5,1,2,1,3,3,,,,"Acute Care Surgery/Emergency General Surgery,Trauma Surgery/Critical Care",Program Director (or Assistant Program Director),32,,northwestern,0,,0,0,,0.028571429,['QID13'],Midwest,5,58,1
305,10/2/23 11:47,10/2/23 11:54,0,155.190.17.4,100,444,1,10/2/23 11:54,R_8CEZCL8jPSQBC1j,,,,,41.8874,-87.6318,anonymous,EN,2,2,2,2,1,1,5,4,4,3,1,1,5,5,5,7,7,4,3,7,5,7,1,3,1,3,3,2,4,4,4,,,,"Abdominal Wall/Hernia Surgery,Acute Care Surgery/Emergency General Surgery,Trauma Surgery/Critical Care",Department Chair,23,,northwestern,0,,0,0,,0.028571429,['QID13'],Midwest,5,58,1
306,10/2/23 19:10,10/2/23 19:17,0,24.1.83.228,100,377,1,10/2/23 19:17,R_3LXyOCJD89Dne6c,,,,,41.9025,-87.6726,anonymous,EN,4,3,4,1,1,2,4,4,4,2,3,4,5,5,5,5,5,5,5,7,7,7,4,4,4,4,4,2,4,4,4,,,,"Acute Care Surgery/Emergency General Surgery,Trauma Surgery/Critical Care",,1,,northwestern,0,,0,0,,0.057142857,"['QID1', 'QID13']",Midwest,5,58,2
308,10/16/23 17:24,10/16/23 17:37,0,172.59.187.168,100,753,1,10/16/23 17:37,R_3g11P1lUjVkrlvn,,,,,41.8486,-87.6288,anonymous,EN,4,4,4,2,1,1,5,4,4,3,1,2,5,3,2,4,4,2,4,7,7,4,4,4,4,4,4,4,4,4,4,,,,Thoracic Surgery,,2.5,,northwestern,0,,0,0,,0.057142857,"['QID1', 'QID13']",Midwest,5,58,2
310,10/17/23 20:48,10/17/23 20:52,0,24.1.124.59,100,230,1,10/17/23 20:52,R_qCakSsa3qVx6bYd,,,,,41.8482,-87.6521,anonymous,EN,5,5,4,4,1,2,4,4,5,4,4,5,5,5,5,5,5,4,5,5,7,7,5,5,5,5,5,5,5,5,5,,,,"Abdominal Wall/Hernia Surgery,Acute Care Surgery/Emergency General Surgery,Colon and Rectal Surgery,Hepatopancreaticobiliary Surgery,Vascular Surgery,Trauma Surgery/Critical Care",Program Director (or Assistant Program Director),4,,northwestern,0,,0,0,,0.028571429,['QID13'],Midwest,5,58,1
311,11/7/23 7:42,11/7/23 7:47,0,155.190.17.4,100,263,1,11/7/23 7:47,R_7NUyXyZ1p76BYad,,,,,41.8874,-87.6318,anonymous,EN,3,3,2,1,1,1,5,4,4,3,1,1,5,5,5,5,5,5,3,5,5,7,2,3,4,4,3,1,3,5,3,,,,"Abdominal Wall/Hernia Surgery,Acute Care Surgery/Emergency General Surgery,Trauma Surgery/Critical Care",Department Chair,23,,northwestern,0,,0,0,,0.028571429,['QID13'],Midwest,5,58,1
313,8/25/23 16:56,8/25/23 17:00,0,204.147.223.1,100,265,1,8/25/23 17:00,R_3QKrtQnVePoaoZA,,,,,47.6008,-122.3248,anonymous,EN,4,3,4,2,1,1,5,5,4,1,5,2,5,4,7,7,7,4,5,5,7,5,5,4,5,5,3,1,2,2,3,,,,Colon and Rectal Surgery,,5,"think about recognizing 'high-performing team' rather than individual, since this kind of change can be enacted when you have a designated team, but harder when rotating staff in OR",virginiamason,0,,0,0,,0.028571429,['QID1'],West,10,24,1
314,8/25/23 17:17,8/25/23 17:21,0,204.147.223.1,100,233,1,8/25/23 17:21,R_3CDvHm3ifyUhxdp,,,,,47.6008,-122.3248,anonymous,EN,4,4,3,1,1,1,3,3,5,4,2,1,5,5,7,7,5,5,5,5,5,7,1,1,1,1,1,1,1,1,1,,,,Breast Surgery,,38,,virginiamason,0,,0,0,,0.057142857,"['QID1', 'QID13']",West,10,24,2
316,8/27/23 22:07,8/27/23 22:13,0,75.172.85.117,100,375,1,8/27/23 22:13,R_2BqHlt22LZTvwgH,,,,,47.5364,-122.278,anonymous,EN,5,3,4,2,2,2,4,3,4,3,2,3,2,7,7,4,5,4,5,3,7,3,5,5,5,2,2,4,3,3,3,,,,"Abdominal Wall/Hernia Surgery,Acute Care Surgery/Emergency General Surgery,Bariatric/Minimally Invasive Surgery",,5,,virginiamason,0,,0,0,,0.057142857,"['QID1', 'QID13']",West,10,24,2
317,8/30/23 10:56,8/30/23 11:00,0,204.147.223.1,100,287,1,8/30/23 11:00,R_2xFw2cSsA2sLfdj,,,,,47.6008,-122.3248,anonymous,EN,5,5,4,2,2,2,3,4,4,3,3,3,1,4,7,5,7,5,5,7,7,7,4,4,4,4,4,2,3,3,3,,,,"Abdominal Wall/Hernia Surgery,Acute Care Surgery/Emergency General Surgery,Bariatric/Minimally Invasive Surgery",Program Director (or Assistant Program Director),22,,virginiamason,0,,0,0,,0.028571429,['QID13'],West,10,24,1
320,10/4/23 13:03,10/4/23 13:06,0,204.147.223.49,100,189,1,10/4/23 13:06,R_12rwYCPM55WQVJA,,,,,47.5364,-122.278,anonymous,EN,4,4,4,1,1,1,4,4,4,1,5,4,4,4,7,7,7,7,5,5,5,7,5,5,5,5,5,1,1,1,1,,,,"Abdominal Wall/Hernia Surgery,Acute Care Surgery/Emergency General Surgery,Bariatric/Minimally Invasive Surgery",Program Director (or Assistant Program Director),2,,virginiamason,0,,0,0,,0.028571429,['QID13'],West,10,24,1
322,10/4/23 15:41,10/4/23 15:44,0,204.147.223.49,100,154,1,10/4/23 15:44,R_3NHQ5DNvN0vBPDY,,,,,47.5364,-122.278,anonymous,EN,5,5,4,5,3,3,4,4,5,3,4,5,3,7,7,5,5,4,5,7,5,5,5,5,5,5,5,5,5,5,5,,,,Abdominal Wall/Hernia Surgery,,3,Gave a grand rounds on sustainability in the operating room,virginiamason,0,,0,0,,0.028571429,['QID1'],West,10,24,1
323,10/4/23 16:07,10/4/23 16:11,0,204.147.223.49,100,221,1,10/4/23 16:11,R_3n3ihzImRtyUSlA,,,,,47.5364,-122.278,anonymous,EN,4,4,4,4,3,4,5,3,2,5,5,4,7,7,1,7,7,7,5,7,7,4,5,5,5,3,1,1,1,1,1,,,,"Abdominal Wall/Hernia Surgery,Acute Care Surgery/Emergency General Surgery,Hepatopancreaticobiliary Surgery,Vascular Surgery,Transplant Surgery,Other",,10,,virginiamason,0,,0,0,,0.057142857,"['QID1', 'QID13']",West,10,24,2
324,10/4/23 21:01,10/4/23 21:05,0,72.138.161.139,100,212,1,10/4/23 21:05,R_3256iXRAW6T68YV,,,,,43.6922,-79.4309,anonymous,EN,5,3,4,4,1,2,3,3,5,3,4,3,4,4,7,7,5,3,4,3,4,3,4,4,4,3,4,3,3,3,3,,,,Plastics Surgery,,15,,virginiamason,0,,0,0,,0.057142857,"['QID1', 'QID13']",West,10,24,2
325,10/9/23 9:27,10/9/23 9:30,0,204.147.223.49,100,181,1,10/9/23 9:30,R_OkFgYjnWV7vLdmx,,,,,47.6109,-122.3303,anonymous,EN,5,5,4,4,1,3,3,4,4,1,1,4,7,7,7,7,5,2,5,7,7,7,2,2,2,2,3,3,2,2,3,,,,Colon and Rectal Surgery,,28,,virginiamason,0,,0,0,,0.057142857,"['QID1', 'QID13']",West,10,24,2