,Response ID,How critical is the problem of operating room waste?,How motivated are you in improving the sustainability of your surgical practice?,How much of a priority should operating room sustainability be for your institution?,How well do you understand the environmental impact of your operations?,How much effort does your institution put into teaching you about operating room sustainability?,How well does the surgical team understand operating room sustainability?,Is it true that reusable items (such as ports) are just as safe as single use items?,Is it true that reprocessed instruments (such as a Ligasure) are just as safe as brand new (OEM) items?,How often does the surgical staff open too many items prior to surgery?,How often do you use the majority of instruments and supplies on your preference card?,Is it true that administrative roadblocks thwart your ability to make sustainable changes?,Are you confident that individual changes you make can have an impact on climate change?,How willing are you to switch from a single use instrument (such as a port) to a reusable instrument?,How willing are you to switch from a brand new (OEM) instrument (such as a Ligasure) to a reprocessed instrument?,How willing are you to switch from a single use surgical gown to a reusable cloth surgical gown?,How willing are you to switch from a single use surgical towels to a reusable surgical towels?,How willing are you to reduce items on preference cards following periodic preference card review?,How willing are you to reduce items on preference cards based on colleagues usage patterns?,How willing are you to participate in a program where the cost and carbon footprint for each surgeon performing a particular operation is displayed?,How willing are you transition completely from water-based to alcohol-based scrub?,How willing are you to reduce the default length of stay for elective patients who are recovering appropriately?,How willing are you to see the majority of routine post-operative patients via telemedicine?,How motivated would you be in improving the sustainability of your practice if you personally received a cash incentive?,How motivated would you be in improving the sustainability of your practice if your division received a cash incentive?,How motivated would you be in improving the sustainability of your practice if you receive a percentage of the cost savings?,How motivated would you be in improving the sustainability of your practice if your division receives additional research funding?,How motivated would you be in improving the sustainability of your practice if you receive a perk (such as free professional membership)?,How motivated would you be in improving the sustainability of your practice if your division receives a perk (such as a pizza party)?,How motivated would you be in improving the sustainability of your practice if you receive personal recognition from your department?,How motivated would you be in improving the sustainability of your practice if your division/group receives recognition from your department?,How motivated would you be in improving the sustainability of your practice if you receive national recognition?,0,1,2,3,4,Specialty,Role,Years in Practice,distribution,us_region,acs_trauma_region,sample_size
0,R_1dMlSI0KXyxsTZn,5,4,4,3,3,1,4,5,3,5,3,3,5,5,5,5,5,5,5,5,5,5,5,5,5,5,1,1,2,2,5,2.6666666666666665,4.833333333333333,4.0,5.0,2.3333333333333335,"['Abdominal Wall/Hernia Surgery', 'Acute Care Surgery/Emergency General Surgery', 'Bariatric/Minimally Invasive Surgery']",,16.0,ucsf,West,9,123
1,R_7QYh6bTyOmOQo3D,4,4,4,3,2,2,4,4,3,3,4,3,5,5,4,4,5,4,4,5,5,4,4,4,4,4,3,2,2,2,2,2.5,4.5,3.75,4.0,2.3333333333333335,['Pediatric Surgery'],,1.0,ucsf,West,9,123
2,R_6tYa59Tv4zOhQgp,5,5,4,1,1,2,4,3,4,3,2,3,4,3,4,4,3,3,4,1,5,5,2,2,2,2,2,2,2,2,2,2.0,3.5,4.25,2.0,1.3333333333333333,"['Acute Care Surgery/Emergency General Surgery', 'Trauma Surgery/Critical Care']",,,ucsf,West,9,123
3,R_25RsYOfgaO79uts,5,4,4,1,1,1,2,4,4,5,5,1,5,2,1,5,5,1,1,5,5,5,5,1,5,1,5,1,1,1,1,1.6666666666666667,3.8333333333333335,3.5,3.6666666666666665,1.0,['Breast Surgery'],,15.0,ucsf,West,9,123
4,R_22qNtCIlTv6yOWH,5,4,4,2,2,2,4,4,3,3,3,2,5,5,5,5,5,4,4,2,3,4,5,3,5,4,3,2,4,3,4,3.3333333333333335,4.666666666666667,3.75,4.333333333333333,2.0,['Vascular Surgery'],,1.0,ucsf,West,9,123
5,R_25uoAdxWGbbGHRo,5,5,5,1,1,1,5,4,5,1,5,5,5,5,5,5,5,5,5,5,5,5,2,3,2,1,1,1,1,1,2,1.1666666666666667,4.833333333333333,5.0,2.3333333333333335,1.0,['Vascular Surgery'],,17.0,ucsf,West,9,123
6,R_2aOxGecyTWdWk4p,4,4,4,4,3,3,5,3,4,3,2,3,4,2,4,4,4,2,3,5,5,5,3,3,3,2,2,1,1,1,1,1.3333333333333333,3.6666666666666665,3.75,3.0,3.3333333333333335,['Pediatric Surgery'],,16.0,ucsf,West,9,123
7,R_1ouJGe4CiooCMEZ,3,3,3,1,1,2,1,1,2,4,1,1,2,1,5,5,5,1,3,1,5,5,1,1,4,1,1,1,1,1,1,1.0,2.5,2.5,2.0,1.3333333333333333,"['Abdominal Wall/Hernia Surgery', 'Bariatric/Minimally Invasive Surgery']",Program Director (or Assistant Program Director),15.0,ucsf,West,9,123
8,R_3n7AoqNYrAEX7x0,5,5,5,3,2,3,4,5,3,4,3,4,5,5,5,5,4,2,4,1,5,2,2,3,3,3,2,1,1,1,1,1.5,4.666666666666667,4.75,2.6666666666666665,2.6666666666666665,['Other'],,37.0,ucsf,West,9,123
9,R_3hgWtBfuCmPnTIc,5,5,5,4,1,2,4,4,5,3,5,5,5,5,5,5,5,4,5,5,5,5,5,5,5,5,5,5,4,5,4,4.666666666666667,4.666666666666667,5.0,5.0,2.3333333333333335,"['Abdominal Wall/Hernia Surgery', 'Acute Care Surgery/Emergency General Surgery', 'Bariatric/Minimally Invasive Surgery', 'Breast Surgery', 'Colon and Rectal Surgery', 'Endocrine Surgery', 'Hepatopancreaticobiliary Surgery', 'Pediatric Surgery', 'Surgical Oncology', 'Thoracic Surgery', 'Trauma Surgery/Critical Care']",,18.0,ucsf,West,9,123
10,R_1eElmoy8b911U0m,5,5,5,4,2,2,3,3,4,1,5,3,5,5,5,5,5,5,5,5,5,5,5,5,5,5,5,5,4,4,3,4.333333333333333,4.333333333333333,4.5,5.0,2.6666666666666665,"['Abdominal Wall/Hernia Surgery', 'Acute Care Surgery/Emergency General Surgery', 'Bariatric/Minimally Invasive Surgery', 'Hepatopancreaticobiliary Surgery']",,25.0,ucsf,West,9,123
11,R_2B40qDlGEaL8XCU,3,3,3,1,2,2,4,3,4,3,4,4,5,5,5,5,5,5,5,1,5,5,4,3,4,4,2,1,2,2,2,2.1666666666666665,4.5,3.25,3.6666666666666665,1.6666666666666667,"['Abdominal Wall/Hernia Surgery', 'Hepatopancreaticobiliary Surgery']",,28.0,ucsf,West,9,123
12,R_2AHyf48UYcC1vyU,3,2,3,2,1,2,4,2,2,2,5,1,2,1,1,1,1,3,2,4,2,5,5,2,5,1,2,1,1,1,2,1.3333333333333333,1.8333333333333333,2.25,4.0,1.6666666666666667,"['Abdominal Wall/Hernia Surgery', 'Acute Care Surgery/Emergency General Surgery', 'Bariatric/Minimally Invasive Surgery']",,11.0,ucsf,West,9,123
13,R_1kZCeMij5mbGp10,3,4,3,4,2,2,3,3,4,5,2,2,4,4,5,5,5,5,5,1,2,5,3,3,4,5,4,3,3,4,3,3.6666666666666665,4.0,3.0,3.3333333333333335,2.6666666666666665,"['Hepatopancreaticobiliary Surgery', 'Transplant Surgery']",Program Director (or Assistant Program Director),28.0,ucsf,West,9,123
14,R_11Z3AaEw8hTtY10,4,3,3,1,1,1,5,4,3,5,5,1,5,5,1,2,5,5,3,1,5,5,5,5,5,5,3,1,1,1,1,2.0,4.333333333333333,2.75,5.0,1.0,['Trauma Surgery/Critical Care'],,8.0,ucsf,West,9,123
15,R_1Cf0dOpW1htTdBY,3,3,3,3,2,1,4,3,4,4,3,1,4,3,3,5,3,4,3,5,5,2,1,2,2,5,2,1,1,5,3,2.8333333333333335,3.6666666666666665,2.5,1.6666666666666667,2.0,['Trauma Surgery/Critical Care'],,20.0,ucsf,West,9,123
16,R_3nivVyUGNwAmGgl,4,4,4,1,1,1,3,3,4,2,3,1,4,4,2,4,4,4,3,4,4,5,4,3,4,3,4,3,2,2,3,2.8333333333333335,3.6666666666666665,3.25,3.6666666666666665,1.0,['Breast Surgery'],,9.0,ucsf,West,9,123
17,R_b1vT1A6XQQohx8l,5,5,5,1,2,1,5,3,4,1,3,1,4,3,5,5,5,4,5,3,5,5,1,3,3,4,1,2,1,3,1,2.0,4.166666666666667,4.0,2.3333333333333335,1.3333333333333333,['Colon and Rectal Surgery'],,23.0,ucsf,West,9,123
18,R_3hlLW31yXVB5CHU,5,5,3,3,1,2,3,3,4,1,4,5,5,5,5,5,5,5,5,1,5,5,4,4,4,4,4,1,4,4,4,3.5,4.333333333333333,4.5,4.0,2.0,"['Breast Surgery', 'Pediatric Surgery', 'Trauma Surgery/Critical Care', 'Other']",,15.0,ucsf,West,9,123
19,R_262oJgtZVMLIpez,5,5,5,3,2,2,4,4,4,1,5,5,5,5,5,5,5,3,5,1,5,2,5,3,5,3,3,1,1,1,1,1.6666666666666667,4.666666666666667,5.0,4.333333333333333,2.3333333333333335,"['Abdominal Wall/Hernia Surgery', 'Breast Surgery', 'Other']",Program Director (or Assistant Program Director),10.0,ucsf,West,9,123
20,R_1jHt76D3uTbxJgG,5,5,5,3,1,1,5,3,4,4,3,5,5,5,5,5,5,5,5,1,5,5,3,3,3,3,3,1,1,1,1,1.6666666666666667,4.666666666666667,5.0,3.0,1.6666666666666667,['Pediatric Surgery'],Program Director (or Assistant Program Director),11.0,ucsf,West,9,123
21,R_3qeBJ1IW4jlSS3n,4,4,4,1,1,1,4,4,5,1,2,3,4,4,4,4,4,3,4,3,5,5,3,3,3,3,2,2,1,1,1,1.6666666666666667,4.0,3.75,3.0,1.0,['Hepatopancreaticobiliary Surgery'],Program Director (or Assistant Program Director),46.0,ucsf,West,9,123
22,R_PCIAHqBPdGfla6t,5,4,4,1,1,1,4,3,1,3,4,4,4,4,3,3,4,3,4,3,5,5,4,4,4,4,3,3,3,3,3,3.1666666666666665,3.6666666666666665,4.25,4.0,1.0,['Cardiac Surgery'],,21.0,ucsf,West,9,123
23,R_5tDgSd6XfVXHefL,4,5,4,3,1,2,4,3,5,2,4,2,4,3,5,5,5,4,2,5,5,5,5,5,5,5,5,3,5,5,5,4.666666666666667,4.0,3.75,5.0,2.0,['Endocrine Surgery'],,20.0,ucsf,West,9,123
24,R_3KotdALI6hAQecj,4,5,4,1,1,1,4,4,4,3,1,3,4,4,4,4,4,4,4,4,5,5,1,2,1,3,2,2,4,3,3,2.8333333333333335,4.0,4.0,1.3333333333333333,1.0,['Thoracic Surgery'],Program Director (or Assistant Program Director),5.0,ucsf,West,9,123
25,R_2f99mkgC2P2rK8j,4,4,4,1,1,1,1,2,4,4,4,1,5,5,5,5,5,2,5,5,5,1,5,3,4,4,5,3,2,2,2,3.0,3.8333333333333335,3.25,4.0,1.0,"['Abdominal Wall/Hernia Surgery', 'Other']",,5.0,ucsf,West,9,123
26,R_9nUzzlmxsBmD31L,5,4,4,2,2,2,3,3,4,3,3,1,4,5,4,4,5,4,5,5,3,5,5,5,5,4,5,5,3,3,2,3.6666666666666665,4.0,3.5,5.0,2.0,['Endocrine Surgery'],Program Director (or Assistant Program Director),16.0,ucsf,West,9,123
27,R_2P8dQyyYMKqijQE,4,3,4,2,1,1,4,4,5,4,2,2,3,5,4,4,4,2,4,2,4,4,4,2,4,1,1,1,1,2,2,1.3333333333333333,4.0,3.25,3.3333333333333335,1.3333333333333333,"['Abdominal Wall/Hernia Surgery', 'Acute Care Surgery/Emergency General Surgery', 'Colon and Rectal Surgery', 'Hepatopancreaticobiliary Surgery', 'Surgical Oncology']",,2.0,ucsf,West,9,123
28,R_RDgsBQuNAN6zJh7,5,4,5,2,1,1,4,4,5,1,3,3,4,4,3,4,5,3,3,4,3,5,5,4,5,4,4,3,3,3,3,3.3333333333333335,4.166666666666667,4.25,4.666666666666667,1.3333333333333333,"['Acute Care Surgery/Emergency General Surgery', 'Trauma Surgery/Critical Care']",,3.0,ucsf,West,9,123
29,R_2w66EVkTBem7xud,3,1,3,1,1,1,4,4,4,4,4,1,5,5,5,5,5,5,5,5,5,5,2,3,2,3,2,1,1,2,2,1.8333333333333333,4.666666666666667,2.0,2.3333333333333335,1.0,"['Acute Care Surgery/Emergency General Surgery', 'Trauma Surgery/Critical Care']",,15.0,ucsf,West,9,123
30,R_27KHJQggTLrIzVp,4,4,4,3,2,2,3,3,4,4,4,2,3,3,4,3,4,4,4,4,4,4,4,3,4,4,2,2,3,2,2,2.5,3.1666666666666665,3.5,3.6666666666666665,2.3333333333333335,['Pediatric Surgery'],,44.0,ucsf,West,9,123
31,R_2VsFaAFVnUfN9Fy,3,4,4,3,2,2,4,3,5,3,3,3,4,4,5,5,5,5,4,5,5,5,4,4,4,4,4,4,4,4,4,4.0,4.166666666666667,3.5,4.0,2.3333333333333335,['Endocrine Surgery'],,24.0,ucsf,West,9,123
32,R_3Pzges8qo3I0CSi,5,5,4,1,2,1,5,5,3,4,4,4,5,5,5,5,5,3,1,3,5,3,4,4,4,4,4,3,1,1,1,2.3333333333333335,5.0,4.5,4.0,1.3333333333333333,['Pediatric Surgery'],,16.0,ucsf,West,9,123
33,R_2s6ZUTp6GIuGVOj,5,5,5,1,1,1,5,5,4,3,2,2,5,5,5,5,5,5,5,5,5,5,2,3,3,3,2,2,3,3,3,2.6666666666666665,5.0,4.25,2.6666666666666665,1.0,['Thoracic Surgery'],Program Director (or Assistant Program Director),5.0,ucsf,West,9,123
34,R_sp3hfKBEOZVf7qx,4,4,4,3,3,2,5,4,2,4,3,2,5,3,5,5,5,5,4,3,5,5,4,4,4,4,4,1,4,4,5,3.6666666666666665,4.5,3.5,4.0,2.6666666666666665,"['Abdominal Wall/Hernia Surgery', 'Acute Care Surgery/Emergency General Surgery', 'Bariatric/Minimally Invasive Surgery']",,15.0,ucsf,West,9,123
35,R_3hFudgXE3gQSbBg,5,5,4,4,2,2,5,5,5,1,1,5,5,5,5,5,5,5,5,5,5,5,5,5,5,5,5,5,4,5,4,4.666666666666667,5.0,4.75,5.0,2.6666666666666665,"['Abdominal Wall/Hernia Surgery', 'Acute Care Surgery/Emergency General Surgery', 'Bariatric/Minimally Invasive Surgery', 'Breast Surgery', 'Colon and Rectal Surgery', 'Endocrine Surgery', 'Hepatopancreaticobiliary Surgery', 'Pediatric Surgery', 'Plastics Surgery', 'Surgical Oncology', 'Thoracic Surgery', 'Trauma Surgery/Critical Care']",,18.0,ucsf,West,9,123
36,R_1gjsUSHUuN0k5f3,5,5,5,1,1,1,4,4,5,1,5,3,5,5,5,5,5,5,5,5,4,5,3,2,3,1,4,1,1,2,4,2.1666666666666665,4.666666666666667,4.5,2.6666666666666665,1.0,['Vascular Surgery'],,17.0,ucsf,West,9,123
37,R_3O7j5HCRPjvtOT4,4,4,4,1,1,1,4,4,5,2,4,3,5,5,5,5,5,5,5,5,5,4,3,5,3,5,3,1,2,3,4,3.0,4.666666666666667,3.75,3.6666666666666665,1.0,"['Abdominal Wall/Hernia Surgery', 'Acute Care Surgery/Emergency General Surgery', 'Colon and Rectal Surgery', 'Trauma Surgery/Critical Care']",Program Director (or Assistant Program Director),20.0,ucsf,West,9,123
38,R_1IyO5XPbBJFqiDC,3,3,3,3,3,2,1,1,4,4,1,4,2,1,3,1,4,1,2,2,5,3,4,3,5,1,1,1,1,1,1,1.0,1.6666666666666667,3.25,4.0,2.6666666666666665,['Surgical Oncology'],,,ucsf,West,9,123
39,R_uaW8pwWcqkRvBDz,5,5,4,4,1,1,5,4,3,5,4,4,5,5,5,5,4,5,5,5,5,4,4,4,5,4,2,2,3,3,5,3.1666666666666665,4.666666666666667,4.5,4.333333333333333,2.0,['Colon and Rectal Surgery'],Program Director (or Assistant Program Director),20.0,washu,Midwest,7,99
40,R_3Gqcswr53rgE6g6,5,5,5,3,2,2,5,5,4,4,3,4,4,4,5,5,5,5,5,5,5,5,5,3,5,3,4,2,3,3,4,3.1666666666666665,4.666666666666667,4.75,4.333333333333333,2.3333333333333335,['Colon and Rectal Surgery'],,3.0,washu,Midwest,7,99
41,R_2PC2kfsNSpHfqT6,3,3,3,1,1,1,5,4,3,4,1,2,5,5,3,5,4,4,5,2,5,1,3,2,3,3,3,1,3,3,4,2.8333333333333335,4.666666666666667,2.75,2.6666666666666665,1.0,['Cardiac Surgery'],,1.0,washu,Midwest,7,99
42,R_7PbnGOA09AbAlMZ,4,5,4,1,2,1,4,4,4,4,3,1,4,5,4,5,5,5,5,5,5,5,5,5,5,5,5,5,3,5,3,4.333333333333333,4.5,3.5,5.0,1.3333333333333333,['Breast Surgery'],Program Director (or Assistant Program Director),17.0,washu,Midwest,7,99
43,R_239W2TdvkmwwlO3,2,3,3,3,1,1,4,4,2,5,3,3,4,5,2,2,5,5,5,3,5,5,3,3,4,2,3,3,2,2,2,2.3333333333333335,4.0,2.75,3.3333333333333335,1.6666666666666667,['Abdominal Wall/Hernia Surgery'],Program Director (or Assistant Program Director),8.0,washu,Midwest,7,99
44,R_30eodJes6HCqG3p,4,3,4,2,1,2,4,4,3,4,2,4,3,3,4,3,4,4,4,5,5,3,2,3,3,1,3,2,2,2,2,2.0,3.5,3.75,2.6666666666666665,1.6666666666666667,['Trauma Surgery/Critical Care'],,5.0,washu,Midwest,7,99
45,R_2atzrwARXYyEBaw,3,4,3,2,2,2,4,4,2,2,2,2,3,4,1,3,5,3,3,4,4,1,1,1,1,4,1,1,1,3,1,1.8333333333333333,3.8333333333333335,3.0,1.0,2.0,['Thoracic Surgery'],,,washu,Midwest,7,99
46,R_shxDQuuusF0Td4J,3,4,3,1,1,1,5,5,3,1,1,1,5,5,2,5,5,2,5,5,5,5,5,5,5,5,5,5,5,5,5,5.0,5.0,2.75,5.0,1.0,['Colon and Rectal Surgery'],Program Director (or Assistant Program Director),,washu,Midwest,7,99
47,R_2pLzzV1ZoRrDqEu,5,4,3,1,1,1,4,3,4,4,3,4,5,3,3,5,5,5,5,2,1,3,3,3,4,2,4,1,3,4,3,2.8333333333333335,4.166666666666667,4.0,3.3333333333333335,1.0,['Trauma Surgery/Critical Care'],,2.0,washu,Midwest,7,99
48,R_3P77ogJCsXMLrkG,5,4,4,3,1,1,4,5,2,3,2,3,5,5,4,4,5,3,5,5,5,5,3,3,3,4,4,2,3,4,4,3.5,4.666666666666667,4.0,3.0,1.6666666666666667,['Pediatric Surgery'],,20.0,washu,Midwest,7,99
49,R_ZsNmilpVTREaUEx,2,2,2,1,1,1,3,3,5,4,5,1,3,3,4,4,4,4,5,5,5,2,3,1,3,1,1,1,1,1,2,1.1666666666666667,3.3333333333333335,1.75,2.3333333333333335,1.0,['Vascular Surgery'],Program Director (or Assistant Program Director),32.0,washu,Midwest,7,99
50,R_3GrkOWBpB09cgN4,3,4,3,3,1,1,4,4,3,3,3,3,5,5,5,5,4,3,5,5,5,5,5,5,5,5,5,5,5,5,5,5.0,4.5,3.25,5.0,1.6666666666666667,['Trauma Surgery/Critical Care'],,7.0,washu,Midwest,7,99
51,R_23X2YZ01lZSOLvT,4,2,3,2,1,1,4,3,3,4,4,1,4,3,5,5,2,2,3,2,4,2,4,2,5,1,3,1,2,1,4,2.0,3.5,2.5,3.6666666666666665,1.3333333333333333,"['Acute Care Surgery/Emergency General Surgery', 'Trauma Surgery/Critical Care']",Program Director (or Assistant Program Director),5.0,washu,Midwest,7,99
52,R_1ITrvE9yk66ybGy,2,2,2,1,1,1,5,5,4,4,2,1,2,2,2,4,2,1,2,5,5,1,3,2,3,1,1,1,1,1,1,1.0,3.3333333333333335,1.75,2.6666666666666665,1.0,['Vascular Surgery'],,8.0,washu,Midwest,7,99
53,R_3dXmj7M29TwPkQE,5,4,4,1,2,2,4,4,3,4,4,4,5,5,5,5,5,4,5,5,5,5,4,3,3,3,4,1,1,1,1,1.8333333333333333,4.666666666666667,4.25,3.3333333333333335,1.6666666666666667,['Endocrine Surgery'],,4.0,washu,Midwest,7,99
54,R_2DMIj31kHmMcbY8,2,4,3,2,3,3,4,4,2,4,1,3,5,5,5,5,4,5,4,5,5,5,3,5,3,5,5,2,3,5,3,3.8333333333333335,4.5,3.0,3.6666666666666665,2.6666666666666665,"['Acute Care Surgery/Emergency General Surgery', 'Trauma Surgery/Critical Care']",,23.0,washu,Midwest,7,99
55,R_2xLXZMsqc3X0hfL,5,5,4,3,2,2,3,3,3,4,3,4,5,5,5,5,5,5,3,3,5,5,4,4,4,4,4,1,1,1,1,2.0,4.333333333333333,4.5,4.0,2.3333333333333335,['Pediatric Surgery'],,5.0,washu,Midwest,7,99
56,R_1DIuaHXKz9twXg8,3,5,3,3,1,1,4,4,4,4,2,2,5,4,4,4,5,5,5,4,5,4,1,1,1,2,1,1,2,2,4,2.0,4.333333333333333,3.25,1.0,1.6666666666666667,"['Abdominal Wall/Hernia Surgery', 'Acute Care Surgery/Emergency General Surgery', 'Colon and Rectal Surgery']",,28.0,washu,Midwest,7,99
57,R_AssUgqlZQVHuQLL,2,4,3,1,1,1,2,3,2,4,2,3,5,5,5,5,5,4,5,3,4,1,2,3,4,3,2,3,3,3,2,2.6666666666666665,4.166666666666667,3.0,3.0,1.0,['Bariatric/Minimally Invasive Surgery'],Program Director (or Assistant Program Director),26.0,washu,Midwest,7,99
58,R_b90CMdBj6iQqLU5,5,5,4,4,1,1,5,3,3,4,2,5,5,5,3,4,5,5,5,5,5,5,1,2,2,3,2,2,1,2,4,2.3333333333333335,4.5,4.75,1.6666666666666667,2.0,['Endocrine Surgery'],,23.0,washu,Midwest,7,99
59,R_3Egxk6TdU3acfaa,5,4,4,3,1,1,5,5,5,4,5,3,5,5,5,5,5,5,5,5,4,4,3,3,4,4,3,1,4,4,4,3.3333333333333335,5.0,4.0,3.3333333333333335,1.6666666666666667,['Thoracic Surgery'],,25.0,washu,Midwest,7,99
60,R_AA2QAsjxWke1z2x,5,3,3,3,1,1,5,4,4,4,2,4,5,5,5,5,5,5,5,2,5,5,5,5,5,5,5,1,1,5,1,3.0,4.833333333333333,3.75,5.0,1.6666666666666667,"['Breast Surgery', 'Surgical Oncology']",,20.0,washu,Midwest,7,99
61,R_2rpiMiAlsPTav2k,2,2,2,1,1,1,2,4,4,4,3,2,3,4,2,2,5,5,5,5,5,5,3,2,4,3,2,1,2,2,3,2.1666666666666665,3.3333333333333335,2.0,3.0,1.0,['Bariatric/Minimally Invasive Surgery'],Program Director (or Assistant Program Director),14.0,washu,Midwest,7,99
62,R_XtyH5hQvA3GzYop,5,5,4,2,1,3,4,4,3,5,2,5,5,5,5,5,5,5,5,5,5,5,5,5,5,5,5,2,2,3,4,3.5,4.666666666666667,4.75,5.0,2.0,['Bariatric/Minimally Invasive Surgery'],,7.0,washu,Midwest,7,99
63,R_6lg5NvipUsF30t3,3,2,3,3,1,2,2,4,3,3,4,1,3,5,5,5,5,3,4,5,2,2,5,2,5,3,4,2,2,3,4,3.0,4.0,2.25,4.0,2.0,['Trauma Surgery/Critical Care'],,1.0,washu,Midwest,7,99
64,R_0kCFGtdXA2I7U7D,4,4,3,1,1,1,2,4,5,5,4,3,2,4,2,4,4,4,4,5,5,5,2,2,2,2,1,1,1,1,1,1.1666666666666667,3.3333333333333335,3.5,2.0,1.0,['Hepatopancreaticobiliary Surgery'],,20.0,washu,Midwest,7,99
65,R_xzJ4K6id78A5y2B,2,2,2,3,2,2,5,4,4,3,4,1,5,4,5,3,4,2,3,5,5,1,4,1,4,1,1,1,1,1,1,1.0,4.166666666666667,1.75,3.0,2.3333333333333335,['Vascular Surgery'],,23.0,washu,Midwest,7,99
66,R_SUz7eT5rFdus8pP,5,5,4,1,1,1,4,4,3,3,2,2,3,5,4,4,5,5,4,5,5,3,5,4,5,5,5,1,4,4,4,3.8333333333333335,4.166666666666667,4.0,4.666666666666667,1.0,"['Abdominal Wall/Hernia Surgery', 'Acute Care Surgery/Emergency General Surgery']",,3.0,washu,Midwest,7,99
67,R_2EgCuYyTqjW8vx8,3,3,3,1,1,1,3,3,4,3,4,1,3,3,1,3,3,3,3,5,5,5,3,3,3,3,3,3,2,2,2,2.5,3.0,2.5,3.0,1.0,['Colon and Rectal Surgery'],Program Director (or Assistant Program Director),10.0,washu,Midwest,7,99
68,R_33ds7o7P5V2FTAY,5,4,5,1,1,1,4,4,4,3,3,3,4,4,2,2,5,4,4,5,5,5,4,4,4,4,4,2,2,4,3,3.1666666666666665,3.8333333333333335,4.25,4.0,1.0,['Thoracic Surgery'],,3.0,washu,Midwest,7,99
69,R_2fByou8nvRRsOrv,5,3,4,2,1,1,4,4,2,5,3,4,3,5,5,5,5,5,5,5,5,5,4,4,4,3,1,1,1,2,3,1.8333333333333333,4.333333333333333,4.0,4.0,1.3333333333333333,"['Hepatopancreaticobiliary Surgery', 'Transplant Surgery']",,6.0,washu,Midwest,7,99
70,R_2P29uuCaobEYRUw,3,3,3,3,3,3,3,3,3,2,3,2,3,3,3,3,3,3,3,3,3,3,2,2,2,2,2,2,2,2,2,2.0,3.0,2.75,2.0,3.0,['Other'],,,washu,Midwest,7,99
71,R_22VvC1r84TcPmqq,5,5,5,3,2,2,2,2,3,1,2,4,2,4,4,4,5,2,4,4,5,4,5,5,5,5,5,5,5,5,5,5.0,3.1666666666666665,4.75,5.0,2.3333333333333335,['Hepatopancreaticobiliary Surgery'],,1.0,washu,Midwest,7,99
72,R_2bZBslerj3DMla2,5,5,5,1,1,1,4,4,5,1,5,4,5,5,1,1,5,2,5,5,5,1,2,2,2,2,2,1,2,2,2,1.8333333333333333,4.0,4.75,2.0,1.0,['Cardiac Surgery'],,6.0,washu,Midwest,7,99
73,R_UhFGPOiFQyiD7lD,3,2,3,1,1,1,5,3,2,1,5,1,5,5,5,5,5,5,4,5,5,5,1,1,1,3,1,1,1,1,1,1.3333333333333333,4.666666666666667,2.25,1.0,1.0,['Surgical Oncology'],Department Chair,23.0,washu,Midwest,7,99
74,R_2txR0mP9V8dA351,5,5,5,2,2,2,4,3,3,3,2,3,4,3,3,4,5,5,5,5,5,3,3,3,3,4,2,2,3,4,1,2.6666666666666665,3.8333333333333335,4.5,3.0,2.0,['Transplant Surgery'],Program Director (or Assistant Program Director),1.0,washu,Midwest,7,99
75,R_2anudYeXDJQ6Zsu,2,4,3,1,1,1,4,4,4,3,3,2,4,4,4,4,5,2,4,1,5,5,4,4,4,4,4,1,3,3,3,3.0,4.166666666666667,2.75,4.0,1.0,['Pediatric Surgery'],,6.0,washu,Midwest,7,99
76,R_2CE2cX0g5eeVA13,2,2,3,3,2,1,4,4,3,4,4,2,2,2,5,5,3,3,2,3,5,4,2,2,4,4,2,1,2,2,2,2.1666666666666665,3.3333333333333335,2.25,2.6666666666666665,2.0,['Pediatric Surgery'],Program Director (or Assistant Program Director),26.0,washu,Midwest,7,99
77,R_2ro1PARHbeh2GrX,4,4,4,1,1,1,3,3,5,3,3,2,3,4,4,4,4,4,4,5,4,4,3,4,4,4,4,4,4,4,4,4.0,3.5,3.5,3.6666666666666665,1.0,"['Abdominal Wall/Hernia Surgery', 'Acute Care Surgery/Emergency General Surgery', 'Bariatric/Minimally Invasive Surgery', 'Breast Surgery', 'Colon and Rectal Surgery', 'Endocrine Surgery', 'Hepatopancreaticobiliary Surgery', 'Pediatric Surgery']",,32.0,washu,Midwest,7,99
78,R_Qh1HxO1KFRChkYN,3,4,5,1,2,2,5,5,2,4,4,1,5,4,3,3,5,5,4,3,4,3,5,3,5,1,4,1,1,3,1,1.8333333333333333,4.5,3.25,4.333333333333333,1.6666666666666667,"['Abdominal Wall/Hernia Surgery', 'Acute Care Surgery/Emergency General Surgery']",,20.0,washu,Midwest,7,99
79,R_XOpigBJlgrfT6W5,4,2,3,3,2,2,4,4,3,5,2,3,3,4,5,5,4,2,4,2,5,4,5,4,5,3,5,2,3,3,5,3.5,4.0,3.0,4.666666666666667,2.3333333333333335,"['Abdominal Wall/Hernia Surgery', 'Hepatopancreaticobiliary Surgery']",Program Director (or Assistant Program Director),16.0,washu,Midwest,7,99
80,R_3KxsI7XvqtYgZwK,1,2,2,3,1,2,5,5,4,3,3,3,4,4,5,4,3,1,1,5,5,2,4,2,4,2,1,1,1,1,1,1.1666666666666667,4.166666666666667,2.0,3.3333333333333335,2.0,['Vascular Surgery'],,20.0,washu,Midwest,7,99
81,R_3Ed8uhovlsRVJYq,5,4,5,3,1,1,5,4,5,3,5,4,5,5,5,5,5,4,5,3,3,3,5,2,4,3,4,3,5,2,4,3.5,4.833333333333333,4.5,3.6666666666666665,1.6666666666666667,"['Abdominal Wall/Hernia Surgery', 'Acute Care Surgery/Emergency General Surgery', 'Bariatric/Minimally Invasive Surgery', 'Breast Surgery', 'Cardiac Surgery', 'Colon and Rectal Surgery', 'Endocrine Surgery', 'Hepatopancreaticobiliary Surgery', 'Pediatric Surgery', 'Surgical Oncology', 'Vascular Surgery', 'Thoracic Surgery', 'Trauma Surgery/Critical Care']",,2.0,washu,Midwest,7,99
82,R_1IF3PLpW5nl93hx,3,3,4,1,2,1,3,2,4,4,2,1,2,2,4,5,5,3,2,5,5,5,2,2,2,2,1,2,1,1,1,1.3333333333333333,3.1666666666666665,2.75,2.0,1.3333333333333333,['Colon and Rectal Surgery'],,,washu,Midwest,7,99
83,R_2U478FaHpQOHa2o,3,2,2,1,1,1,5,5,2,4,4,2,3,5,2,5,5,3,5,5,3,5,3,2,4,3,1,3,2,1,1,1.8333333333333333,4.666666666666667,2.25,3.0,1.0,"['Acute Care Surgery/Emergency General Surgery', 'Trauma Surgery/Critical Care']",,,washu,Midwest,7,99
84,R_1pRNL8T5PVyxJpN,4,4,4,3,3,2,4,2,4,4,3,4,3,3,3,3,4,4,5,5,5,5,5,5,5,5,5,5,5,5,5,5.0,3.1666666666666665,4.0,5.0,2.6666666666666665,['Colon and Rectal Surgery'],,21.0,washu,Midwest,7,99
85,R_27g94Yk2FuhSI2v,5,5,5,5,4,5,5,5,3,5,1,5,5,4,5,5,5,5,5,5,5,5,5,5,5,5,5,5,5,5,5,5.0,4.833333333333333,5.0,5.0,4.666666666666667,['Acute Care Surgery/Emergency General Surgery'],,18.0,washu,Midwest,7,99
86,R_32JhyFZbxUbckic,3,2,3,1,1,1,4,3,3,4,2,2,3,3,4,4,4,3,5,4,4,4,3,3,3,3,3,3,3,3,3,3.0,3.5,2.5,3.0,1.0,"['Abdominal Wall/Hernia Surgery', 'Acute Care Surgery/Emergency General Surgery', 'Endocrine Surgery']",,4.0,washu,Midwest,7,99
87,R_2SBo2pr43xXI7gm,3,2,3,2,2,2,3,3,4,3,3,2,4,4,4,4,4,4,4,4,4,4,1,1,3,3,1,1,1,1,1,1.3333333333333333,3.6666666666666665,2.5,1.6666666666666667,2.0,['Cardiac Surgery'],,11.0,washu,Midwest,7,99
88,R_0NBvYPFGDwGKwcF,4,5,4,1,2,2,4,3,2,5,3,2,4,5,5,5,5,3,2,5,5,2,3,3,4,2,1,1,3,2,2,1.8333333333333333,4.333333333333333,3.75,3.3333333333333335,1.6666666666666667,['Bariatric/Minimally Invasive Surgery'],,4.0,washu,Midwest,7,99
89,R_2fvRJknFO6JgrEs,3,3,3,2,2,2,4,4,3,4,2,2,5,5,5,5,5,5,3,5,5,5,5,5,5,4,5,4,3,3,3,3.6666666666666665,4.666666666666667,2.75,5.0,2.0,['Trauma Surgery/Critical Care'],,10.0,washu,Midwest,7,99
90,R_2rCkgOkh9r4mZTu,3,3,3,3,3,3,3,3,3,3,3,3,3,3,3,3,3,3,3,3,3,3,3,3,3,3,3,3,3,3,3,3.0,3.0,3.0,3.0,3.0,['Hepatopancreaticobiliary Surgery'],,5.0,washu,Midwest,7,99
91,R_3I3ujBMAXA1w50G,5,5,4,2,1,1,4,4,5,1,2,5,4,5,5,5,5,4,5,3,5,4,5,5,5,5,5,3,3,3,4,3.8333333333333335,4.5,4.75,5.0,1.3333333333333333,"['Abdominal Wall/Hernia Surgery', 'Acute Care Surgery/Emergency General Surgery', 'Bariatric/Minimally Invasive Surgery', 'Trauma Surgery/Critical Care']",,12.0,washu,Midwest,7,99
92,R_2OQ5s6sOHgYS7E2,3,3,3,3,1,2,4,4,3,4,2,3,5,5,4,4,4,3,3,2,1,5,3,3,4,4,2,2,2,2,2,2.3333333333333335,4.333333333333333,3.0,3.3333333333333335,2.0,['Colon and Rectal Surgery'],,1.0,washu,Midwest,7,99
93,R_3r0BFqeVcWKjckD,2,3,3,3,1,2,5,3,2,4,2,2,3,3,1,3,4,4,3,5,3,5,3,3,3,3,3,3,3,3,3,3.0,3.5,2.5,3.0,2.0,['Transplant Surgery'],,1.0,washu,Midwest,7,99
94,R_3nTmUri7WoL1aOw,5,5,4,3,2,2,5,5,3,4,2,5,5,5,3,4,5,2,5,5,5,5,2,3,1,2,1,2,3,3,3,2.3333333333333335,4.833333333333333,4.75,2.0,2.3333333333333335,"['Abdominal Wall/Hernia Surgery', 'Endocrine Surgery']",,26.0,washu,Midwest,7,99
95,R_2dvbzONLMKjJHgn,4,4,4,1,1,1,5,5,2,4,3,2,4,4,3,2,5,4,4,5,5,5,4,4,5,5,3,2,3,3,3,3.1666666666666665,4.166666666666667,3.5,4.333333333333333,1.0,['Transplant Surgery'],,1.0,washu,Midwest,7,99
96,R_saQqkPLD6gCzE2t,4,4,3,2,1,1,5,5,5,2,2,1,5,5,5,5,5,5,5,5,5,5,5,5,5,4,4,1,5,5,5,4.0,5.0,3.0,5.0,1.3333333333333333,['Surgical Oncology'],,10.0,und,Midwest,8,11
97,R_1DZJ8RKyRh2ysE0,4,4,3,4,1,2,5,4,2,2,5,2,4,4,4,4,4,3,2,5,5,4,3,3,4,3,3,1,2,2,2,2.1666666666666665,4.166666666666667,3.25,3.3333333333333335,2.3333333333333335,"['Abdominal Wall/Hernia Surgery', 'Acute Care Surgery/Emergency General Surgery', 'Trauma Surgery/Critical Care']",,30.0,und,Midwest,8,11
98,R_2BfXzIypRtLQHZb,2,3,3,2,1,2,3,2,2,1,2,2,3,2,2,2,4,4,3,4,4,4,3,3,3,3,3,3,1,1,1,2.0,2.6666666666666665,2.5,3.0,1.6666666666666667,"['Abdominal Wall/Hernia Surgery', 'Acute Care Surgery/Emergency General Surgery', 'Colon and Rectal Surgery']",,12.0,und,Midwest,8,11
99,R_QhNnooIIztQ2ZlD,4,4,4,2,2,3,3,2,4,3,1,3,4,3,3,2,5,4,4,5,5,5,4,4,4,4,4,4,4,4,4,4.0,3.1666666666666665,3.75,4.0,2.3333333333333335,['Acute Care Surgery/Emergency General Surgery'],,5.0,und,Midwest,8,11
100,R_10UaOW7xBXiXL5G,2,2,2,2,1,1,4,4,2,4,2,1,3,4,1,4,3,2,3,2,2,1,2,1,2,3,1,1,1,2,1,1.5,3.6666666666666665,1.75,1.6666666666666667,1.3333333333333333,"['Acute Care Surgery/Emergency General Surgery', 'Trauma Surgery/Critical Care']",Program Director (or Assistant Program Director),15.0,und,Midwest,8,11
101,R_2EF4VCSzAejGddJ,4,4,4,3,1,1,4,4,5,1,4,4,3,4,1,1,5,5,5,5,5,3,3,3,3,3,3,3,1,3,3,2.6666666666666665,3.5,4.0,3.0,1.6666666666666667,"['Abdominal Wall/Hernia Surgery', 'Acute Care Surgery/Emergency General Surgery', 'Trauma Surgery/Critical Care']",Program Director (or Assistant Program Director),21.0,lehigh,Northeast,3,55
102,R_1l9JWGNAOhwXL8A,5,4,4,1,1,1,2,3,5,4,5,4,2,5,5,5,5,5,5,5,5,5,5,5,5,1,5,2,2,2,3,2.5,3.6666666666666665,4.25,5.0,1.0,['Pediatric Surgery'],,14.0,lehigh,Northeast,3,55
103,R_1rxAih9TOpteG5G,3,3,4,2,2,3,4,3,3,3,3,3,3,2,2,2,3,3,3,3,3,3,3,3,3,3,3,3,3,3,3,3.0,2.8333333333333335,3.25,3.0,2.3333333333333335,['Acute Care Surgery/Emergency General Surgery'],,1.0,lehigh,Northeast,3,55
104,R_2dviQmjAazqFaQo,3,1,3,1,1,1,4,4,5,5,3,1,3,4,2,5,5,1,1,5,5,1,4,4,4,4,3,3,3,2,3,3.0,4.166666666666667,2.0,4.0,1.0,['Pediatric Surgery'],,18.0,lehigh,Northeast,3,55
105,R_2Vlj7rUE9JqtOd2,5,5,5,1,1,1,5,5,5,1,5,5,5,5,5,5,5,5,5,2,5,5,5,5,5,1,1,1,1,1,1,1.0,5.0,5.0,5.0,1.0,"['Abdominal Wall/Hernia Surgery', 'Acute Care Surgery/Emergency General Surgery', 'Trauma Surgery/Critical Care']",,16.0,lehigh,Northeast,3,55
106,R_1gRvKfCTUXixOEb,3,3,3,3,1,1,4,4,4,3,2,1,3,3,5,5,5,2,1,1,3,5,4,4,5,3,4,3,1,1,1,2.1666666666666665,4.0,2.5,4.333333333333333,1.6666666666666667,['Vascular Surgery'],,25.0,lehigh,Northeast,3,55
107,R_XzhJVEHKpVJNZpn,5,3,5,3,1,3,4,4,3,2,4,3,4,2,3,3,4,2,2,1,2,3,2,1,2,1,2,1,1,1,1,1.1666666666666667,3.5,4.0,1.6666666666666667,2.3333333333333335,"['Abdominal Wall/Hernia Surgery', 'Acute Care Surgery/Emergency General Surgery', 'Colon and Rectal Surgery', 'Hepatopancreaticobiliary Surgery']",Program Director (or Assistant Program Director),12.0,lehigh,Northeast,3,55
108,R_1imx1MSykMkrOom,4,5,4,3,2,2,4,3,4,3,4,5,4,3,5,5,4,3,5,5,5,5,4,4,3,3,3,1,1,1,3,2.0,3.8333333333333335,4.5,3.6666666666666665,2.3333333333333335,"['Abdominal Wall/Hernia Surgery', 'Acute Care Surgery/Emergency General Surgery', 'Endocrine Surgery']",,11.0,lehigh,Northeast,3,55
109,R_2cdSJKOOxBslwUk,2,3,3,3,1,2,5,5,3,3,2,2,5,5,3,5,4,3,4,5,4,4,4,2,3,3,2,1,2,2,2,2.0,4.833333333333333,2.5,3.0,2.0,"['Acute Care Surgery/Emergency General Surgery', 'Trauma Surgery/Critical Care']",,2.0,lehigh,Northeast,3,55
110,R_1eWrKoksiLibRej,3,3,3,3,3,3,3,3,3,4,3,3,4,4,5,5,5,5,5,1,5,5,2,3,2,4,3,1,2,2,2,2.3333333333333335,4.0,3.0,2.3333333333333335,3.0,['Vascular Surgery'],Program Director (or Assistant Program Director),15.0,lehigh,Northeast,3,55
111,R_Zt98xiUdY2M5kcN,4,4,4,4,4,4,5,5,4,4,3,2,5,5,3,5,5,5,1,1,5,1,1,1,2,4,1,1,1,1,3,1.8333333333333333,5.0,3.5,1.3333333333333333,4.0,"['Acute Care Surgery/Emergency General Surgery', 'Plastics Surgery', 'Trauma Surgery/Critical Care']",,25.0,lehigh,Northeast,3,55
112,R_3nkeXM71TuGtXY7,4,4,3,1,1,1,4,3,5,2,4,3,4,4,1,3,5,4,5,4,5,5,5,4,5,4,4,3,4,4,4,3.8333333333333335,3.8333333333333335,3.5,4.666666666666667,1.0,['Bariatric/Minimally Invasive Surgery'],,17.0,lehigh,Northeast,3,55
113,R_dbX201lruYaENR7,3,2,3,2,1,3,3,4,1,4,3,2,3,3,1,3,3,1,2,5,5,3,5,1,5,1,2,1,1,1,1,1.1666666666666667,3.1666666666666665,2.5,3.6666666666666665,2.0,"['Abdominal Wall/Hernia Surgery', 'Acute Care Surgery/Emergency General Surgery', 'Trauma Surgery/Critical Care']",,4.0,lehigh,Northeast,3,55
114,R_1dF7UgUeUGWovLZ,3,3,4,3,1,2,4,4,1,4,4,3,5,5,3,5,3,1,2,1,3,5,4,2,3,1,2,2,1,1,2,1.5,4.333333333333333,3.25,3.0,2.0,"['Abdominal Wall/Hernia Surgery', 'Acute Care Surgery/Emergency General Surgery']",Program Director (or Assistant Program Director),,lehigh,Northeast,3,55
115,R_BS1ZehVXZKWIKv7,3,3,3,1,3,1,4,4,3,3,2,4,5,5,5,5,5,3,1,5,5,5,5,5,5,2,3,1,2,2,4,2.3333333333333335,4.666666666666667,3.25,5.0,1.6666666666666667,['Trauma Surgery/Critical Care'],,25.0,lehigh,Northeast,3,55
116,R_1Cm9yIGMYwVkuSe,5,5,5,3,2,1,4,4,4,1,3,5,4,4,2,4,5,4,5,4,5,3,5,5,5,3,3,2,2,2,1,2.1666666666666665,4.166666666666667,5.0,5.0,2.0,"['Abdominal Wall/Hernia Surgery', 'Endocrine Surgery', 'Hepatopancreaticobiliary Surgery', 'Surgical Oncology', 'Transplant Surgery']",Program Director (or Assistant Program Director),11.0,lehigh,Northeast,3,55
117,R_xEZj3pUGXDMZIfT,5,5,4,1,1,1,4,4,4,3,4,2,5,5,5,5,5,5,5,5,5,3,2,2,2,2,2,2,3,3,3,2.5,4.666666666666667,4.0,2.0,1.0,['Pediatric Surgery'],Program Director (or Assistant Program Director),7.0,lehigh,Northeast,3,55
118,R_2UWpCS5RBPaA3Iv,3,4,3,5,2,2,4,5,4,4,5,2,4,4,1,5,5,3,2,5,5,5,2,2,4,4,5,2,2,4,5,3.6666666666666665,4.5,3.0,2.6666666666666665,3.0,"['Acute Care Surgery/Emergency General Surgery', 'Pediatric Surgery', 'Plastics Surgery']",,22.0,lehigh,Northeast,3,55
119,R_2ZK4wuIarxnJyB9,3,4,5,3,1,3,4,2,5,4,5,5,4,2,1,1,1,1,1,2,4,2,3,3,4,2,3,2,3,3,3,2.6666666666666665,2.3333333333333335,4.25,3.3333333333333335,2.3333333333333335,"['Abdominal Wall/Hernia Surgery', 'Acute Care Surgery/Emergency General Surgery', 'Colon and Rectal Surgery', 'Trauma Surgery/Critical Care']",,12.0,lehigh,Northeast,3,55
120,R_Ua86DkiyOqbCBSp,5,5,4,1,1,1,3,5,5,1,5,1,5,5,5,5,5,5,5,5,5,5,5,5,5,5,5,5,3,5,5,4.666666666666667,4.666666666666667,3.75,5.0,1.0,"['Abdominal Wall/Hernia Surgery', 'Acute Care Surgery/Emergency General Surgery', 'Bariatric/Minimally Invasive Surgery', 'Endocrine Surgery']",,32.0,lahey,Northeast,1,38
121,R_3kH69Vk2aGDnz1m,4,4,4,1,1,1,5,5,5,4,4,1,5,5,5,5,5,5,5,5,5,5,5,5,5,1,1,1,1,1,1,1.0,5.0,3.25,5.0,1.0,"['Acute Care Surgery/Emergency General Surgery', 'Trauma Surgery/Critical Care']",,,lahey,Northeast,1,38
122,R_2cthvSPZIZMn7y6,4,4,3,3,1,1,4,3,4,4,3,2,5,3,5,5,4,4,3,5,5,4,4,4,4,2,3,2,3,3,4,2.8333333333333335,4.0,3.25,4.0,1.6666666666666667,"['Abdominal Wall/Hernia Surgery', 'Acute Care Surgery/Emergency General Surgery', 'Bariatric/Minimally Invasive Surgery', 'Colon and Rectal Surgery']",,6.0,lahey,Northeast,1,38
123,R_22P4uoBqFw6AaB9,3,4,3,3,1,2,4,4,4,3,1,3,5,4,5,5,5,3,5,5,5,4,1,1,1,1,1,1,1,1,1,1.0,4.5,3.25,1.0,2.0,"['Abdominal Wall/Hernia Surgery', 'Acute Care Surgery/Emergency General Surgery', 'Trauma Surgery/Critical Care']",,15.0,lahey,Northeast,1,38
124,R_PML7XAVKkG0hh4d,4,3,4,2,1,2,4,4,4,3,5,3,5,5,4,4,5,4,5,5,5,4,5,5,5,3,4,3,4,4,5,3.8333333333333335,4.5,3.5,5.0,1.6666666666666667,"['Abdominal Wall/Hernia Surgery', 'Acute Care Surgery/Emergency General Surgery', 'Bariatric/Minimally Invasive Surgery', 'Colon and Rectal Surgery']",,3.0,lahey,Northeast,1,38
125,R_2YtxNvN5s0w2l7N,5,3,3,3,1,3,3,5,4,4,4,1,5,5,1,4,5,5,4,5,5,1,3,3,3,2,3,1,2,2,3,2.1666666666666665,4.5,3.0,3.0,2.3333333333333335,['Vascular Surgery'],Department Chair,35.0,lahey,Northeast,1,38
126,R_12a6fhI3OGX81SR,4,4,4,1,1,2,3,3,4,2,4,3,4,3,4,4,4,3,4,1,4,1,4,4,4,4,4,2,4,4,4,3.6666666666666665,3.5,3.75,4.0,1.3333333333333333,['Vascular Surgery'],,30.0,lahey,Northeast,1,38
127,R_3PjouE8FUpWk7pt,5,5,5,5,2,1,4,4,4,5,5,4,5,5,5,5,5,4,5,5,5,5,5,5,5,5,5,5,5,5,5,5.0,4.666666666666667,4.75,5.0,2.6666666666666665,['Colon and Rectal Surgery'],Department Chair,25.0,lahey,Northeast,1,38
128,R_1Fetqvf0h3BMHy6,4,5,4,4,4,4,3,4,4,3,4,3,4,3,3,3,3,3,4,4,4,4,4,4,4,4,4,4,3,4,4,3.8333333333333335,3.3333333333333335,4.0,4.0,4.0,['Vascular Surgery'],,12.0,lahey,Northeast,1,38
129,R_1od3OOTbbIE08m3,5,3,4,2,1,2,5,5,5,4,3,4,3,3,1,1,5,5,5,5,5,5,5,4,5,1,2,1,1,1,2,1.3333333333333333,3.6666666666666665,4.0,4.666666666666667,1.6666666666666667,['Vascular Surgery'],,3.0,lahey,Northeast,1,38
130,R_6LQTpDF99cMnTgZ,4,5,4,5,2,2,5,4,5,3,3,3,5,5,3,4,5,5,5,5,5,2,5,5,5,5,5,2,4,5,5,4.333333333333333,4.666666666666667,4.0,5.0,3.0,['Vascular Surgery'],"Department Chair,Program Director (or Assistant Program Director)",30.0,lahey,Northeast,1,38
131,R_3JsVq4SxhJ7N77Q,1,3,1,1,1,1,1,1,2,4,3,1,1,1,1,1,1,1,1,1,1,1,1,1,1,1,1,1,1,1,1,1.0,1.0,1.5,1.0,1.0,"['Abdominal Wall/Hernia Surgery', 'Acute Care Surgery/Emergency General Surgery', 'Breast Surgery', 'Endocrine Surgery', 'Surgical Oncology']",,,lahey,Northeast,1,38
132,R_24AfEtMwZ73MYRj,5,5,5,5,1,1,5,4,4,3,5,5,5,5,5,5,5,5,5,4,5,5,5,4,5,5,5,2,5,5,5,4.5,4.833333333333333,5.0,4.666666666666667,2.3333333333333335,"['Abdominal Wall/Hernia Surgery', 'Acute Care Surgery/Emergency General Surgery', 'Trauma Surgery/Critical Care']",,10.0,lahey,Northeast,1,38
133,R_vHXlARDFRaRQBbj,4,4,4,1,1,1,4,4,3,4,2,4,4,4,5,5,5,3,4,5,5,1,5,5,5,5,2,3,3,4,3,3.3333333333333335,4.333333333333333,4.0,5.0,1.0,['Colon and Rectal Surgery'],Program Director (or Assistant Program Director),10.0,lahey,Northeast,1,38
134,R_38fWn4nWrwLvQgp,4,3,3,2,2,2,3,3,3,2,3,3,3,3,4,3,5,3,5,5,5,3,2,2,2,2,2,2,3,3,3,2.5,3.3333333333333335,3.25,2.0,2.0,"['Acute Care Surgery/Emergency General Surgery', 'Trauma Surgery/Critical Care']",,31.0,lahey,Northeast,1,38
135,R_2BbUGsnbQxYXxvr,4,4,4,2,1,1,3,3,3,4,3,3,4,2,5,5,4,2,2,5,5,1,1,3,1,3,1,1,3,3,3,2.3333333333333335,3.5,3.75,1.6666666666666667,1.3333333333333333,['Transplant Surgery'],,3.0,lahey,Northeast,1,38
136,R_1IMH4WuD0Xjmq12,2,3,3,2,2,1,3,3,4,5,3,2,3,3,4,3,5,3,4,3,2,3,2,2,2,2,2,2,1,2,2,1.8333333333333333,3.3333333333333335,2.5,2.0,1.6666666666666667,['Breast Surgery'],,9.0,lahey,Northeast,1,38
137,R_25yfqWHHDPT4CVl,5,5,5,4,1,2,4,4,5,5,4,4,5,5,4,5,4,4,5,5,4,3,5,5,5,4,4,1,1,3,3,2.6666666666666665,4.5,4.75,5.0,2.3333333333333335,"['Abdominal Wall/Hernia Surgery', 'Bariatric/Minimally Invasive Surgery']",,40.0,lahey,Northeast,1,38
138,R_1CvU9wHF99YUsEB,5,4,4,1,1,1,3,3,5,3,3,2,2,2,5,5,5,1,4,3,4,2,2,2,4,3,2,1,2,2,2,2.0,3.3333333333333335,3.75,2.6666666666666665,1.0,['Hepatopancreaticobiliary Surgery'],Department Chair,25.0,lahey,Northeast,1,38
139,R_UKkNGT4Bn95ORjP,3,4,4,2,1,1,4,3,4,3,4,4,4,4,4,4,4,4,4,1,2,1,3,3,3,2,2,1,3,3,2,2.1666666666666665,3.8333333333333335,3.75,3.0,1.3333333333333333,['Vascular Surgery'],,30.0,lahey,Northeast,1,38
140,R_2Cy4ScFJIPWiAT4,4,2,4,1,1,1,4,3,4,4,3,4,5,5,5,5,5,4,5,5,5,5,5,5,5,5,4,4,4,4,4,4.166666666666667,4.5,3.5,5.0,1.0,['Colon and Rectal Surgery'],,3.0,lahey,Northeast,1,38
141,R_3EGajxIKH3YTubJ,2,2,3,3,1,1,4,4,5,1,3,2,4,4,4,4,3,3,2,5,4,3,1,3,1,2,2,2,2,2,3,2.1666666666666665,3.8333333333333335,2.25,1.6666666666666667,1.6666666666666667,"['Abdominal Wall/Hernia Surgery', 'Acute Care Surgery/Emergency General Surgery']",Department Chair,33.0,lahey,Northeast,1,38
142,R_ThcMkgoJj9g2Vax,4,3,4,1,1,1,4,5,5,4,4,2,4,4,3,5,5,4,1,5,5,1,2,2,4,2,3,1,2,2,3,2.1666666666666665,4.5,3.25,2.6666666666666665,1.0,['Vascular Surgery'],Department Chair,35.0,lahey,Northeast,1,38
143,R_1CBeSVh0Pbdmyxo,3,4,3,3,2,2,4,3,4,4,3,2,5,4,4,5,4,5,3,4,5,2,4,1,4,1,4,1,1,1,1,1.5,4.166666666666667,3.0,3.0,2.3333333333333335,['Abdominal Wall/Hernia Surgery'],,30.0,vanderbilt,Southeast,4,88
144,R_10Ss4g1gSfQXL6w,5,5,4,1,1,1,4,3,3,4,4,5,5,5,5,5,5,5,5,5,5,4,5,5,5,5,5,3,4,4,5,4.333333333333333,4.5,4.75,5.0,1.0,"['Hepatopancreaticobiliary Surgery', 'Surgical Oncology']",,10.0,vanderbilt,Southeast,4,88
145,R_24pisG2hsqMH7ZY,4,4,4,4,2,3,5,5,4,4,3,4,4,4,5,4,5,3,3,4,4,4,2,3,3,4,3,2,1,1,1,2.0,4.5,4.0,2.6666666666666665,3.0,['Other'],,40.0,vanderbilt,Southeast,4,88
146,R_1H8k9rFMhAow3Wx,5,5,5,1,2,2,5,5,3,3,3,2,5,5,5,5,5,5,5,5,5,5,1,5,5,5,5,5,1,5,5,4.333333333333333,5.0,4.25,3.6666666666666665,1.6666666666666667,['Acute Care Surgery/Emergency General Surgery'],,15.0,vanderbilt,Southeast,4,88
147,R_3ew21VBTSFHvZfG,5,5,4,2,1,2,4,4,4,1,3,4,5,5,5,5,5,5,5,5,5,5,3,5,3,5,5,3,3,3,5,4.0,4.666666666666667,4.5,3.6666666666666665,1.6666666666666667,['Endocrine Surgery'],Department Chair,22.0,vanderbilt,Southeast,4,88
148,R_3qyqSUxKSDrEbv6,3,3,4,2,1,1,4,4,4,1,5,2,5,4,5,5,5,5,5,4,1,2,5,5,5,3,1,2,3,2,2,2.1666666666666665,4.5,3.0,5.0,1.3333333333333333,"['Acute Care Surgery/Emergency General Surgery', 'Trauma Surgery/Critical Care']",Program Director (or Assistant Program Director),7.0,vanderbilt,Southeast,4,88
149,R_r3gOWTtVPw1MJNv,3,4,3,3,1,1,5,3,4,1,5,4,5,3,4,4,5,5,4,5,5,5,4,4,4,4,4,4,4,4,2,3.6666666666666665,4.166666666666667,3.5,4.0,1.6666666666666667,['Colon and Rectal Surgery'],,,vanderbilt,Southeast,4,88
150,R_12EBfLJeD9sfTrj,5,5,4,1,1,1,5,4,3,4,2,3,4,5,5,5,5,5,5,3,5,5,5,5,5,5,5,5,5,5,5,5.0,4.666666666666667,4.25,5.0,1.0,['Colon and Rectal Surgery'],,2.0,vanderbilt,Southeast,4,88
151,R_2dEYSAy8XxvLP15,3,3,3,3,1,2,3,4,4,3,2,1,4,5,4,5,5,4,4,4,5,5,1,1,3,1,3,1,2,3,3,2.1666666666666665,4.333333333333333,2.5,1.6666666666666667,2.0,"['Acute Care Surgery/Emergency General Surgery', 'Trauma Surgery/Critical Care']",,2.0,vanderbilt,Southeast,4,88
152,R_3EcBXpXxH3Fao16,3,3,3,1,1,1,3,3,4,3,4,3,4,2,4,3,5,4,2,3,5,5,4,4,5,5,3,2,2,2,3,2.8333333333333335,3.3333333333333335,3.0,4.333333333333333,1.0,['Trauma Surgery/Critical Care'],Program Director (or Assistant Program Director),,vanderbilt,Southeast,4,88
153,R_29gNMwwmgJRX8z7,3,5,4,1,1,1,4,4,5,4,2,4,5,5,5,5,5,5,4,5,5,2,5,5,5,5,5,5,3,3,4,4.166666666666667,4.666666666666667,4.0,5.0,1.0,['Vascular Surgery'],,25.0,vanderbilt,Southeast,4,88
154,R_eDUve5ckkd1fhpT,4,4,4,2,1,1,2,4,3,3,5,1,4,4,5,5,4,5,5,5,5,5,5,2,5,4,3,1,3,3,3,2.8333333333333335,3.8333333333333335,3.25,4.0,1.3333333333333333,['Trauma Surgery/Critical Care'],,5.0,vanderbilt,Southeast,4,88
155,R_2X6FUofPy7MDhUg,5,5,5,2,1,1,5,2,4,2,4,5,4,3,5,5,5,5,5,5,5,5,5,3,5,3,3,2,3,3,3,2.8333333333333335,4.0,5.0,4.333333333333333,1.3333333333333333,['Colon and Rectal Surgery'],Program Director (or Assistant Program Director),14.0,vanderbilt,Southeast,4,88
156,R_tJTpjTikzXsi5MZ,4,5,5,2,1,1,4,4,4,3,5,5,5,5,5,5,5,5,5,4,5,5,5,5,5,5,4,2,2,2,2,2.8333333333333335,4.666666666666667,4.75,5.0,1.3333333333333333,"['Breast Surgery', 'Surgical Oncology']",Program Director (or Assistant Program Director),8.0,vanderbilt,Southeast,4,88
157,R_3e9yDL1dsJXFnZo,5,5,5,3,1,1,5,4,5,3,5,5,5,5,5,5,5,5,5,4,4,4,5,3,5,3,5,5,5,5,5,4.666666666666667,4.833333333333333,5.0,4.333333333333333,1.6666666666666667,"['Abdominal Wall/Hernia Surgery', 'Bariatric/Minimally Invasive Surgery']",,29.0,vanderbilt,Southeast,4,88
158,R_2xXW2g61RdKJFzu,4,4,4,1,1,1,5,5,4,3,5,5,5,5,5,5,5,5,5,5,5,2,4,4,4,4,4,4,4,4,4,4.0,5.0,4.25,4.0,1.0,['Vascular Surgery'],Department Chair,30.0,vanderbilt,Southeast,4,88
159,R_a5cpvMWPsINsCIh,5,4,4,1,1,1,4,4,5,2,2,2,5,5,5,5,5,5,5,5,5,5,5,5,5,5,5,2,3,3,3,3.5,4.666666666666667,3.75,5.0,1.0,['Colon and Rectal Surgery'],,7.0,vanderbilt,Southeast,4,88
160,R_1PTYJE13HVRVO61,2,2,3,2,1,2,5,4,4,3,2,1,3,4,4,5,4,2,2,1,5,5,5,2,5,2,4,1,1,1,2,1.8333333333333333,4.166666666666667,2.0,4.0,1.6666666666666667,['Pediatric Surgery'],,4.0,vanderbilt,Southeast,4,88
161,R_2uzvZEJHAEqAKbv,5,4,4,1,1,1,4,2,3,1,4,3,5,1,3,5,5,5,5,5,5,4,5,5,5,3,5,5,4,4,4,4.166666666666667,3.6666666666666665,4.0,5.0,1.0,['Colon and Rectal Surgery'],Program Director (or Assistant Program Director),10.0,vanderbilt,Southeast,4,88
162,R_3qmqyRyKqIQ1O3H,2,3,3,1,1,1,4,2,3,3,3,2,4,2,5,5,4,3,3,3,5,5,3,3,3,3,3,1,1,3,1,2.0,3.5,2.5,3.0,1.0,['Surgical Oncology'],Program Director (or Assistant Program Director),8.0,vanderbilt,Southeast,4,88
163,R_uxkZThumLbhLE3L,4,4,4,3,1,1,5,4,5,1,2,3,5,4,4,4,5,4,5,5,5,4,5,5,5,4,5,4,5,5,5,4.666666666666667,4.5,3.75,5.0,1.6666666666666667,"['Abdominal Wall/Hernia Surgery', 'Bariatric/Minimally Invasive Surgery']",,1.0,vanderbilt,Southeast,4,88
164,R_UDPM1PtsBh56b8B,3,3,3,3,2,2,4,3,4,4,3,3,5,5,5,5,5,3,5,5,5,5,5,4,5,3,4,2,2,3,3,2.8333333333333335,4.5,3.0,4.666666666666667,2.3333333333333335,"['Abdominal Wall/Hernia Surgery', 'Acute Care Surgery/Emergency General Surgery', 'Colon and Rectal Surgery', 'Hepatopancreaticobiliary Surgery', 'Surgical Oncology', 'Transplant Surgery']",,35.0,vanderbilt,Southeast,4,88
165,R_1LS8kD0CLZ0kDm1,4,5,4,3,1,1,4,4,3,3,4,4,5,5,5,5,5,5,5,1,5,4,2,3,3,4,4,4,4,4,4,4.0,4.666666666666667,4.25,2.6666666666666665,1.6666666666666667,"['Acute Care Surgery/Emergency General Surgery', 'Pediatric Surgery', 'Trauma Surgery/Critical Care']",,18.0,vanderbilt,Southeast,4,88
166,R_2OGzV95EloMXu6K,4,4,4,1,2,1,4,2,4,1,5,2,5,5,5,5,5,5,5,5,5,5,5,5,5,5,5,1,2,1,3,2.8333333333333335,4.333333333333333,3.5,5.0,1.3333333333333333,['Vascular Surgery'],Program Director (or Assistant Program Director),17.0,vanderbilt,Southeast,4,88
167,R_SAGjKHTTYgM0vap,5,4,4,4,1,1,5,3,5,3,5,4,5,5,3,5,5,4,5,5,5,5,5,5,5,5,5,2,2,2,3,3.1666666666666665,4.666666666666667,4.25,5.0,2.0,['Abdominal Wall/Hernia Surgery'],Program Director (or Assistant Program Director),9.0,vanderbilt,Southeast,4,88
168,R_3qgtBMFFkjHX8hq,3,4,3,2,1,1,2,3,2,5,3,4,3,4,4,5,5,5,5,5,5,5,5,4,5,3,3,3,3,3,3,3.0,3.6666666666666665,3.5,4.666666666666667,1.3333333333333333,['Bariatric/Minimally Invasive Surgery'],Program Director (or Assistant Program Director),15.0,vanderbilt,Southeast,4,88
169,R_24dP0BeJ7pCo9L2,2,1,2,1,1,1,4,4,3,3,3,1,5,3,5,5,4,4,3,3,5,5,4,3,4,4,3,3,2,2,3,2.8333333333333335,4.166666666666667,1.5,3.6666666666666665,1.0,"['Abdominal Wall/Hernia Surgery', 'Acute Care Surgery/Emergency General Surgery', 'Trauma Surgery/Critical Care']",Program Director (or Assistant Program Director),11.0,vanderbilt,Southeast,4,88
170,R_3polofbo2dbEr3Z,5,5,5,3,1,1,4,4,2,4,4,4,5,5,5,5,5,3,4,4,5,3,4,4,4,3,3,2,2,2,3,2.5,4.666666666666667,4.75,4.0,1.6666666666666667,"['Hepatopancreaticobiliary Surgery', 'Transplant Surgery']",,22.0,vanderbilt,Southeast,4,88
171,R_3GjqtqfCjl8E7z7,3,3,3,2,2,2,3,2,4,3,3,2,4,3,5,3,4,4,4,5,5,5,3,4,3,4,3,2,4,5,4,3.6666666666666665,3.1666666666666665,2.75,3.3333333333333335,2.0,"['Abdominal Wall/Hernia Surgery', 'Acute Care Surgery/Emergency General Surgery', 'Colon and Rectal Surgery', 'Trauma Surgery/Critical Care']",,,vanderbilt,Southeast,4,88
172,R_3MGTBYLBsa4VvcI,4,5,5,2,2,2,3,3,3,2,3,3,3,3,5,5,5,5,4,4,5,5,4,4,4,4,3,2,3,2,2,2.6666666666666665,3.6666666666666665,4.25,4.0,2.0,['Pediatric Surgery'],Department Chair,,vanderbilt,Southeast,4,88
173,R_3k0Mxhl0GqzW01Q,3,4,4,3,1,2,4,2,5,4,3,2,3,2,4,5,5,4,4,5,5,5,5,4,5,5,3,2,3,2,4,3.1666666666666665,3.5,3.25,4.666666666666667,2.0,['Abdominal Wall/Hernia Surgery'],,13.0,vanderbilt,Southeast,4,88
174,R_2QRkpAOSaCPPpLW,5,5,5,3,1,2,5,5,5,4,5,2,5,5,5,5,5,4,5,5,5,4,5,4,5,5,5,3,5,5,5,4.666666666666667,5.0,4.25,4.666666666666667,2.0,"['Abdominal Wall/Hernia Surgery', 'Hepatopancreaticobiliary Surgery', 'Surgical Oncology']",,7.0,texastech,Southwest,6,27
175,R_1jJkcoKRUwvFUst,2,1,2,1,1,1,2,2,2,4,1,1,3,2,4,4,4,1,2,2,2,2,2,2,2,1,1,1,1,2,1,1.1666666666666667,2.8333333333333335,1.5,2.0,1.0,['Colon and Rectal Surgery'],,3.0,texastech,Southwest,6,27
176,R_3JDfe2Ia02SxZnl,5,4,4,3,2,1,4,4,4,3,4,4,5,5,4,4,3,3,4,3,5,3,5,5,5,5,5,1,4,4,5,4.0,4.166666666666667,4.25,5.0,2.0,['Plastics Surgery'],,4.0,texastech,Southwest,6,27
177,R_1l0KxgxjDGcq2Rv,5,5,5,5,1,1,4,4,5,3,5,3,5,5,5,5,5,5,5,5,5,3,2,2,4,4,3,4,2,2,2,2.8333333333333335,4.666666666666667,4.5,2.6666666666666665,2.3333333333333335,['Acute Care Surgery/Emergency General Surgery'],Department Chair,,texastech,Southwest,6,27
178,R_2dF0hbaD1IswgJq,4,4,4,3,1,1,3,3,4,3,3,4,4,4,4,4,4,4,4,2,4,1,4,4,4,4,4,2,4,4,4,3.6666666666666665,3.6666666666666665,4.0,4.0,1.6666666666666667,['Plastics Surgery'],,1.0,texastech,Southwest,6,27
179,R_2cBeUOwXB5b4FmA,5,5,4,3,1,1,5,5,5,1,1,3,5,5,5,5,5,5,5,5,5,5,5,5,5,5,2,1,1,1,2,2.0,5.0,4.25,5.0,1.6666666666666667,"['Acute Care Surgery/Emergency General Surgery', 'Trauma Surgery/Critical Care']",Program Director (or Assistant Program Director),5.0,texastech,Southwest,6,27
180,R_1LIIasb1kfIw4qo,5,5,4,1,1,1,4,5,4,2,2,3,4,4,4,4,4,3,5,4,5,5,5,5,5,3,4,2,4,4,5,3.6666666666666665,4.166666666666667,4.25,5.0,1.0,"['Abdominal Wall/Hernia Surgery', 'Bariatric/Minimally Invasive Surgery', 'Endocrine Surgery', 'Surgical Oncology']",,1.0,texastech,Southwest,6,27
181,R_2wssCIKRbWQ9ViV,5,5,5,3,3,3,5,5,3,4,1,5,5,5,1,1,5,5,5,1,5,5,5,3,5,3,5,3,3,3,5,3.6666666666666665,4.333333333333333,5.0,4.333333333333333,3.0,"['Acute Care Surgery/Emergency General Surgery', 'Trauma Surgery/Critical Care']",,10.0,texastech,Southwest,6,27
182,R_2X0aiqb8m6fm8da,3,2,3,2,2,2,5,5,4,3,4,2,5,5,5,5,5,4,1,2,4,5,2,2,3,1,2,1,1,1,1,1.1666666666666667,5.0,2.5,2.3333333333333335,2.0,['Trauma Surgery/Critical Care'],,3.0,texastech,Southwest,6,27
183,R_Oex4oqrWR7dOYkp,5,3,4,2,1,1,2,3,4,5,1,1,4,4,4,5,5,4,3,1,5,3,4,2,3,3,4,1,2,2,2,2.3333333333333335,3.8333333333333335,3.25,3.0,1.3333333333333333,['Other'],Program Director (or Assistant Program Director),15.0,texastech,Southwest,6,27
184,R_2P1D7JgWN7XRNKt,3,4,4,3,2,2,4,2,4,4,4,2,3,1,3,2,5,3,2,3,5,4,5,5,5,5,1,1,3,2,1,2.1666666666666665,2.8333333333333335,3.25,5.0,2.3333333333333335,"['Abdominal Wall/Hernia Surgery', 'Acute Care Surgery/Emergency General Surgery', 'Colon and Rectal Surgery']",Program Director (or Assistant Program Director),35.0,texastech,Southwest,6,27
185,R_2cB1TcCWdgs0y6L,3,3,2,2,2,2,4,4,4,3,3,4,4,4,4,4,5,5,5,1,4,4,5,5,5,5,5,5,3,5,5,4.666666666666667,4.166666666666667,3.0,5.0,2.0,['Other'],,35.0,texastech,Southwest,6,27
186,R_1FhTcL6L17bVAzH,4,4,4,4,1,3,5,5,3,4,2,4,5,5,5,5,5,5,5,5,5,5,5,5,5,5,4,2,5,5,5,4.333333333333333,5.0,4.0,5.0,2.6666666666666665,['Acute Care Surgery/Emergency General Surgery'],,20.0,cornell,Northeast,2,49
187,R_3JKOa78EdjcMvGc,3,5,4,4,1,1,5,5,4,2,4,3,5,5,5,5,5,5,5,3,5,1,5,5,5,5,5,5,5,5,5,5.0,5.0,3.75,5.0,2.0,['Other'],,0.15,cornell,Northeast,2,49
188,R_3lQ9XGCjTS9fO7t,4,4,5,2,1,2,4,3,4,3,2,3,3,3,5,5,5,5,5,2,5,5,5,4,5,5,5,4,4,4,5,4.5,3.8333333333333335,4.0,4.666666666666667,1.6666666666666667,['Colon and Rectal Surgery'],Program Director (or Assistant Program Director),13.0,cornell,Northeast,2,49
189,R_1LbrMOgzVa7SbzM,4,4,4,4,1,2,5,3,3,4,4,2,5,4,3,4,5,2,5,5,3,2,4,4,4,5,4,1,2,3,1,2.6666666666666665,4.333333333333333,3.5,4.0,2.3333333333333335,"['Abdominal Wall/Hernia Surgery', 'Endocrine Surgery']",Program Director (or Assistant Program Director),30.0,cornell,Northeast,2,49
190,R_3KolgpRC8kMoTeu,3,4,3,3,1,1,5,4,4,3,2,3,4,4,4,5,5,3,4,5,5,5,3,3,3,3,3,1,2,3,2,2.3333333333333335,4.5,3.25,3.0,1.6666666666666667,"['Abdominal Wall/Hernia Surgery', 'Acute Care Surgery/Emergency General Surgery', 'Colon and Rectal Surgery', 'Trauma Surgery/Critical Care']",Program Director (or Assistant Program Director),33.0,cornell,Northeast,2,49
191,R_1q7CnJFPUYNvfQy,4,5,4,4,2,2,3,4,4,3,5,4,4,4,3,3,5,4,5,5,5,2,5,5,5,4,4,4,5,5,5,4.5,3.8333333333333335,4.25,5.0,2.6666666666666665,['Vascular Surgery'],,18.0,cornell,Northeast,2,49
192,R_2bN7d7LxvDyCBTH,3,3,3,3,2,3,4,4,4,4,3,1,5,5,5,5,5,5,1,1,5,1,2,2,2,2,2,2,1,2,2,1.8333333333333333,4.666666666666667,2.5,2.0,2.6666666666666665,['Other'],Program Director (or Assistant Program Director),21.0,cornell,Northeast,2,49
193,R_1F54SHaVc5tjwxl,4,4,4,4,2,2,3,2,4,3,3,3,4,3,4,4,4,4,4,5,5,3,4,4,4,3,4,4,1,2,1,2.5,3.3333333333333335,3.75,4.0,2.6666666666666665,['Other'],Department Chair,39.0,cornell,Northeast,2,49
194,R_1jJNfmdjKEg0FRF,3,4,3,3,1,1,5,4,4,4,5,4,5,5,5,4,5,3,1,5,5,3,5,5,5,5,5,3,4,3,4,4.0,4.666666666666667,3.5,5.0,1.6666666666666667,['Colon and Rectal Surgery'],,19.0,cornell,Northeast,2,49
195,R_3nAh7XklzVzKNUs,2,2,2,2,1,1,5,5,2,4,1,2,5,5,2,2,5,2,2,1,5,5,3,3,3,3,3,2,1,1,1,1.8333333333333333,4.5,2.0,3.0,1.3333333333333333,"['Abdominal Wall/Hernia Surgery', 'Acute Care Surgery/Emergency General Surgery', 'Bariatric/Minimally Invasive Surgery']",,19.0,cornell,Northeast,2,49
196,R_XG77v0gB5vp4bgB,4,3,4,1,1,1,2,1,5,4,4,3,5,5,5,5,5,5,4,4,5,5,5,4,5,3,2,2,3,3,3,2.6666666666666665,3.8333333333333335,3.5,4.666666666666667,1.0,['Colon and Rectal Surgery'],Program Director (or Assistant Program Director),4.0,cornell,Northeast,2,49
197,R_ZgFUjGq9Y4stI41,3,2,3,1,1,1,2,2,3,4,3,3,4,4,1,3,3,2,2,3,3,1,3,3,3,1,1,1,1,1,1,1.0,3.0,2.75,3.0,1.0,"['Abdominal Wall/Hernia Surgery', 'Breast Surgery']",,31.0,cornell,Northeast,2,49
198,R_T5GlIuTg9cZZOW5,4,5,5,3,1,1,4,4,4,3,2,4,4,5,5,5,5,3,4,5,5,5,5,5,5,5,5,3,4,4,4,4.166666666666667,4.5,4.5,5.0,1.6666666666666667,"['Abdominal Wall/Hernia Surgery', 'Acute Care Surgery/Emergency General Surgery', 'Trauma Surgery/Critical Care']",Program Director (or Assistant Program Director),7.0,cornell,Northeast,2,49
199,R_DH8yKSr53EhL9TP,2,2,3,3,2,2,1,3,4,3,3,1,4,4,4,5,4,4,4,5,5,2,4,4,5,4,4,2,2,2,2,2.6666666666666665,3.5,2.0,4.333333333333333,2.3333333333333335,['Other'],Department Chair,22.0,cornell,Northeast,2,49
200,R_XmQE5DWDvXp2WGd,3,2,3,2,1,2,4,4,3,1,2,1,4,4,3,3,4,1,4,1,3,3,4,3,4,4,3,1,1,1,1,1.8333333333333333,3.8333333333333335,2.25,3.6666666666666665,1.6666666666666667,['Hepatopancreaticobiliary Surgery'],,6.0,cornell,Northeast,2,49
201,R_21aCwJ1qjBp6tRL,4,4,4,3,1,1,2,4,5,2,5,5,5,5,5,4,4,4,2,1,2,2,4,4,4,4,4,2,1,1,1,2.1666666666666665,4.0,4.25,4.0,1.6666666666666667,['Pediatric Surgery'],,15.0,cornell,Northeast,2,49
202,R_xfkBbyTOTvXvcIh,5,5,4,4,2,1,5,4,4,4,3,5,5,5,5,5,5,5,5,5,5,5,5,5,4,4,4,4,4,4,5,4.166666666666667,4.833333333333333,4.75,4.666666666666667,2.3333333333333335,['Trauma Surgery/Critical Care'],Program Director (or Assistant Program Director),16.0,cornell,Northeast,2,49
203,R_2abh38siOVu9F56,3,3,3,5,3,1,2,2,2,2,2,1,3,4,2,2,5,3,5,5,3,2,5,5,5,5,5,2,2,2,2,3.0,3.0,2.5,5.0,3.0,['Vascular Surgery'],,,cornell,Northeast,2,49
204,R_1n7qfYsJ2A127iX,3,4,3,3,2,2,3,2,2,3,1,3,4,3,3,4,4,5,4,5,4,3,2,2,2,2,1,1,1,2,1,1.3333333333333333,3.3333333333333335,3.25,2.0,2.3333333333333335,['Colon and Rectal Surgery'],,30.0,cornell,Northeast,2,49
205,R_RmqehIh3UYZhHiN,5,5,5,1,3,1,1,1,5,5,5,5,5,5,1,5,5,1,1,5,5,5,5,5,5,5,5,3,5,4,5,4.5,3.6666666666666665,5.0,5.0,1.6666666666666667,['Trauma Surgery/Critical Care'],Program Director (or Assistant Program Director),,northwestern,Midwest,5,58
206,R_1eOCl7AeWLd41Yt,3,3,3,3,1,1,1,1,4,3,3,3,3,3,3,3,4,3,4,1,5,5,5,4,5,4,5,1,1,1,1,2.1666666666666665,2.5,3.0,4.666666666666667,1.6666666666666667,['Trauma Surgery/Critical Care'],,13.0,northwestern,Midwest,5,58
207,R_xtj6kSyUbUDql7r,4,4,4,1,1,1,5,5,5,3,5,3,5,5,5,5,5,4,5,5,2,5,4,4,5,3,1,2,1,1,1,1.5,5.0,3.75,4.333333333333333,1.0,"['Abdominal Wall/Hernia Surgery', 'Plastics Surgery']",Department Chair,25.0,northwestern,Midwest,5,58
208,R_3HUebyczQyM05mV,3,2,2,3,2,2,5,5,2,3,2,1,5,5,2,5,5,3,4,1,5,5,1,1,1,2,1,1,1,1,1,1.1666666666666667,5.0,2.0,1.0,2.3333333333333335,['Colon and Rectal Surgery'],,13.0,northwestern,Midwest,5,58
209,R_3p4OgeusRkyKJC4,5,5,5,3,1,1,3,3,5,3,5,3,5,5,5,5,5,3,3,4,5,3,5,5,5,5,3,1,1,1,1,2.0,4.333333333333333,4.5,5.0,1.6666666666666667,['Breast Surgery'],,20.0,northwestern,Midwest,5,58
210,R_VW3yMx7UXlvV34R,4,4,4,3,1,1,4,3,3,4,4,1,4,4,5,5,4,4,5,5,5,5,5,4,3,4,5,2,2,2,2,2.8333333333333335,4.0,3.25,4.0,1.6666666666666667,['Cardiac Surgery'],,,northwestern,Midwest,5,58
211,R_3J9r4IvIy66tBhV,4,4,3,2,1,1,4,4,4,3,3,3,3,3,3,5,5,5,5,4,5,5,5,5,5,3,3,2,2,2,2,2.3333333333333335,4.0,3.5,5.0,1.3333333333333333,['Endocrine Surgery'],,20.0,northwestern,Midwest,5,58
212,R_1GTdv6npombGjSm,4,4,4,1,2,1,4,3,4,3,4,3,5,5,2,3,4,4,5,5,5,5,5,5,5,5,5,3,3,3,2,3.5,4.0,3.75,5.0,1.3333333333333333,"['Acute Care Surgery/Emergency General Surgery', 'Trauma Surgery/Critical Care']",Program Director (or Assistant Program Director),8.0,northwestern,Midwest,5,58
213,R_2YJ0UWuTolREwAb,4,3,4,1,1,1,5,5,5,1,4,2,4,5,5,5,5,5,5,5,5,5,5,5,5,5,5,5,5,5,5,5.0,4.833333333333333,3.25,5.0,1.0,['Transplant Surgery'],"Department Chair,Program Director (or Assistant Program Director)",12.0,northwestern,Midwest,5,58
214,R_QcOxkjNgaHiGIg1,4,5,5,2,1,1,4,4,4,2,4,3,5,4,4,5,4,5,5,5,5,2,3,3,5,3,2,2,3,3,3,2.6666666666666665,4.333333333333333,4.25,3.6666666666666665,1.3333333333333333,['Breast Surgery'],,32.0,northwestern,Midwest,5,58
215,R_1EWpWWDYsCmwx8v,3,4,3,2,2,1,4,3,4,4,2,3,4,5,5,5,5,4,3,4,5,3,2,3,3,3,1,1,2,2,2,1.8333333333333333,4.333333333333333,3.25,2.6666666666666665,1.6666666666666667,['Colon and Rectal Surgery'],,31.0,northwestern,Midwest,5,58
216,R_PCEtQ1TO25SUCXv,2,3,3,1,1,1,5,4,3,4,3,2,4,4,5,5,5,3,5,5,2,2,5,3,5,4,3,1,1,1,1,1.8333333333333333,4.5,2.5,4.333333333333333,1.0,"['Abdominal Wall/Hernia Surgery', 'Bariatric/Minimally Invasive Surgery']",,6.0,northwestern,Midwest,5,58
217,R_3yEntaGLn9D8mIN,5,5,4,3,1,1,3,4,4,3,5,2,5,5,5,5,5,4,5,5,4,4,4,5,4,5,2,1,1,4,2,2.5,4.5,4.0,4.333333333333333,1.6666666666666667,['Breast Surgery'],,30.0,northwestern,Midwest,5,58
218,R_1NzuIhUY1MaqFFl,4,4,4,1,1,1,4,4,4,3,4,2,5,5,5,5,5,5,5,5,5,5,1,4,1,5,1,2,1,3,3,2.5,4.666666666666667,3.5,2.0,1.0,"['Acute Care Surgery/Emergency General Surgery', 'Trauma Surgery/Critical Care']",Program Director (or Assistant Program Director),32.0,northwestern,Midwest,5,58
219,R_8CEZCL8jPSQBC1j,2,2,2,2,1,1,5,4,4,3,1,1,5,5,5,5,5,4,3,5,5,5,1,3,1,3,3,2,4,4,4,3.3333333333333335,4.833333333333333,1.75,1.6666666666666667,1.3333333333333333,"['Abdominal Wall/Hernia Surgery', 'Acute Care Surgery/Emergency General Surgery', 'Trauma Surgery/Critical Care']",Department Chair,23.0,northwestern,Midwest,5,58
220,R_3LXyOCJD89Dne6c,4,3,4,1,1,2,4,4,4,2,3,4,5,5,5,5,5,5,5,5,5,5,4,4,4,4,4,2,4,4,4,3.6666666666666665,4.666666666666667,3.75,4.0,1.3333333333333333,"['Acute Care Surgery/Emergency General Surgery', 'Trauma Surgery/Critical Care']",,1.0,northwestern,Midwest,5,58
221,R_3g11P1lUjVkrlvn,4,4,4,2,1,1,5,4,4,3,1,2,5,3,2,4,4,2,4,5,5,4,4,4,4,4,4,4,4,4,4,4.0,4.166666666666667,3.5,4.0,1.3333333333333333,['Thoracic Surgery'],,2.5,northwestern,Midwest,5,58
222,R_qCakSsa3qVx6bYd,5,5,4,4,1,2,4,4,5,4,4,5,5,5,5,5,5,4,5,5,5,5,5,5,5,5,5,5,5,5,5,5.0,4.666666666666667,4.75,5.0,2.3333333333333335,"['Abdominal Wall/Hernia Surgery', 'Acute Care Surgery/Emergency General Surgery', 'Colon and Rectal Surgery', 'Hepatopancreaticobiliary Surgery', 'Vascular Surgery', 'Trauma Surgery/Critical Care']",Program Director (or Assistant Program Director),4.0,northwestern,Midwest,5,58
223,R_7NUyXyZ1p76BYad,3,3,2,1,1,1,5,4,4,3,1,1,5,5,5,5,5,5,3,5,5,5,2,3,4,4,3,1,3,5,3,3.1666666666666665,4.833333333333333,2.25,3.0,1.0,"['Abdominal Wall/Hernia Surgery', 'Acute Care Surgery/Emergency General Surgery', 'Trauma Surgery/Critical Care']",Department Chair,23.0,northwestern,Midwest,5,58
224,R_3QKrtQnVePoaoZA,4,3,4,2,1,1,5,5,4,1,5,2,5,4,5,5,5,4,5,5,5,5,5,4,5,5,3,1,2,2,3,2.6666666666666665,4.833333333333333,3.25,4.666666666666667,1.3333333333333333,['Colon and Rectal Surgery'],,5.0,virginiamason,West,10,24
225,R_3CDvHm3ifyUhxdp,4,4,3,1,1,1,3,3,5,4,2,1,5,5,5,5,5,5,5,5,5,5,1,1,1,1,1,1,1,1,1,1.0,4.333333333333333,3.0,1.0,1.0,['Breast Surgery'],,38.0,virginiamason,West,10,24
226,R_2BqHlt22LZTvwgH,5,3,4,2,2,2,4,3,4,3,2,3,2,5,5,4,5,4,5,3,5,3,5,5,5,2,2,4,3,3,3,2.8333333333333335,3.8333333333333335,3.75,5.0,2.0,"['Abdominal Wall/Hernia Surgery', 'Acute Care Surgery/Emergency General Surgery', 'Bariatric/Minimally Invasive Surgery']",,5.0,virginiamason,West,10,24
227,R_2xFw2cSsA2sLfdj,5,5,4,2,2,2,3,4,4,3,3,3,1,4,5,5,5,5,5,5,5,5,4,4,4,4,4,2,3,3,3,3.1666666666666665,3.6666666666666665,4.25,4.0,2.0,"['Abdominal Wall/Hernia Surgery', 'Acute Care Surgery/Emergency General Surgery', 'Bariatric/Minimally Invasive Surgery']",Program Director (or Assistant Program Director),22.0,virginiamason,West,10,24
228,R_12rwYCPM55WQVJA,4,4,4,1,1,1,4,4,4,1,5,4,4,4,5,5,5,5,5,5,5,5,5,5,5,5,5,1,1,1,1,2.3333333333333335,4.333333333333333,4.0,5.0,1.0,"['Abdominal Wall/Hernia Surgery', 'Acute Care Surgery/Emergency General Surgery', 'Bariatric/Minimally Invasive Surgery']",Program Director (or Assistant Program Director),2.0,virginiamason,West,10,24
229,R_3NHQ5DNvN0vBPDY,5,5,4,5,3,3,4,4,5,3,4,5,3,5,5,5,5,4,5,5,5,5,5,5,5,5,5,5,5,5,5,5.0,4.333333333333333,4.75,5.0,3.6666666666666665,['Abdominal Wall/Hernia Surgery'],,3.0,virginiamason,West,10,24
230,R_3n3ihzImRtyUSlA,4,4,4,4,3,4,5,3,2,5,5,4,5,5,1,5,5,5,5,5,5,4,5,5,5,3,1,1,1,1,1,1.3333333333333333,4.666666666666667,4.0,5.0,3.6666666666666665,"['Abdominal Wall/Hernia Surgery', 'Acute Care Surgery/Emergency General Surgery', 'Hepatopancreaticobiliary Surgery', 'Vascular Surgery', 'Transplant Surgery', 'Other']",,10.0,virginiamason,West,10,24
231,R_3256iXRAW6T68YV,5,3,4,4,1,2,3,3,5,3,4,3,4,4,5,5,5,3,4,3,4,3,4,4,4,3,4,3,3,3,3,3.1666666666666665,4.0,3.75,4.0,2.3333333333333335,['Plastics Surgery'],,15.0,virginiamason,West,10,24
232,R_OkFgYjnWV7vLdmx,5,5,4,4,1,3,3,4,4,1,1,4,5,5,5,5,5,2,5,5,5,5,2,2,2,2,3,3,2,2,3,2.5,4.5,4.5,2.0,2.6666666666666665,['Colon and Rectal Surgery'],,28.0,virginiamason,West,10,24
