,survey_info_response_id_x,attitude_criticality,attitude_motivation,attitude_priority,education_impact,education_institution_effort,education_surgical_team,education_resuable_safety,education_reprocess_safety,barriers_surgical_staff,barriers_use_items,barriers_roadblocks,barriers_no_impact,willingness_reusable,willingness_reprocessed,willingness_reusable_gown,willingness_reusable_towel,willingness_prefcard_review,willingness_colleagues,willingness_scorecard,willingness_alcohol,willingness_los,willingness_telemedicine,incentive_personal_cash,incentive_division_cash,incentive_personal_percent,incentive_division_research_funding,incentive_personal_perk,incentive_division_perk,incentive_personal_recognition_from_dept,incentive_division_recognition_from_dept,incentive_personal_recognition_natl,demographic_distribution_x,survey_info_response_id_y,demographic_practice_list,demographic_role_list,demographic_years_in_practice,demographic_distribution_y,demographic_us_region,demographic_acs_trauma_region,demographic_sample_size
0,R_1dMlSI0KXyxsTZn,5,4,4,3,3,1,4,5,3,5,3,3,5,7,5,5,5,5,5,7,7,7,5,5,5,5,1,1,2,2,5,ucsf,R_1dMlSI0KXyxsTZn,"['Abdominal Wall/Hernia Surgery', 'Acute Care Surgery/Emergency General Surgery', 'Bariatric/Minimally Invasive Surgery']",,16,ucsf,West,9,123
1,R_7QYh6bTyOmOQo3D,4,4,4,3,2,2,4,4,3,3,4,3,5,5,4,4,5,4,4,5,7,4,4,4,4,4,3,2,2,2,2,ucsf,R_7QYh6bTyOmOQo3D,['Pediatric Surgery'],,1,ucsf,West,9,123
3,R_6tYa59Tv4zOhQgp,5,5,4,1,1,2,4,3,4,3,2,3,4,3,4,4,3,3,4,1,7,7,2,2,2,2,2,2,2,2,2,ucsf,R_6tYa59Tv4zOhQgp,"['Acute Care Surgery/Emergency General Surgery', 'Trauma Surgery/Critical Care']",,,ucsf,West,9,123
4,R_25RsYOfgaO79uts,5,4,4,1,1,1,2,4,4,5,5,1,7,2,1,7,7,1,1,7,7,7,5,1,5,1,5,1,1,1,1,ucsf,R_25RsYOfgaO79uts,['Breast Surgery'],,15,ucsf,West,9,123
5,R_22qNtCIlTv6yOWH,5,4,4,2,2,2,4,4,3,3,3,2,5,5,5,5,5,4,4,2,3,4,5,3,5,4,3,2,4,3,4,ucsf,R_22qNtCIlTv6yOWH,['Vascular Surgery'],,1,ucsf,West,9,123
6,R_25uoAdxWGbbGHRo,5,5,5,1,1,1,5,4,5,1,5,5,5,5,5,5,7,7,5,5,7,7,2,3,2,1,1,1,1,1,2,ucsf,R_25uoAdxWGbbGHRo,['Vascular Surgery'],,17,ucsf,West,9,123
7,R_2aOxGecyTWdWk4p,4,4,4,4,3,3,5,3,4,3,2,3,4,2,4,4,4,2,3,7,7,7,3,3,3,2,2,1,1,1,1,ucsf,R_2aOxGecyTWdWk4p,['Pediatric Surgery'],,16,ucsf,West,9,123
8,R_1ouJGe4CiooCMEZ,3,3,3,1,1,2,1,1,2,4,1,1,2,1,5,5,5,1,3,1,7,7,1,1,4,1,1,1,1,1,1,ucsf,R_1ouJGe4CiooCMEZ,"['Abdominal Wall/Hernia Surgery', 'Bariatric/Minimally Invasive Surgery']",Program Director (or Assistant Program Director),15,ucsf,West,9,123
9,R_3n7AoqNYrAEX7x0,5,5,5,3,2,3,4,5,3,4,3,4,5,5,5,5,4,2,4,1,5,2,2,3,3,3,2,1,1,1,1,ucsf,R_3n7AoqNYrAEX7x0,['Other'],,37,ucsf,West,9,123
10,R_3hgWtBfuCmPnTIc,5,5,5,4,1,2,4,4,5,3,5,5,5,5,5,5,5,4,5,7,7,7,5,5,5,5,5,5,4,5,4,ucsf,R_3hgWtBfuCmPnTIc,"['Abdominal Wall/Hernia Surgery', 'Acute Care Surgery/Emergency General Surgery', 'Bariatric/Minimally Invasive Surgery', 'Breast Surgery', 'Colon and Rectal Surgery', 'Endocrine Surgery', 'Hepatopancreaticobiliary Surgery', 'Pediatric Surgery', 'Surgical Oncology', 'Thoracic Surgery', 'Trauma Surgery/Critical Care']",,18,ucsf,West,9,123
11,R_1eElmoy8b911U0m,5,5,5,4,2,2,3,3,4,1,5,3,7,7,5,5,5,5,5,5,5,5,5,5,5,5,5,5,4,4,3,ucsf,R_1eElmoy8b911U0m,"['Abdominal Wall/Hernia Surgery', 'Acute Care Surgery/Emergency General Surgery', 'Bariatric/Minimally Invasive Surgery', 'Hepatopancreaticobiliary Surgery']",,25,ucsf,West,9,123
12,R_2B40qDlGEaL8XCU,3,3,3,1,2,2,4,3,4,3,4,4,5,5,5,5,5,5,5,1,7,7,4,3,4,4,2,1,2,2,2,ucsf,R_2B40qDlGEaL8XCU,"['Abdominal Wall/Hernia Surgery', 'Hepatopancreaticobiliary Surgery']",,28,ucsf,West,9,123
13,R_2AHyf48UYcC1vyU,3,2,3,2,1,2,4,2,2,2,5,1,2,1,1,1,1,3,2,4,2,7,5,2,5,1,2,1,1,1,2,ucsf,R_2AHyf48UYcC1vyU,"['Abdominal Wall/Hernia Surgery', 'Acute Care Surgery/Emergency General Surgery', 'Bariatric/Minimally Invasive Surgery']",,11,ucsf,West,9,123
14,R_1kZCeMij5mbGp10,3,4,3,4,2,2,3,3,4,5,2,2,4,4,5,5,7,5,7,1,2,7,3,3,4,5,4,3,3,4,3,ucsf,R_1kZCeMij5mbGp10,"['Hepatopancreaticobiliary Surgery', 'Transplant Surgery']",Program Director (or Assistant Program Director),28,ucsf,West,9,123
16,R_11Z3AaEw8hTtY10,4,3,3,1,1,1,5,4,3,5,5,1,5,5,1,2,7,7,3,1,7,5,5,5,5,5,3,1,1,1,1,ucsf,R_11Z3AaEw8hTtY10,['Trauma Surgery/Critical Care'],,8,ucsf,West,9,123
17,R_1Cf0dOpW1htTdBY,3,3,3,3,2,1,4,3,4,4,3,1,4,3,3,5,3,4,3,7,5,2,1,2,2,5,2,1,1,5,3,ucsf,R_1Cf0dOpW1htTdBY,['Trauma Surgery/Critical Care'],,20,ucsf,West,9,123
18,R_saQqkPLD6gCzE2t,4,4,3,2,1,1,5,5,5,2,2,1,7,5,5,5,7,7,7,5,7,7,5,5,5,4,4,1,5,5,5,und,R_saQqkPLD6gCzE2t,['Surgical Oncology'],,10,und,Midwest,8,11
19,R_3nivVyUGNwAmGgl,4,4,4,1,1,1,3,3,4,2,3,1,4,4,2,4,4,4,3,4,4,7,4,3,4,3,4,3,2,2,3,ucsf,R_3nivVyUGNwAmGgl,['Breast Surgery'],,9,ucsf,West,9,123
21,R_b1vT1A6XQQohx8l,5,5,5,1,2,1,5,3,4,1,3,1,4,3,5,5,5,4,5,3,7,7,1,3,3,4,1,2,1,3,1,ucsf,R_b1vT1A6XQQohx8l,['Colon and Rectal Surgery'],,23,ucsf,West,9,123
22,R_Ua86DkiyOqbCBSp,5,5,4,1,1,1,3,5,5,1,5,1,5,7,5,5,5,5,5,7,7,5,5,5,5,5,5,5,3,5,5,lahey,R_Ua86DkiyOqbCBSp,"['Abdominal Wall/Hernia Surgery', 'Acute Care Surgery/Emergency General Surgery', 'Bariatric/Minimally Invasive Surgery', 'Endocrine Surgery']",,32,lahey,Northeast,1,38
23,R_3kH69Vk2aGDnz1m,4,4,4,1,1,1,5,5,5,4,4,1,5,5,5,5,5,5,5,5,7,7,5,5,5,1,1,1,1,1,1,lahey,R_3kH69Vk2aGDnz1m,"['Acute Care Surgery/Emergency General Surgery', 'Trauma Surgery/Critical Care']",,,lahey,Northeast,1,38
24,R_2cthvSPZIZMn7y6,4,4,3,3,1,1,4,3,4,4,3,2,5,3,5,5,4,4,3,7,5,4,4,4,4,2,3,2,3,3,4,lahey,R_2cthvSPZIZMn7y6,"['Abdominal Wall/Hernia Surgery', 'Acute Care Surgery/Emergency General Surgery', 'Bariatric/Minimally Invasive Surgery', 'Colon and Rectal Surgery']",,6,lahey,Northeast,1,38
25,R_22P4uoBqFw6AaB9,3,4,3,3,1,2,4,4,4,3,1,3,5,4,5,5,5,3,5,7,7,4,1,1,1,1,1,1,1,1,1,lahey,R_22P4uoBqFw6AaB9,"['Abdominal Wall/Hernia Surgery', 'Acute Care Surgery/Emergency General Surgery', 'Trauma Surgery/Critical Care']",,15,lahey,Northeast,1,38
26,R_1pMBVv9zqpkRT8o,3,3,3,1,1,1,2,3,3,4,3,1,3,4,5,5,5,3,4,7,7,2,4,4,4,4,3,2,2,2,3,lahey,R_1pMBVv9zqpkRT8o,"['Abdominal Wall/Hernia Surgery', 'Acute Care Surgery/Emergency General Surgery', 'Bariatric/Minimally Invasive Surgery']",Program Director (or Assistant Program Director),22,lahey,Northeast,1,38
27,R_PML7XAVKkG0hh4d,4,3,4,2,1,2,4,4,4,3,5,3,5,5,4,4,5,4,5,7,7,4,5,5,5,3,4,3,4,4,5,lahey,R_PML7XAVKkG0hh4d,"['Abdominal Wall/Hernia Surgery', 'Acute Care Surgery/Emergency General Surgery', 'Bariatric/Minimally Invasive Surgery', 'Colon and Rectal Surgery']",,3,lahey,Northeast,1,38
28,R_3hlLW31yXVB5CHU,5,5,3,3,1,2,3,3,4,1,4,5,5,5,5,5,7,5,5,1,7,7,4,4,4,4,4,1,4,4,4,ucsf,R_3hlLW31yXVB5CHU,"['Breast Surgery', 'Pediatric Surgery', 'Trauma Surgery/Critical Care', 'Other']",,15,ucsf,West,9,123
29,R_2YtxNvN5s0w2l7N,5,3,3,3,1,3,3,5,4,4,4,1,5,5,1,4,5,5,4,7,5,1,3,3,3,2,3,1,2,2,3,lahey,R_2YtxNvN5s0w2l7N,['Vascular Surgery'],Department Chair,35,lahey,Northeast,1,38
30,R_12a6fhI3OGX81SR,4,4,4,1,1,2,3,3,4,2,4,3,4,3,4,4,4,3,4,1,4,1,4,4,4,4,4,2,4,4,4,lahey,R_12a6fhI3OGX81SR,['Vascular Surgery'],,30,lahey,Northeast,1,38
31,R_3PjouE8FUpWk7pt,5,5,5,5,2,1,4,4,4,5,5,4,5,7,5,5,7,4,5,7,7,7,5,5,5,5,5,5,5,5,5,lahey,R_3PjouE8FUpWk7pt,['Colon and Rectal Surgery'],Department Chair,25,lahey,Northeast,1,38
32,R_1Fetqvf0h3BMHy6,4,5,4,4,4,4,3,4,4,3,4,3,4,3,3,3,3,3,4,4,4,4,4,4,4,4,4,4,3,4,4,lahey,R_1Fetqvf0h3BMHy6,['Vascular Surgery'],,12,lahey,Northeast,1,38
33,R_1od3OOTbbIE08m3,5,3,4,2,1,2,5,5,5,4,3,4,3,3,1,1,7,7,5,7,7,5,5,4,5,1,2,1,1,1,2,lahey,R_1od3OOTbbIE08m3,['Vascular Surgery'],,3,lahey,Northeast,1,38
34,R_uaW8pwWcqkRvBDz,5,5,4,4,1,1,5,4,3,5,4,4,7,5,5,5,4,5,5,7,7,4,4,4,5,4,2,2,3,3,5,washu,R_uaW8pwWcqkRvBDz,['Colon and Rectal Surgery'],Program Director (or Assistant Program Director),20,washu,Midwest,7,99
35,R_6LQTpDF99cMnTgZ,4,5,4,5,2,2,5,4,5,3,3,3,7,7,3,4,5,5,5,7,7,2,5,5,5,5,5,2,4,5,5,lahey,R_6LQTpDF99cMnTgZ,['Vascular Surgery'],"Department Chair,Program Director (or Assistant Program Director)",30,lahey,Northeast,1,38
36,R_3JsVq4SxhJ7N77Q,1,3,1,1,1,1,1,1,2,4,3,1,1,1,1,1,1,1,1,1,1,1,1,1,1,1,1,1,1,1,1,lahey,R_3JsVq4SxhJ7N77Q,"['Abdominal Wall/Hernia Surgery', 'Acute Care Surgery/Emergency General Surgery', 'Breast Surgery', 'Endocrine Surgery', 'Surgical Oncology']",,,lahey,Northeast,1,38
37,R_24AfEtMwZ73MYRj,5,5,5,5,1,1,5,4,4,3,5,5,5,7,5,5,5,5,5,4,7,5,5,4,5,5,5,2,5,5,5,lahey,R_24AfEtMwZ73MYRj,"['Abdominal Wall/Hernia Surgery', 'Acute Care Surgery/Emergency General Surgery', 'Trauma Surgery/Critical Care']",,10,lahey,Northeast,1,38
43,R_3Gqcswr53rgE6g6,5,5,5,3,2,2,5,5,4,4,3,4,4,4,5,5,5,5,5,7,7,5,5,3,5,3,4,2,3,3,4,washu,R_3Gqcswr53rgE6g6,['Colon and Rectal Surgery'],,3,washu,Midwest,7,99
44,R_2PC2kfsNSpHfqT6,3,3,3,1,1,1,5,4,3,4,1,2,5,5,3,5,4,4,5,2,7,1,3,2,3,3,3,1,3,3,4,washu,R_2PC2kfsNSpHfqT6,['Cardiac Surgery'],,1,washu,Midwest,7,99
45,R_7PbnGOA09AbAlMZ,4,5,4,1,2,1,4,4,4,4,3,1,4,5,4,5,5,5,5,7,7,7,5,5,5,5,5,5,3,5,3,washu,R_7PbnGOA09AbAlMZ,['Breast Surgery'],Program Director (or Assistant Program Director),17,washu,Midwest,7,99
46,R_239W2TdvkmwwlO3,2,3,3,3,1,1,4,4,2,5,3,3,4,5,2,2,7,7,7,3,7,7,3,3,4,2,3,3,2,2,2,washu,R_239W2TdvkmwwlO3,['Abdominal Wall/Hernia Surgery'],Program Director (or Assistant Program Director),8,washu,Midwest,7,99
47,R_30eodJes6HCqG3p,4,3,4,2,1,2,4,4,3,4,2,4,3,3,4,3,4,4,4,7,7,3,2,3,3,1,3,2,2,2,2,washu,R_30eodJes6HCqG3p,['Trauma Surgery/Critical Care'],,5,washu,Midwest,7,99
48,R_2atzrwARXYyEBaw,3,4,3,2,2,2,4,4,2,2,2,2,3,4,1,3,5,3,3,4,4,1,1,1,1,4,1,1,1,3,1,washu,R_2atzrwARXYyEBaw,['Thoracic Surgery'],,,washu,Midwest,7,99
49,R_shxDQuuusF0Td4J,3,4,3,1,1,1,5,5,3,1,1,1,5,5,2,5,5,2,5,5,7,7,5,5,5,5,5,5,5,5,5,washu,R_shxDQuuusF0Td4J,['Colon and Rectal Surgery'],Program Director (or Assistant Program Director),,washu,Midwest,7,99
50,R_2pLzzV1ZoRrDqEu,5,4,3,1,1,1,4,3,4,4,3,4,7,3,3,5,5,5,5,2,8,3,3,3,4,2,4,1,3,4,3,washu,R_2pLzzV1ZoRrDqEu,['Trauma Surgery/Critical Care'],,2,washu,Midwest,7,99
51,R_3P77ogJCsXMLrkG,5,4,4,3,1,1,4,5,2,3,2,3,7,5,4,4,5,3,5,5,7,7,3,3,3,4,4,2,3,4,4,washu,R_3P77ogJCsXMLrkG,['Pediatric Surgery'],,20,washu,Midwest,7,99
52,R_ZsNmilpVTREaUEx,2,2,2,1,1,1,3,3,5,4,5,1,3,3,4,4,4,4,5,7,7,2,3,1,3,1,1,1,1,1,2,washu,R_ZsNmilpVTREaUEx,['Vascular Surgery'],Program Director (or Assistant Program Director),32,washu,Midwest,7,99
53,R_3GrkOWBpB09cgN4,3,4,3,3,1,1,4,4,3,3,3,3,7,5,5,5,4,3,5,7,5,5,5,5,5,5,5,5,5,5,5,washu,R_3GrkOWBpB09cgN4,['Trauma Surgery/Critical Care'],,7,washu,Midwest,7,99
54,R_23X2YZ01lZSOLvT,4,2,3,2,1,1,4,3,3,4,4,1,4,3,5,5,2,2,3,2,4,2,4,2,5,1,3,1,2,1,4,washu,R_23X2YZ01lZSOLvT,"['Acute Care Surgery/Emergency General Surgery', 'Trauma Surgery/Critical Care']",Program Director (or Assistant Program Director),5,washu,Midwest,7,99
55,R_1ITrvE9yk66ybGy,2,2,2,1,1,1,5,5,4,4,2,1,2,2,2,4,2,1,2,7,7,1,3,2,3,1,1,1,1,1,1,washu,R_1ITrvE9yk66ybGy,['Vascular Surgery'],,8,washu,Midwest,7,99
56,R_3dXmj7M29TwPkQE,5,4,4,1,2,2,4,4,3,4,4,4,5,5,5,5,7,4,5,7,7,7,4,3,3,3,4,1,1,1,1,washu,R_3dXmj7M29TwPkQE,['Endocrine Surgery'],,4,washu,Midwest,7,99
57,R_2DMIj31kHmMcbY8,2,4,3,2,3,3,4,4,2,4,1,3,7,7,5,5,4,5,4,7,7,5,3,5,3,5,5,2,3,5,3,washu,R_2DMIj31kHmMcbY8,"['Acute Care Surgery/Emergency General Surgery', 'Trauma Surgery/Critical Care']",,23,washu,Midwest,7,99
58,R_2xLXZMsqc3X0hfL,5,5,4,3,2,2,3,3,3,4,3,4,7,5,5,5,5,5,3,3,7,7,4,4,4,4,4,1,1,1,1,washu,R_2xLXZMsqc3X0hfL,['Pediatric Surgery'],,5,washu,Midwest,7,99
59,R_1DIuaHXKz9twXg8,3,5,3,3,1,1,4,4,4,4,2,2,5,4,4,4,7,7,7,4,7,4,1,1,1,2,1,1,2,2,4,washu,R_1DIuaHXKz9twXg8,"['Abdominal Wall/Hernia Surgery', 'Acute Care Surgery/Emergency General Surgery', 'Colon and Rectal Surgery']",,28,washu,Midwest,7,99
60,R_AssUgqlZQVHuQLL,2,4,3,1,1,1,2,3,2,4,2,3,7,5,5,5,5,4,5,3,4,1,2,3,4,3,2,3,3,3,2,washu,R_AssUgqlZQVHuQLL,['Bariatric/Minimally Invasive Surgery'],Program Director (or Assistant Program Director),26,washu,Midwest,7,99
61,R_262oJgtZVMLIpez,5,5,5,3,2,2,4,4,4,1,5,5,5,5,5,5,5,3,5,8,5,2,5,3,5,3,3,1,1,1,1,ucsf,R_262oJgtZVMLIpez,"['Abdominal Wall/Hernia Surgery', 'Breast Surgery', 'Other']",Program Director (or Assistant Program Director),10,ucsf,West,9,123
62,R_1jHt76D3uTbxJgG,5,5,5,3,1,1,5,3,4,4,3,5,5,5,5,5,5,5,5,8,7,7,3,3,3,3,3,1,1,1,1,ucsf,R_1jHt76D3uTbxJgG,['Pediatric Surgery'],Program Director (or Assistant Program Director),11,ucsf,West,9,123
63,R_3qeBJ1IW4jlSS3n,4,4,4,1,1,1,4,4,5,1,2,3,4,4,4,4,4,3,4,3,5,7,3,3,3,3,2,2,1,1,1,ucsf,R_3qeBJ1IW4jlSS3n,['Hepatopancreaticobiliary Surgery'],Program Director (or Assistant Program Director),46,ucsf,West,9,123
64,R_b90CMdBj6iQqLU5,5,5,4,4,1,1,5,3,3,4,2,5,7,5,3,4,7,5,5,7,5,5,1,2,2,3,2,2,1,2,4,washu,R_b90CMdBj6iQqLU5,['Endocrine Surgery'],,23,washu,Midwest,7,99
65,R_3Egxk6TdU3acfaa,5,4,4,3,1,1,5,5,5,4,5,3,7,5,5,5,7,5,5,5,4,4,3,3,4,4,3,1,4,4,4,washu,R_3Egxk6TdU3acfaa,['Thoracic Surgery'],,25,washu,Midwest,7,99
66,R_PCIAHqBPdGfla6t,5,4,4,1,1,1,4,3,1,3,4,4,4,4,3,3,4,3,4,3,7,7,4,4,4,4,3,3,3,3,3,ucsf,R_PCIAHqBPdGfla6t,['Cardiac Surgery'],,21,ucsf,West,9,123
67,R_5tDgSd6XfVXHefL,4,5,4,3,1,2,4,3,5,2,4,2,4,3,5,5,5,4,2,5,7,7,5,5,5,5,5,3,5,5,5,ucsf,R_5tDgSd6XfVXHefL,['Endocrine Surgery'],,20,ucsf,West,9,123
68,R_3KotdALI6hAQecj,4,5,4,1,1,1,4,4,4,3,1,3,4,4,4,4,4,4,4,4,7,5,1,2,1,3,2,2,4,3,3,ucsf,R_3KotdALI6hAQecj,['Thoracic Surgery'],Program Director (or Assistant Program Director),5,ucsf,West,9,123
69,R_1hMvjd86HNKG9fZ,5,5,5,5,4,2,4,3,4,5,5,5,7,3,2,2,4,4,5,7,5,5,1,5,1,5,1,5,1,5,1,ucsf,R_1hMvjd86HNKG9fZ,"['Abdominal Wall/Hernia Surgery', 'Acute Care Surgery/Emergency General Surgery', 'Breast Surgery', 'Colon and Rectal Surgery', 'Endocrine Surgery', 'Hepatopancreaticobiliary Surgery', 'Pediatric Surgery', 'Surgical Oncology', 'Thoracic Surgery', 'Trauma Surgery/Critical Care']",Sustainability Director (or Coordinator),40,ucsf,West,9,123
71,R_AA2QAsjxWke1z2x,5,3,3,3,1,1,5,4,4,4,2,4,7,5,5,5,5,5,5,2,7,7,5,5,5,5,5,1,1,5,1,washu,R_AA2QAsjxWke1z2x,"['Breast Surgery', 'Surgical Oncology']",,20,washu,Midwest,7,99
72,R_2f99mkgC2P2rK8j,4,4,4,1,1,1,1,2,4,4,4,1,5,5,5,5,7,2,5,5,5,1,5,3,4,4,5,3,2,2,2,ucsf,R_2f99mkgC2P2rK8j,"['Abdominal Wall/Hernia Surgery', 'Other']",,5,ucsf,West,9,123
75,R_2rpiMiAlsPTav2k,2,2,2,1,1,1,2,4,4,4,3,2,3,4,2,2,7,7,7,7,5,7,3,2,4,3,2,1,2,2,3,washu,R_2rpiMiAlsPTav2k,['Bariatric/Minimally Invasive Surgery'],Program Director (or Assistant Program Director),14,washu,Midwest,7,99
76,R_XtyH5hQvA3GzYop,5,5,4,2,1,3,4,4,3,5,2,5,5,5,5,5,5,7,7,7,7,7,5,5,5,5,5,2,2,3,4,washu,R_XtyH5hQvA3GzYop,['Bariatric/Minimally Invasive Surgery'],,7,washu,Midwest,7,99
77,R_vHXlARDFRaRQBbj,4,4,4,1,1,1,4,4,3,4,2,4,4,4,5,5,5,3,4,7,7,8,5,5,5,5,2,3,3,4,3,lahey,R_vHXlARDFRaRQBbj,['Colon and Rectal Surgery'],Program Director (or Assistant Program Director),10,lahey,Northeast,1,38
78,R_38fWn4nWrwLvQgp,4,3,3,2,2,2,3,3,3,2,3,3,3,3,4,3,5,3,5,7,7,3,2,2,2,2,2,2,3,3,3,lahey,R_38fWn4nWrwLvQgp,"['Acute Care Surgery/Emergency General Surgery', 'Trauma Surgery/Critical Care']",,31,lahey,Northeast,1,38
79,R_9nUzzlmxsBmD31L,5,4,4,2,2,2,3,3,4,3,3,1,4,5,4,4,5,4,5,7,3,7,5,5,5,4,5,5,3,3,2,ucsf,R_9nUzzlmxsBmD31L,['Endocrine Surgery'],Program Director (or Assistant Program Director),16,ucsf,West,9,123
80,R_6lg5NvipUsF30t3,3,2,3,3,1,2,2,4,3,3,4,1,3,5,5,5,5,3,4,7,2,2,5,2,5,3,4,2,2,3,4,washu,R_6lg5NvipUsF30t3,['Trauma Surgery/Critical Care'],,1,washu,Midwest,7,99
82,R_0kCFGtdXA2I7U7D,4,4,3,1,1,1,2,4,5,5,4,3,2,4,2,4,4,4,4,5,7,5,2,2,2,2,1,1,1,1,1,washu,R_0kCFGtdXA2I7U7D,['Hepatopancreaticobiliary Surgery'],,20,washu,Midwest,7,99
83,R_xzJ4K6id78A5y2B,2,2,2,3,2,2,5,4,4,3,4,1,5,4,5,3,4,2,3,7,5,1,4,1,4,1,1,1,1,1,1,washu,R_xzJ4K6id78A5y2B,['Vascular Surgery'],,23,washu,Midwest,7,99
90,R_2P8dQyyYMKqijQE,4,3,4,2,1,1,4,4,5,4,2,2,3,5,4,4,4,2,4,2,4,4,4,2,4,1,1,1,1,2,2,ucsf,R_2P8dQyyYMKqijQE,"['Abdominal Wall/Hernia Surgery', 'Acute Care Surgery/Emergency General Surgery', 'Colon and Rectal Surgery', 'Hepatopancreaticobiliary Surgery', 'Surgical Oncology']",,2,ucsf,West,9,123
92,R_RDgsBQuNAN6zJh7,5,4,5,2,1,1,4,4,5,1,3,3,4,4,3,4,5,3,3,4,3,7,5,4,5,4,4,3,3,3,3,ucsf,R_RDgsBQuNAN6zJh7,"['Acute Care Surgery/Emergency General Surgery', 'Trauma Surgery/Critical Care']",,3,ucsf,West,9,123
99,R_1DZJ8RKyRh2ysE0,4,4,3,4,1,2,5,4,2,2,5,2,4,4,4,4,4,3,2,7,7,4,3,3,4,3,3,1,2,2,2,und,R_1DZJ8RKyRh2ysE0,"['Abdominal Wall/Hernia Surgery', 'Acute Care Surgery/Emergency General Surgery', 'Trauma Surgery/Critical Care']",,30,und,Midwest,8,11
101,R_2EF4VCSzAejGddJ,4,4,4,3,1,1,4,4,5,1,4,4,3,4,1,1,7,5,5,7,7,3,3,3,3,3,3,3,1,3,3,lehigh,R_2EF4VCSzAejGddJ,"['Abdominal Wall/Hernia Surgery', 'Acute Care Surgery/Emergency General Surgery', 'Trauma Surgery/Critical Care']",Program Director (or Assistant Program Director),21,lehigh,Northeast,3,55
102,R_1l9JWGNAOhwXL8A,5,4,4,1,1,1,2,3,5,4,5,4,2,5,5,5,5,5,5,7,7,5,5,5,5,1,5,2,2,2,3,lehigh,R_1l9JWGNAOhwXL8A,['Pediatric Surgery'],,14,lehigh,Northeast,3,55
103,R_1rxAih9TOpteG5G,3,3,4,2,2,3,4,3,3,3,3,3,3,2,2,2,3,3,3,3,3,3,3,3,3,3,3,3,3,3,3,lehigh,R_1rxAih9TOpteG5G,['Acute Care Surgery/Emergency General Surgery'],,1,lehigh,Northeast,3,55
104,R_2dviQmjAazqFaQo,3,1,3,1,1,1,4,4,5,5,3,1,3,4,2,7,7,1,1,7,7,1,4,4,4,4,3,3,3,2,3,lehigh,R_2dviQmjAazqFaQo,['Pediatric Surgery'],,18,lehigh,Northeast,3,55
105,R_2Vlj7rUE9JqtOd2,5,5,5,1,1,1,5,5,5,1,5,5,7,7,5,5,5,5,5,2,7,7,5,5,5,1,1,1,1,1,1,lehigh,R_2Vlj7rUE9JqtOd2,"['Abdominal Wall/Hernia Surgery', 'Acute Care Surgery/Emergency General Surgery', 'Trauma Surgery/Critical Care']",,16,lehigh,Northeast,3,55
106,R_1gRvKfCTUXixOEb,3,3,3,3,1,1,4,4,4,3,2,1,3,3,5,7,5,2,1,1,3,5,4,4,5,3,4,3,1,1,1,lehigh,R_1gRvKfCTUXixOEb,['Vascular Surgery'],,25,lehigh,Northeast,3,55
107,R_XzhJVEHKpVJNZpn,5,3,5,3,1,3,4,4,3,2,4,3,4,2,3,3,4,2,2,1,2,3,2,1,2,1,2,1,1,1,1,lehigh,R_XzhJVEHKpVJNZpn,"['Abdominal Wall/Hernia Surgery', 'Acute Care Surgery/Emergency General Surgery', 'Colon and Rectal Surgery', 'Hepatopancreaticobiliary Surgery']",Program Director (or Assistant Program Director),12,lehigh,Northeast,3,55
108,R_1imx1MSykMkrOom,4,5,4,3,2,2,4,3,4,3,4,5,4,3,5,7,4,3,5,7,5,7,4,4,3,3,3,1,1,1,3,lehigh,R_1imx1MSykMkrOom,"['Abdominal Wall/Hernia Surgery', 'Acute Care Surgery/Emergency General Surgery', 'Endocrine Surgery']",,11,lehigh,Northeast,3,55
109,R_2cdSJKOOxBslwUk,2,3,3,3,1,2,5,5,3,3,2,2,5,5,3,5,4,3,4,5,4,4,4,2,3,3,2,1,2,2,2,lehigh,R_2cdSJKOOxBslwUk,"['Acute Care Surgery/Emergency General Surgery', 'Trauma Surgery/Critical Care']",,2,lehigh,Northeast,3,55
110,R_1eWrKoksiLibRej,3,3,3,3,3,3,3,3,3,4,3,3,4,4,5,5,5,5,5,1,5,5,2,3,2,4,3,1,2,2,2,lehigh,R_1eWrKoksiLibRej,['Vascular Surgery'],Program Director (or Assistant Program Director),15,lehigh,Northeast,3,55
111,R_Zt98xiUdY2M5kcN,4,4,4,4,4,4,5,5,4,4,3,2,7,7,3,7,5,5,1,8,7,1,1,1,2,4,1,1,1,1,3,lehigh,R_Zt98xiUdY2M5kcN,"['Acute Care Surgery/Emergency General Surgery', 'Plastics Surgery', 'Trauma Surgery/Critical Care']",,25,lehigh,Northeast,3,55
112,R_SUz7eT5rFdus8pP,5,5,4,1,1,1,4,4,3,3,2,2,3,5,4,4,5,5,4,7,5,3,5,4,5,5,5,1,4,4,4,washu,R_SUz7eT5rFdus8pP,"['Abdominal Wall/Hernia Surgery', 'Acute Care Surgery/Emergency General Surgery']",,3,washu,Midwest,7,99
113,R_3nkeXM71TuGtXY7,4,4,3,1,1,1,4,3,5,2,4,3,4,4,1,3,5,4,5,4,5,5,5,4,5,4,4,3,4,4,4,lehigh,R_3nkeXM71TuGtXY7,['Bariatric/Minimally Invasive Surgery'],,17,lehigh,Northeast,3,55
114,R_2EgCuYyTqjW8vx8,3,3,3,1,1,1,3,3,4,3,4,1,3,3,1,3,3,3,3,7,5,5,3,3,3,3,3,3,2,2,2,washu,R_2EgCuYyTqjW8vx8,['Colon and Rectal Surgery'],Program Director (or Assistant Program Director),10,washu,Midwest,7,99
115,R_269eQpqR00ti374,3,5,4,3,2,1,2,2,2,5,2,3,3,2,4,5,5,3,5,3,7,7,2,4,4,3,1,1,3,3,4,washu,R_269eQpqR00ti374,"['Abdominal Wall/Hernia Surgery', 'Bariatric/Minimally Invasive Surgery', 'Endocrine Surgery']",Program Director (or Assistant Program Director),33,washu,Midwest,7,99
116,R_33ds7o7P5V2FTAY,5,4,5,1,1,1,4,4,4,3,3,3,4,4,2,2,5,4,4,5,5,5,4,4,4,4,4,2,2,4,3,washu,R_33ds7o7P5V2FTAY,['Thoracic Surgery'],,3,washu,Midwest,7,99
117,R_2fByou8nvRRsOrv,5,3,4,2,1,1,4,4,2,5,3,4,3,5,5,5,7,7,5,7,5,7,4,4,4,3,1,1,1,2,3,washu,R_2fByou8nvRRsOrv,"['Hepatopancreaticobiliary Surgery', 'Transplant Surgery']",,6,washu,Midwest,7,99
118,R_2P29uuCaobEYRUw,3,3,3,3,3,3,3,3,3,2,3,2,3,3,3,3,3,3,3,3,3,3,2,2,2,2,2,2,2,2,2,washu,R_2P29uuCaobEYRUw,['Other'],,,washu,Midwest,7,99
119,R_22VvC1r84TcPmqq,5,5,5,3,2,2,2,2,3,1,2,4,2,4,4,4,5,2,4,4,7,4,5,5,5,5,5,5,5,5,5,washu,R_22VvC1r84TcPmqq,['Hepatopancreaticobiliary Surgery'],,1,washu,Midwest,7,99
120,R_2bZBslerj3DMla2,5,5,5,1,1,1,4,4,5,1,5,4,7,5,1,1,7,2,5,5,5,1,2,2,2,2,2,1,2,2,2,washu,R_2bZBslerj3DMla2,['Cardiac Surgery'],,6,washu,Midwest,7,99
121,R_1E4F9YhMSq1l2SF,1,1,1,5,4,5,5,5,4,3,5,1,1,1,5,1,4,1,1,7,7,1,1,1,1,1,1,1,1,1,1,washu,R_1E4F9YhMSq1l2SF,"['Abdominal Wall/Hernia Surgery', 'Acute Care Surgery/Emergency General Surgery', 'Trauma Surgery/Critical Care']",Sustainability Director (or Coordinator),22,washu,Midwest,7,99
122,R_UhFGPOiFQyiD7lD,3,2,3,1,1,1,5,3,2,1,5,1,7,7,7,7,7,7,4,7,7,7,1,1,1,3,1,1,1,1,1,washu,R_UhFGPOiFQyiD7lD,['Surgical Oncology'],Department Chair,23,washu,Midwest,7,99
123,R_2txR0mP9V8dA351,5,5,5,2,2,2,4,3,3,3,2,3,4,3,3,4,5,5,5,7,5,3,3,3,3,4,2,2,3,4,1,washu,R_2txR0mP9V8dA351,['Transplant Surgery'],Program Director (or Assistant Program Director),1,washu,Midwest,7,99
124,R_2anudYeXDJQ6Zsu,2,4,3,1,1,1,4,4,4,3,3,2,4,4,4,4,7,2,4,1,7,7,4,4,4,4,4,1,3,3,3,washu,R_2anudYeXDJQ6Zsu,['Pediatric Surgery'],,6,washu,Midwest,7,99
125,R_2CE2cX0g5eeVA13,2,2,3,3,2,1,4,4,3,4,4,2,2,2,5,5,3,3,2,3,5,4,2,2,4,4,2,1,2,2,2,washu,R_2CE2cX0g5eeVA13,['Pediatric Surgery'],Program Director (or Assistant Program Director),26,washu,Midwest,7,99
126,R_2ro1PARHbeh2GrX,4,4,4,1,1,1,3,3,5,3,3,2,3,4,4,4,4,4,4,5,4,4,3,4,4,4,4,4,4,4,4,washu,R_2ro1PARHbeh2GrX,"['Abdominal Wall/Hernia Surgery', 'Acute Care Surgery/Emergency General Surgery', 'Bariatric/Minimally Invasive Surgery', 'Breast Surgery', 'Colon and Rectal Surgery', 'Endocrine Surgery', 'Hepatopancreaticobiliary Surgery', 'Pediatric Surgery']",,32,washu,Midwest,7,99
127,R_Qh1HxO1KFRChkYN,3,4,5,1,2,2,5,5,2,4,4,1,5,4,3,3,5,5,4,3,4,3,5,3,5,1,4,1,1,3,1,washu,R_Qh1HxO1KFRChkYN,"['Abdominal Wall/Hernia Surgery', 'Acute Care Surgery/Emergency General Surgery']",,20,washu,Midwest,7,99
128,R_1IuZy5Ff4HgH6Qy,2,2,1,4,1,2,5,2,4,4,2,1,7,7,5,5,4,3,2,7,7,7,2,2,3,2,1,1,1,1,2,washu,R_1IuZy5Ff4HgH6Qy,"['Abdominal Wall/Hernia Surgery', 'Acute Care Surgery/Emergency General Surgery', 'Colon and Rectal Surgery', 'Trauma Surgery/Critical Care']",Program Director (or Assistant Program Director),21,washu,Midwest,7,99
129,R_XOpigBJlgrfT6W5,4,2,3,3,2,2,4,4,3,5,2,3,3,4,5,5,4,2,4,2,7,4,5,4,5,3,5,2,3,3,5,washu,R_XOpigBJlgrfT6W5,"['Abdominal Wall/Hernia Surgery', 'Hepatopancreaticobiliary Surgery']",Program Director (or Assistant Program Director),16,washu,Midwest,7,99
130,R_2w66EVkTBem7xud,3,1,3,1,1,1,4,4,4,4,4,1,5,5,5,5,5,5,5,5,5,7,2,3,2,3,2,1,1,2,2,ucsf,R_2w66EVkTBem7xud,"['Acute Care Surgery/Emergency General Surgery', 'Trauma Surgery/Critical Care']",,15,ucsf,West,9,123
131,R_27KHJQggTLrIzVp,4,4,4,3,2,2,3,3,4,4,4,2,3,3,4,3,4,4,4,4,4,4,4,3,4,4,2,2,3,2,2,ucsf,R_27KHJQggTLrIzVp,['Pediatric Surgery'],,44,ucsf,West,9,123
132,R_2VsFaAFVnUfN9Fy,3,4,4,3,2,2,4,3,5,3,3,3,4,4,5,5,7,7,4,5,7,7,4,4,4,4,4,4,4,4,4,ucsf,R_2VsFaAFVnUfN9Fy,['Endocrine Surgery'],,24,ucsf,West,9,123
133,R_2QRkpAOSaCPPpLW,5,5,5,3,1,2,5,5,5,4,5,2,5,5,5,5,5,4,5,7,7,4,5,4,5,5,5,3,5,5,5,texastech,R_2QRkpAOSaCPPpLW,"['Abdominal Wall/Hernia Surgery', 'Hepatopancreaticobiliary Surgery', 'Surgical Oncology']",,7,texastech,Southwest,6,27
134,R_1jJkcoKRUwvFUst,2,1,2,1,1,1,2,2,2,4,1,1,3,2,4,4,4,1,2,2,2,2,2,2,2,1,1,1,1,2,1,texastech,R_1jJkcoKRUwvFUst,['Colon and Rectal Surgery'],,3,texastech,Southwest,6,27
135,R_3Pzges8qo3I0CSi,5,5,4,1,2,1,5,5,3,4,4,4,5,5,5,5,5,3,1,3,7,3,4,4,4,4,4,3,1,1,1,ucsf,R_3Pzges8qo3I0CSi,['Pediatric Surgery'],,16,ucsf,West,9,123
136,R_3JDfe2Ia02SxZnl,5,4,4,3,2,1,4,4,4,3,4,4,5,5,4,4,3,3,4,3,7,3,5,5,5,5,5,1,4,4,5,texastech,R_3JDfe2Ia02SxZnl,['Plastics Surgery'],,4,texastech,Southwest,6,27
137,R_3KxsI7XvqtYgZwK,1,2,2,3,1,2,5,5,4,3,3,3,4,4,5,4,3,1,1,7,7,2,4,2,4,2,1,1,1,1,1,washu,R_3KxsI7XvqtYgZwK,['Vascular Surgery'],,20,washu,Midwest,7,99
138,R_3Ed8uhovlsRVJYq,5,4,5,3,1,1,5,4,5,3,5,4,5,5,5,5,5,4,5,3,3,3,5,2,4,3,4,3,5,2,4,washu,R_3Ed8uhovlsRVJYq,"['Abdominal Wall/Hernia Surgery', 'Acute Care Surgery/Emergency General Surgery', 'Bariatric/Minimally Invasive Surgery', 'Breast Surgery', 'Cardiac Surgery', 'Colon and Rectal Surgery', 'Endocrine Surgery', 'Hepatopancreaticobiliary Surgery', 'Pediatric Surgery', 'Surgical Oncology', 'Vascular Surgery', 'Thoracic Surgery', 'Trauma Surgery/Critical Care']",,2,washu,Midwest,7,99
139,R_2s6ZUTp6GIuGVOj,5,5,5,1,1,1,5,5,4,3,2,2,7,7,5,5,5,5,5,7,7,7,2,3,3,3,2,2,3,3,3,ucsf,R_2s6ZUTp6GIuGVOj,['Thoracic Surgery'],Program Director (or Assistant Program Director),5,ucsf,West,9,123
140,R_sp3hfKBEOZVf7qx,4,4,4,3,3,2,5,4,2,4,3,2,5,3,5,5,5,5,4,3,5,7,4,4,4,4,4,1,4,4,5,ucsf,R_sp3hfKBEOZVf7qx,"['Abdominal Wall/Hernia Surgery', 'Acute Care Surgery/Emergency General Surgery', 'Bariatric/Minimally Invasive Surgery']",,15,ucsf,West,9,123
141,R_1l0KxgxjDGcq2Rv,5,5,5,5,1,1,4,4,5,3,5,3,5,5,5,5,7,5,5,7,5,3,2,2,4,4,3,4,2,2,2,texastech,R_1l0KxgxjDGcq2Rv,['Acute Care Surgery/Emergency General Surgery'],Department Chair,,texastech,Southwest,6,27
142,R_2dF0hbaD1IswgJq,4,4,4,3,1,1,3,3,4,3,3,4,4,4,4,4,4,4,4,2,4,1,4,4,4,4,4,2,4,4,4,texastech,R_2dF0hbaD1IswgJq,['Plastics Surgery'],,1,texastech,Southwest,6,27
143,R_2cBeUOwXB5b4FmA,5,5,4,3,1,1,5,5,5,1,1,3,5,7,5,5,5,7,5,5,7,5,5,5,5,5,2,1,1,1,2,texastech,R_2cBeUOwXB5b4FmA,"['Acute Care Surgery/Emergency General Surgery', 'Trauma Surgery/Critical Care']",Program Director (or Assistant Program Director),5,texastech,Southwest,6,27
147,R_3hFudgXE3gQSbBg,5,5,4,4,2,2,5,5,5,1,1,5,5,5,5,5,5,5,5,7,7,7,5,5,5,5,5,5,4,5,4,ucsf,R_3hFudgXE3gQSbBg,"['Abdominal Wall/Hernia Surgery', 'Acute Care Surgery/Emergency General Surgery', 'Bariatric/Minimally Invasive Surgery', 'Breast Surgery', 'Colon and Rectal Surgery', 'Endocrine Surgery', 'Hepatopancreaticobiliary Surgery', 'Pediatric Surgery', 'Plastics Surgery', 'Surgical Oncology', 'Thoracic Surgery', 'Trauma Surgery/Critical Care']",,18,ucsf,West,9,123
148,R_1IF3PLpW5nl93hx,3,3,4,1,2,1,3,2,4,4,2,1,2,2,4,7,5,3,2,7,7,5,2,2,2,2,1,2,1,1,1,washu,R_1IF3PLpW5nl93hx,['Colon and Rectal Surgery'],,,washu,Midwest,7,99
149,R_2U478FaHpQOHa2o,3,2,2,1,1,1,5,5,2,4,4,2,3,5,2,5,5,3,5,7,3,5,3,2,4,3,1,3,2,1,1,washu,R_2U478FaHpQOHa2o,"['Acute Care Surgery/Emergency General Surgery', 'Trauma Surgery/Critical Care']",,,washu,Midwest,7,99
150,R_1CBeSVh0Pbdmyxo,3,4,3,3,2,2,4,3,4,4,3,2,7,4,4,5,4,7,3,4,7,2,4,1,4,1,4,1,1,1,1,vanderbilt,R_1CBeSVh0Pbdmyxo,['Abdominal Wall/Hernia Surgery'],,30,vanderbilt,Southeast,4,88
151,R_10Ss4g1gSfQXL6w,5,5,4,1,1,1,4,3,3,4,4,5,5,7,5,5,5,5,5,7,7,4,5,5,5,5,5,3,4,4,5,vanderbilt,R_10Ss4g1gSfQXL6w,"['Hepatopancreaticobiliary Surgery', 'Surgical Oncology']",,10,vanderbilt,Southeast,4,88
152,R_24pisG2hsqMH7ZY,4,4,4,4,2,3,5,5,4,4,3,4,4,4,5,4,5,3,3,4,4,4,2,3,3,4,3,2,1,1,1,vanderbilt,R_24pisG2hsqMH7ZY,['Other'],,40,vanderbilt,Southeast,4,88
153,R_1H8k9rFMhAow3Wx,5,5,5,1,2,2,5,5,3,3,3,2,5,5,5,5,5,5,5,7,7,7,1,5,5,5,5,5,1,5,5,vanderbilt,R_1H8k9rFMhAow3Wx,['Acute Care Surgery/Emergency General Surgery'],,15,vanderbilt,Southeast,4,88
154,R_3ew21VBTSFHvZfG,5,5,4,2,1,2,4,4,4,1,3,4,5,5,5,5,5,5,5,7,5,5,3,5,3,5,5,3,3,3,5,vanderbilt,R_3ew21VBTSFHvZfG,['Endocrine Surgery'],Department Chair,22,vanderbilt,Southeast,4,88
155,R_3qyqSUxKSDrEbv6,3,3,4,2,1,1,4,4,4,1,5,2,7,4,5,5,5,5,5,4,8,2,5,5,5,3,1,2,3,2,2,vanderbilt,R_3qyqSUxKSDrEbv6,"['Acute Care Surgery/Emergency General Surgery', 'Trauma Surgery/Critical Care']",Program Director (or Assistant Program Director),7,vanderbilt,Southeast,4,88
156,R_r3gOWTtVPw1MJNv,3,4,3,3,1,1,5,3,4,1,5,4,7,3,4,4,7,7,4,7,7,7,4,4,4,4,4,4,4,4,2,vanderbilt,R_r3gOWTtVPw1MJNv,['Colon and Rectal Surgery'],,,vanderbilt,Southeast,4,88
157,R_12EBfLJeD9sfTrj,5,5,4,1,1,1,5,4,3,4,2,3,4,5,5,5,5,7,5,3,7,5,5,5,5,5,5,5,5,5,5,vanderbilt,R_12EBfLJeD9sfTrj,['Colon and Rectal Surgery'],,2,vanderbilt,Southeast,4,88
158,R_2dEYSAy8XxvLP15,3,3,3,3,1,2,3,4,4,3,2,1,4,5,4,7,5,4,4,4,7,7,1,1,3,1,3,1,2,3,3,vanderbilt,R_2dEYSAy8XxvLP15,"['Acute Care Surgery/Emergency General Surgery', 'Trauma Surgery/Critical Care']",,2,vanderbilt,Southeast,4,88
159,R_3EcBXpXxH3Fao16,3,3,3,1,1,1,3,3,4,3,4,3,4,2,4,3,5,4,2,3,7,5,4,4,5,5,3,2,2,2,3,vanderbilt,R_3EcBXpXxH3Fao16,['Trauma Surgery/Critical Care'],Program Director (or Assistant Program Director),,vanderbilt,Southeast,4,88
160,R_29gNMwwmgJRX8z7,3,5,4,1,1,1,4,4,5,4,2,4,5,5,5,5,5,5,4,5,5,2,5,5,5,5,5,5,3,3,4,vanderbilt,R_29gNMwwmgJRX8z7,['Vascular Surgery'],,25,vanderbilt,Southeast,4,88
161,R_eDUve5ckkd1fhpT,4,4,4,2,1,1,2,4,3,3,5,1,4,4,5,7,4,5,5,7,7,7,5,2,5,4,3,1,3,3,3,vanderbilt,R_eDUve5ckkd1fhpT,['Trauma Surgery/Critical Care'],,5,vanderbilt,Southeast,4,88
162,R_2X6FUofPy7MDhUg,5,5,5,2,1,1,5,2,4,2,4,5,4,3,7,7,7,5,5,7,7,7,5,3,5,3,3,2,3,3,3,vanderbilt,R_2X6FUofPy7MDhUg,['Colon and Rectal Surgery'],Program Director (or Assistant Program Director),14,vanderbilt,Southeast,4,88
163,R_tJTpjTikzXsi5MZ,4,5,5,2,1,1,4,4,4,3,5,5,5,5,5,5,5,5,5,4,5,7,5,5,5,5,4,2,2,2,2,vanderbilt,R_tJTpjTikzXsi5MZ,"['Breast Surgery', 'Surgical Oncology']",Program Director (or Assistant Program Director),8,vanderbilt,Southeast,4,88
164,R_3e9yDL1dsJXFnZo,5,5,5,3,1,1,5,4,5,3,5,5,5,5,5,5,5,5,5,4,4,4,5,3,5,3,5,5,5,5,5,vanderbilt,R_3e9yDL1dsJXFnZo,"['Abdominal Wall/Hernia Surgery', 'Bariatric/Minimally Invasive Surgery']",,29,vanderbilt,Southeast,4,88
165,R_8BLDXpGMm0M3kw9,3,3,3,2,1,1,4,4,4,4,2,2,4,2,1,2,5,2,3,2,2,5,3,3,3,3,3,3,3,3,3,und,R_8BLDXpGMm0M3kw9,['Thoracic Surgery'],Department Chair,23,und,Midwest,8,11
166,R_2BfXzIypRtLQHZb,2,3,3,2,1,2,3,2,2,1,2,2,3,2,2,2,4,4,3,4,4,4,3,3,3,3,3,3,1,1,1,und,R_2BfXzIypRtLQHZb,"['Abdominal Wall/Hernia Surgery', 'Acute Care Surgery/Emergency General Surgery', 'Colon and Rectal Surgery']",,12,und,Midwest,8,11
167,R_2xXW2g61RdKJFzu,4,4,4,1,1,1,5,5,4,3,5,5,5,5,5,5,7,7,5,7,7,2,4,4,4,4,4,4,4,4,4,vanderbilt,R_2xXW2g61RdKJFzu,['Vascular Surgery'],Department Chair,30,vanderbilt,Southeast,4,88
168,R_a5cpvMWPsINsCIh,5,4,4,1,1,1,4,4,5,2,2,2,5,5,5,5,5,5,5,5,7,5,5,5,5,5,5,2,3,3,3,vanderbilt,R_a5cpvMWPsINsCIh,['Colon and Rectal Surgery'],,7,vanderbilt,Southeast,4,88
169,R_Y30WD5Dz6Vpzmwh,5,5,4,4,1,1,3,3,4,3,5,4,3,3,5,7,4,1,2,7,7,3,2,1,4,2,2,1,1,1,1,vanderbilt,R_Y30WD5Dz6Vpzmwh,['Breast Surgery'],Program Director (or Assistant Program Director),7,vanderbilt,Southeast,4,88
170,R_1PTYJE13HVRVO61,2,2,3,2,1,2,5,4,4,3,2,1,3,4,4,7,4,2,2,1,7,5,5,2,5,2,4,1,1,1,2,vanderbilt,R_1PTYJE13HVRVO61,['Pediatric Surgery'],,4,vanderbilt,Southeast,4,88
171,R_2uzvZEJHAEqAKbv,5,4,4,1,1,1,4,2,3,1,4,3,7,1,3,7,5,5,5,5,7,4,5,5,5,3,5,5,4,4,4,vanderbilt,R_2uzvZEJHAEqAKbv,['Colon and Rectal Surgery'],Program Director (or Assistant Program Director),10,vanderbilt,Southeast,4,88
172,R_3qmqyRyKqIQ1O3H,2,3,3,1,1,1,4,2,3,3,3,2,4,2,5,5,4,3,3,3,7,5,3,3,3,3,3,1,1,3,1,vanderbilt,R_3qmqyRyKqIQ1O3H,['Surgical Oncology'],Program Director (or Assistant Program Director),8,vanderbilt,Southeast,4,88
173,R_uxkZThumLbhLE3L,4,4,4,3,1,1,5,4,5,1,2,3,5,4,4,4,5,4,5,7,7,4,5,5,5,4,5,4,5,5,5,vanderbilt,R_uxkZThumLbhLE3L,"['Abdominal Wall/Hernia Surgery', 'Bariatric/Minimally Invasive Surgery']",,1,vanderbilt,Southeast,4,88
176,R_UDPM1PtsBh56b8B,3,3,3,3,2,2,4,3,4,4,3,3,7,7,5,5,5,3,5,7,7,5,5,4,5,3,4,2,2,3,3,vanderbilt,R_UDPM1PtsBh56b8B,"['Abdominal Wall/Hernia Surgery', 'Acute Care Surgery/Emergency General Surgery', 'Colon and Rectal Surgery', 'Hepatopancreaticobiliary Surgery', 'Surgical Oncology', 'Transplant Surgery']",,35,vanderbilt,Southeast,4,88
179,R_dbX201lruYaENR7,3,2,3,2,1,3,3,4,1,4,3,2,3,3,1,3,3,1,2,7,7,3,5,1,5,1,2,1,1,1,1,lehigh,R_dbX201lruYaENR7,"['Abdominal Wall/Hernia Surgery', 'Acute Care Surgery/Emergency General Surgery', 'Trauma Surgery/Critical Care']",,4,lehigh,Northeast,3,55
180,R_1LS8kD0CLZ0kDm1,4,5,4,3,1,1,4,4,3,3,4,4,5,5,5,5,5,5,5,8,5,4,2,3,3,4,4,4,4,4,4,vanderbilt,R_1LS8kD0CLZ0kDm1,"['Acute Care Surgery/Emergency General Surgery', 'Pediatric Surgery', 'Trauma Surgery/Critical Care']",,18,vanderbilt,Southeast,4,88
182,R_2OGzV95EloMXu6K,4,4,4,1,2,1,4,2,4,1,5,2,5,5,5,5,5,5,5,7,5,5,5,5,5,5,5,1,2,1,3,vanderbilt,R_2OGzV95EloMXu6K,['Vascular Surgery'],Program Director (or Assistant Program Director),17,vanderbilt,Southeast,4,88
183,R_QhNnooIIztQ2ZlD,4,4,4,2,2,3,3,2,4,3,1,3,4,3,3,2,5,4,4,5,7,5,4,4,4,4,4,4,4,4,4,und,R_QhNnooIIztQ2ZlD,['Acute Care Surgery/Emergency General Surgery'],,5,und,Midwest,8,11
185,R_SAGjKHTTYgM0vap,5,4,4,4,1,1,5,3,5,3,5,4,7,5,3,7,5,4,5,7,7,7,5,5,5,5,5,2,2,2,3,vanderbilt,R_SAGjKHTTYgM0vap,['Abdominal Wall/Hernia Surgery'],Program Director (or Assistant Program Director),9,vanderbilt,Southeast,4,88
190,R_1LIIasb1kfIw4qo,5,5,4,1,1,1,4,5,4,2,2,3,4,4,4,4,4,3,5,4,5,5,5,5,5,3,4,2,4,4,5,texastech,R_1LIIasb1kfIw4qo,"['Abdominal Wall/Hernia Surgery', 'Bariatric/Minimally Invasive Surgery', 'Endocrine Surgery', 'Surgical Oncology']",,1,texastech,Southwest,6,27
192,R_10UaOW7xBXiXL5G,2,2,2,2,1,1,4,4,2,4,2,1,3,4,1,4,3,2,3,2,2,1,2,1,2,3,1,1,1,2,1,und,R_10UaOW7xBXiXL5G,"['Acute Care Surgery/Emergency General Surgery', 'Trauma Surgery/Critical Care']",Program Director (or Assistant Program Director),15,und,Midwest,8,11
193,R_2wssCIKRbWQ9ViV,5,5,5,3,3,3,5,5,3,4,1,5,7,7,1,1,7,7,5,8,5,7,5,3,5,3,5,3,3,3,5,texastech,R_2wssCIKRbWQ9ViV,"['Acute Care Surgery/Emergency General Surgery', 'Trauma Surgery/Critical Care']",,10,texastech,Southwest,6,27
194,R_2X0aiqb8m6fm8da,3,2,3,2,2,2,5,5,4,3,4,2,5,5,5,5,5,4,1,2,4,5,2,2,3,1,2,1,1,1,1,texastech,R_2X0aiqb8m6fm8da,['Trauma Surgery/Critical Care'],,3,texastech,Southwest,6,27
195,R_1d9QPuh2BwiqvWE,5,5,4,1,1,1,1,4,5,3,4,2,2,5,4,5,7,3,5,7,7,7,5,2,4,4,4,1,1,1,1,vanderbilt,R_1d9QPuh2BwiqvWE,['Pediatric Surgery'],Program Director (or Assistant Program Director),21,vanderbilt,Southeast,4,88
196,R_3EnX6b91L6jszQi,4,5,4,4,2,2,5,5,5,1,5,1,5,5,1,2,4,2,3,7,7,3,5,1,5,2,2,1,2,1,2,texastech,R_3EnX6b91L6jszQi,['Vascular Surgery'],Program Director (or Assistant Program Director),27,texastech,Southwest,6,27
197,R_2BbUGsnbQxYXxvr,4,4,4,2,1,1,3,3,3,4,3,3,4,2,5,5,4,2,2,7,7,1,1,3,1,3,1,1,3,3,3,lahey,R_2BbUGsnbQxYXxvr,['Transplant Surgery'],,3,lahey,Northeast,1,38
198,R_1IMH4WuD0Xjmq12,2,3,3,2,2,1,3,3,4,5,3,2,3,3,4,3,5,3,4,3,2,3,2,2,2,2,2,2,1,2,2,lahey,R_1IMH4WuD0Xjmq12,['Breast Surgery'],,9,lahey,Northeast,1,38
199,R_3qgtBMFFkjHX8hq,3,4,3,2,1,1,2,3,2,5,3,4,3,4,4,5,5,5,5,7,5,5,5,4,5,3,3,3,3,3,3,vanderbilt,R_3qgtBMFFkjHX8hq,['Bariatric/Minimally Invasive Surgery'],Program Director (or Assistant Program Director),15,vanderbilt,Southeast,4,88
201,R_25yfqWHHDPT4CVl,5,5,5,4,1,2,4,4,5,5,4,4,7,5,4,5,4,4,5,7,4,3,5,5,5,4,4,1,1,3,3,lahey,R_25yfqWHHDPT4CVl,"['Abdominal Wall/Hernia Surgery', 'Bariatric/Minimally Invasive Surgery']",,40,lahey,Northeast,1,38
202,R_1CvU9wHF99YUsEB,5,4,4,1,1,1,3,3,5,3,3,2,2,2,5,5,5,1,4,3,4,2,2,2,4,3,2,1,2,2,2,lahey,R_1CvU9wHF99YUsEB,['Hepatopancreaticobiliary Surgery'],Department Chair,25,lahey,Northeast,1,38
204,R_24dP0BeJ7pCo9L2,2,1,2,1,1,1,4,4,3,3,3,1,7,3,5,5,4,4,3,3,7,5,4,3,4,4,3,3,2,2,3,vanderbilt,R_24dP0BeJ7pCo9L2,"['Abdominal Wall/Hernia Surgery', 'Acute Care Surgery/Emergency General Surgery', 'Trauma Surgery/Critical Care']",Program Director (or Assistant Program Director),11,vanderbilt,Southeast,4,88
206,R_UKkNGT4Bn95ORjP,3,4,4,2,1,1,4,3,4,3,4,4,4,4,4,4,4,4,4,1,2,1,3,3,3,2,2,1,3,3,2,lahey,R_UKkNGT4Bn95ORjP,['Vascular Surgery'],,30,lahey,Northeast,1,38
207,R_3polofbo2dbEr3Z,5,5,5,3,1,1,4,4,2,4,4,4,5,5,5,5,5,3,4,4,5,3,4,4,4,3,3,2,2,2,3,vanderbilt,R_3polofbo2dbEr3Z,"['Hepatopancreaticobiliary Surgery', 'Transplant Surgery']",,22,vanderbilt,Southeast,4,88
208,R_3GjqtqfCjl8E7z7,3,3,3,2,2,2,3,2,4,3,3,2,4,3,5,3,4,4,4,7,7,7,3,4,3,4,3,2,4,5,4,vanderbilt,R_3GjqtqfCjl8E7z7,"['Abdominal Wall/Hernia Surgery', 'Acute Care Surgery/Emergency General Surgery', 'Colon and Rectal Surgery', 'Trauma Surgery/Critical Care']",,,vanderbilt,Southeast,4,88
210,R_1FhTcL6L17bVAzH,4,4,4,4,1,3,5,5,3,4,2,4,7,5,5,5,5,5,5,7,5,7,5,5,5,5,4,2,5,5,5,cornell,R_1FhTcL6L17bVAzH,['Acute Care Surgery/Emergency General Surgery'],,20,cornell,Northeast,2,49
211,R_3JKOa78EdjcMvGc,3,5,4,4,1,1,5,5,4,2,4,3,5,5,5,5,5,5,5,3,7,1,5,5,5,5,5,5,5,5,5,cornell,R_3JKOa78EdjcMvGc,['Other'],,0.15,cornell,Northeast,2,49
212,R_3lQ9XGCjTS9fO7t,4,4,5,2,1,2,4,3,4,3,2,3,3,3,5,5,5,5,5,2,7,5,5,4,5,5,5,4,4,4,5,cornell,R_3lQ9XGCjTS9fO7t,['Colon and Rectal Surgery'],Program Director (or Assistant Program Director),13,cornell,Northeast,2,49
213,R_1LbrMOgzVa7SbzM,4,4,4,4,1,2,5,3,3,4,4,2,7,4,3,4,7,2,5,7,3,2,4,4,4,5,4,1,2,3,1,cornell,R_1LbrMOgzVa7SbzM,"['Abdominal Wall/Hernia Surgery', 'Endocrine Surgery']",Program Director (or Assistant Program Director),30,cornell,Northeast,2,49
214,R_3KolgpRC8kMoTeu,3,4,3,3,1,1,5,4,4,3,2,3,4,4,4,5,5,3,4,7,7,5,3,3,3,3,3,1,2,3,2,cornell,R_3KolgpRC8kMoTeu,"['Abdominal Wall/Hernia Surgery', 'Acute Care Surgery/Emergency General Surgery', 'Colon and Rectal Surgery', 'Trauma Surgery/Critical Care']",Program Director (or Assistant Program Director),33,cornell,Northeast,2,49
215,R_1q7CnJFPUYNvfQy,4,5,4,4,2,2,3,4,4,3,5,4,4,4,3,3,5,4,5,7,5,2,5,5,5,4,4,4,5,5,5,cornell,R_1q7CnJFPUYNvfQy,['Vascular Surgery'],,18,cornell,Northeast,2,49
216,R_2bN7d7LxvDyCBTH,3,3,3,3,2,3,4,4,4,4,3,1,5,5,5,5,5,5,1,1,7,1,2,2,2,2,2,2,1,2,2,cornell,R_2bN7d7LxvDyCBTH,['Other'],Program Director (or Assistant Program Director),21,cornell,Northeast,2,49
217,R_1F54SHaVc5tjwxl,4,4,4,4,2,2,3,2,4,3,3,3,4,3,4,4,4,4,4,7,7,3,4,4,4,3,4,4,1,2,1,cornell,R_1F54SHaVc5tjwxl,['Other'],Department Chair,39,cornell,Northeast,2,49
218,R_1jJNfmdjKEg0FRF,3,4,3,3,1,1,5,4,4,4,5,4,7,5,5,4,5,3,1,7,7,3,5,5,5,5,5,3,4,3,4,cornell,R_1jJNfmdjKEg0FRF,['Colon and Rectal Surgery'],,19,cornell,Northeast,2,49
221,R_Oex4oqrWR7dOYkp,5,3,4,2,1,1,2,3,4,5,1,1,4,4,4,5,5,4,3,8,5,3,4,2,3,3,4,1,2,2,2,texastech,R_Oex4oqrWR7dOYkp,['Other'],Program Director (or Assistant Program Director),15,texastech,Southwest,6,27
222,R_3MGTBYLBsa4VvcI,4,5,5,2,2,2,3,3,3,2,3,3,3,3,5,5,5,5,4,4,5,5,4,4,4,4,3,2,3,2,2,vanderbilt,R_3MGTBYLBsa4VvcI,['Pediatric Surgery'],Department Chair,,vanderbilt,Southeast,4,88
224,R_3nAh7XklzVzKNUs,2,2,2,2,1,1,5,5,2,4,1,2,7,7,2,2,5,2,2,1,7,7,3,3,3,3,3,2,1,1,1,cornell,R_3nAh7XklzVzKNUs,"['Abdominal Wall/Hernia Surgery', 'Acute Care Surgery/Emergency General Surgery', 'Bariatric/Minimally Invasive Surgery']",,19,cornell,Northeast,2,49
225,R_2Cy4ScFJIPWiAT4,4,2,4,1,1,1,4,3,4,4,3,4,5,5,5,5,5,4,5,5,7,5,5,5,5,5,4,4,4,4,4,lahey,R_2Cy4ScFJIPWiAT4,['Colon and Rectal Surgery'],,3,lahey,Northeast,1,38
228,R_XG77v0gB5vp4bgB,4,3,4,1,1,1,2,1,5,4,4,3,7,7,5,5,5,7,4,4,7,5,5,4,5,3,2,2,3,3,3,cornell,R_XG77v0gB5vp4bgB,['Colon and Rectal Surgery'],Program Director (or Assistant Program Director),4,cornell,Northeast,2,49
230,R_ZgFUjGq9Y4stI41,3,2,3,1,1,1,2,2,3,4,3,3,4,4,1,3,3,2,2,3,3,8,3,3,3,1,1,1,1,1,1,cornell,R_ZgFUjGq9Y4stI41,"['Abdominal Wall/Hernia Surgery', 'Breast Surgery']",,31,cornell,Northeast,2,49
232,R_T5GlIuTg9cZZOW5,4,5,5,3,1,1,4,4,4,3,2,4,4,7,5,5,5,3,4,5,7,5,5,5,5,5,5,3,4,4,4,cornell,R_T5GlIuTg9cZZOW5,"['Abdominal Wall/Hernia Surgery', 'Acute Care Surgery/Emergency General Surgery', 'Trauma Surgery/Critical Care']",Program Director (or Assistant Program Director),7,cornell,Northeast,2,49
234,R_DH8yKSr53EhL9TP,2,2,3,3,2,2,1,3,4,3,3,1,4,4,4,5,4,4,4,7,5,2,4,4,5,4,4,2,2,2,2,cornell,R_DH8yKSr53EhL9TP,['Other'],Department Chair,22,cornell,Northeast,2,49
237,R_XmQE5DWDvXp2WGd,3,2,3,2,1,2,4,4,3,1,2,1,4,4,3,3,4,1,4,1,3,3,4,3,4,4,3,1,1,1,1,cornell,R_XmQE5DWDvXp2WGd,['Hepatopancreaticobiliary Surgery'],,6,cornell,Northeast,2,49
238,R_1gjsUSHUuN0k5f3,5,5,5,1,1,1,4,4,5,1,5,3,5,5,5,5,7,7,5,7,4,5,3,2,3,1,4,1,1,2,4,ucsf,R_1gjsUSHUuN0k5f3,['Vascular Surgery'],,17,ucsf,West,9,123
239,R_3O7j5HCRPjvtOT4,4,4,4,1,1,1,4,4,5,2,4,3,5,5,5,5,5,5,5,7,5,4,3,5,3,5,3,1,2,3,4,ucsf,R_3O7j5HCRPjvtOT4,"['Abdominal Wall/Hernia Surgery', 'Acute Care Surgery/Emergency General Surgery', 'Colon and Rectal Surgery', 'Trauma Surgery/Critical Care']",Program Director (or Assistant Program Director),20,ucsf,West,9,123
241,R_1pRNL8T5PVyxJpN,4,4,4,3,3,2,4,2,4,4,3,4,3,3,3,3,4,4,7,7,7,7,5,5,5,5,5,5,5,5,5,washu,R_1pRNL8T5PVyxJpN,['Colon and Rectal Surgery'],,21,washu,Midwest,7,99
242,R_27g94Yk2FuhSI2v,5,5,5,5,4,5,5,5,3,5,1,5,5,4,5,5,5,5,5,7,7,7,5,5,5,5,5,5,5,5,5,washu,R_27g94Yk2FuhSI2v,['Acute Care Surgery/Emergency General Surgery'],,18,washu,Midwest,7,99
243,R_32JhyFZbxUbckic,3,2,3,1,1,1,4,3,3,4,2,2,3,3,4,4,4,3,5,4,4,4,3,3,3,3,3,3,3,3,3,washu,R_32JhyFZbxUbckic,"['Abdominal Wall/Hernia Surgery', 'Acute Care Surgery/Emergency General Surgery', 'Endocrine Surgery']",,4,washu,Midwest,7,99
244,R_2SBo2pr43xXI7gm,3,2,3,2,2,2,3,3,4,3,3,2,4,4,4,4,4,4,4,4,4,4,1,1,3,3,1,1,1,1,1,washu,R_2SBo2pr43xXI7gm,['Cardiac Surgery'],,11,washu,Midwest,7,99
245,R_0NBvYPFGDwGKwcF,4,5,4,1,2,2,4,3,2,5,3,2,4,5,5,5,5,3,2,7,5,2,3,3,4,2,1,1,3,2,2,washu,R_0NBvYPFGDwGKwcF,['Bariatric/Minimally Invasive Surgery'],,4,washu,Midwest,7,99
246,R_2fvRJknFO6JgrEs,3,3,3,2,2,2,4,4,3,4,2,2,5,5,5,5,5,5,3,7,5,5,5,5,5,4,5,4,3,3,3,washu,R_2fvRJknFO6JgrEs,['Trauma Surgery/Critical Care'],,10,washu,Midwest,7,99
247,R_2rCkgOkh9r4mZTu,3,3,3,3,3,3,3,3,3,3,3,3,3,3,3,3,3,3,3,3,3,3,3,3,3,3,3,3,3,3,3,washu,R_2rCkgOkh9r4mZTu,['Hepatopancreaticobiliary Surgery'],,5,washu,Midwest,7,99
248,R_3I3ujBMAXA1w50G,5,5,4,2,1,1,4,4,5,1,2,5,4,5,5,5,5,4,5,3,5,4,5,5,5,5,5,3,3,3,4,washu,R_3I3ujBMAXA1w50G,"['Abdominal Wall/Hernia Surgery', 'Acute Care Surgery/Emergency General Surgery', 'Bariatric/Minimally Invasive Surgery', 'Trauma Surgery/Critical Care']",,12,washu,Midwest,7,99
249,R_2P1D7JgWN7XRNKt,3,4,4,3,2,2,4,2,4,4,4,2,3,1,3,2,5,3,2,3,7,4,5,5,5,5,1,1,3,2,1,texastech,R_2P1D7JgWN7XRNKt,"['Abdominal Wall/Hernia Surgery', 'Acute Care Surgery/Emergency General Surgery', 'Colon and Rectal Surgery']",Program Director (or Assistant Program Director),35,texastech,Southwest,6,27
250,R_3EGajxIKH3YTubJ,2,2,3,3,1,1,4,4,5,1,3,2,4,4,4,4,3,3,2,7,4,3,1,3,1,2,2,2,2,2,3,lahey,R_3EGajxIKH3YTubJ,"['Abdominal Wall/Hernia Surgery', 'Acute Care Surgery/Emergency General Surgery']",Department Chair,33,lahey,Northeast,1,38
251,R_2OQ5s6sOHgYS7E2,3,3,3,3,1,2,4,4,3,4,2,3,5,5,4,4,4,3,3,2,1,5,3,3,4,4,2,2,2,2,2,washu,R_2OQ5s6sOHgYS7E2,['Colon and Rectal Surgery'],,1,washu,Midwest,7,99
252,R_3r0BFqeVcWKjckD,2,3,3,3,1,2,5,3,2,4,2,2,3,3,1,3,4,4,3,7,3,5,3,3,3,3,3,3,3,3,3,washu,R_3r0BFqeVcWKjckD,['Transplant Surgery'],,1,washu,Midwest,7,99
253,R_3nTmUri7WoL1aOw,5,5,4,3,2,2,5,5,3,4,2,5,7,7,3,4,7,2,7,7,7,5,2,3,1,2,1,2,3,3,3,washu,R_3nTmUri7WoL1aOw,"['Abdominal Wall/Hernia Surgery', 'Endocrine Surgery']",,26,washu,Midwest,7,99
254,R_29n8yBcCnzGAbOs,4,3,3,1,1,1,4,4,3,1,5,1,4,7,4,5,5,4,1,7,7,1,4,3,3,4,3,3,3,3,4,lahey,R_29n8yBcCnzGAbOs,"['Abdominal Wall/Hernia Surgery', 'Acute Care Surgery/Emergency General Surgery', 'Bariatric/Minimally Invasive Surgery']",Program Director (or Assistant Program Director),22,lahey,Northeast,1,38
255,R_ThcMkgoJj9g2Vax,4,3,4,1,1,1,4,5,5,4,4,2,4,4,3,5,5,4,1,7,5,1,2,2,4,2,3,1,2,2,3,lahey,R_ThcMkgoJj9g2Vax,['Vascular Surgery'],Department Chair,35,lahey,Northeast,1,38
256,R_2dvbzONLMKjJHgn,4,4,4,1,1,1,5,5,2,4,3,2,4,4,3,2,5,4,4,7,7,7,4,4,5,5,3,2,3,3,3,washu,R_2dvbzONLMKjJHgn,['Transplant Surgery'],,1,washu,Midwest,7,99
265,R_21aCwJ1qjBp6tRL,4,4,4,3,1,1,2,4,5,2,5,5,5,5,5,4,4,4,2,1,2,2,4,4,4,4,4,2,1,1,1,cornell,R_21aCwJ1qjBp6tRL,['Pediatric Surgery'],,15,cornell,Northeast,2,49
266,R_xfkBbyTOTvXvcIh,5,5,4,4,2,1,5,4,4,4,3,5,5,5,5,5,5,5,5,7,5,7,5,5,4,4,4,4,4,4,5,cornell,R_xfkBbyTOTvXvcIh,['Trauma Surgery/Critical Care'],Program Director (or Assistant Program Director),16,cornell,Northeast,2,49
267,R_2abh38siOVu9F56,3,3,3,5,3,1,2,2,2,2,2,1,3,4,2,2,5,3,5,7,3,2,5,5,5,5,5,2,2,2,2,cornell,R_2abh38siOVu9F56,['Vascular Surgery'],,,cornell,Northeast,2,49
268,R_1n7qfYsJ2A127iX,3,4,3,3,2,2,3,2,2,3,1,3,4,3,3,4,4,7,4,5,4,3,2,2,2,2,1,1,1,2,1,cornell,R_1n7qfYsJ2A127iX,['Colon and Rectal Surgery'],,30,cornell,Northeast,2,49
270,R_RmqehIh3UYZhHiN,5,5,5,1,3,1,1,1,5,5,5,5,5,5,1,7,5,1,1,7,7,7,5,5,5,5,5,3,5,4,5,northwestern,R_RmqehIh3UYZhHiN,['Trauma Surgery/Critical Care'],Program Director (or Assistant Program Director),,northwestern,Midwest,5,58
271,R_2OUvgi79qekuNbJ,3,4,3,4,1,3,4,4,1,4,3,3,4,4,3,3,4,3,4,7,7,5,5,2,5,2,1,1,1,1,1,cornell,R_2OUvgi79qekuNbJ,['Plastics Surgery'],Program Director (or Assistant Program Director),12,cornell,Northeast,2,49
272,R_3QKrtQnVePoaoZA,4,3,4,2,1,1,5,5,4,1,5,2,5,4,7,7,7,4,5,5,7,5,5,4,5,5,3,1,2,2,3,virginiamason,R_3QKrtQnVePoaoZA,['Colon and Rectal Surgery'],,5,virginiamason,West,10,24
273,R_3CDvHm3ifyUhxdp,4,4,3,1,1,1,3,3,5,4,2,1,5,5,7,7,5,5,5,5,5,7,1,1,1,1,1,1,1,1,1,virginiamason,R_3CDvHm3ifyUhxdp,['Breast Surgery'],,38,virginiamason,West,10,24
274,R_2Xd51UnstLGVrjL,5,5,4,5,1,1,5,5,4,1,1,5,7,7,7,7,7,7,5,4,7,7,5,5,5,5,5,5,5,5,5,virginiamason,R_2Xd51UnstLGVrjL,"['Abdominal Wall/Hernia Surgery', 'Acute Care Surgery/Emergency General Surgery', 'Colon and Rectal Surgery', 'Endocrine Surgery', 'Hepatopancreaticobiliary Surgery', 'Surgical Oncology']",Department Chair,30,virginiamason,West,10,24
275,R_2cB1TcCWdgs0y6L,3,3,2,2,2,2,4,4,4,3,3,4,4,4,4,4,5,5,5,1,4,4,5,5,5,5,5,5,3,5,5,texastech,R_2cB1TcCWdgs0y6L,['Other'],,35,texastech,Southwest,6,27
277,R_2BqHlt22LZTvwgH,5,3,4,2,2,2,4,3,4,3,2,3,2,7,7,4,5,4,5,3,7,3,5,5,5,2,2,4,3,3,3,virginiamason,R_2BqHlt22LZTvwgH,"['Abdominal Wall/Hernia Surgery', 'Acute Care Surgery/Emergency General Surgery', 'Bariatric/Minimally Invasive Surgery']",,5,virginiamason,West,10,24
279,R_3k0Mxhl0GqzW01Q,3,4,4,3,1,2,4,2,5,4,3,2,3,2,4,5,5,4,4,7,7,5,5,4,5,5,3,2,3,2,4,vanderbilt,R_3k0Mxhl0GqzW01Q,['Abdominal Wall/Hernia Surgery'],,13,vanderbilt,Southeast,4,88
280,R_2xFw2cSsA2sLfdj,5,5,4,2,2,2,3,4,4,3,3,3,1,4,7,5,7,5,5,7,7,7,4,4,4,4,4,2,3,3,3,virginiamason,R_2xFw2cSsA2sLfdj,"['Abdominal Wall/Hernia Surgery', 'Acute Care Surgery/Emergency General Surgery', 'Bariatric/Minimally Invasive Surgery']",Program Director (or Assistant Program Director),22,virginiamason,West,10,24
285,R_1IyO5XPbBJFqiDC,3,3,3,3,3,2,1,1,4,4,1,4,2,1,3,1,4,1,2,2,5,3,4,3,5,1,1,1,1,1,1,ucsf,R_1IyO5XPbBJFqiDC,['Surgical Oncology'],,,ucsf,West,9,123
287,R_238qfu07MfvEdH3,5,5,4,3,1,2,5,5,1,4,3,5,7,5,5,5,5,5,5,5,7,5,2,2,5,5,2,1,1,1,2,washu,R_238qfu07MfvEdH3,"['Cardiac Surgery', 'Other']",Program Director (or Assistant Program Director),22,washu,Midwest,7,99
289,R_1eOCl7AeWLd41Yt,3,3,3,3,1,1,1,1,4,3,3,3,3,3,3,3,4,3,4,1,5,5,5,4,5,4,5,1,1,1,1,northwestern,R_1eOCl7AeWLd41Yt,['Trauma Surgery/Critical Care'],,13,northwestern,Midwest,5,58
290,R_xtj6kSyUbUDql7r,4,4,4,1,1,1,5,5,5,3,5,3,5,5,5,5,5,4,5,5,2,5,4,4,5,3,1,2,1,1,1,northwestern,R_xtj6kSyUbUDql7r,"['Abdominal Wall/Hernia Surgery', 'Plastics Surgery']",Department Chair,25,northwestern,Midwest,5,58
291,R_3HUebyczQyM05mV,3,2,2,3,2,2,5,5,2,3,2,1,5,5,2,5,5,3,4,1,7,7,1,1,1,2,1,1,1,1,1,northwestern,R_3HUebyczQyM05mV,['Colon and Rectal Surgery'],,13,northwestern,Midwest,5,58
293,R_3p4OgeusRkyKJC4,5,5,5,3,1,1,3,3,5,3,5,3,5,5,5,5,7,3,3,4,5,3,5,5,5,5,3,1,1,1,1,northwestern,R_3p4OgeusRkyKJC4,['Breast Surgery'],,20,northwestern,Midwest,5,58
294,R_VW3yMx7UXlvV34R,4,4,4,3,1,1,4,3,3,4,4,1,4,4,5,5,4,4,5,7,7,5,5,4,3,4,5,2,2,2,2,northwestern,R_VW3yMx7UXlvV34R,['Cardiac Surgery'],,,northwestern,Midwest,5,58
295,R_3J9r4IvIy66tBhV,4,4,3,2,1,1,4,4,4,3,3,3,3,3,3,5,7,5,7,4,7,7,5,5,5,3,3,2,2,2,2,northwestern,R_3J9r4IvIy66tBhV,['Endocrine Surgery'],,20,northwestern,Midwest,5,58
296,R_1GTdv6npombGjSm,4,4,4,1,2,1,4,3,4,3,4,3,5,5,2,3,4,4,5,7,7,7,5,5,5,5,5,3,3,3,2,northwestern,R_1GTdv6npombGjSm,"['Acute Care Surgery/Emergency General Surgery', 'Trauma Surgery/Critical Care']",Program Director (or Assistant Program Director),8,northwestern,Midwest,5,58
298,R_2YJ0UWuTolREwAb,4,3,4,1,1,1,5,5,5,1,4,2,4,5,5,5,5,5,5,5,5,5,5,5,5,5,5,5,5,5,5,northwestern,R_2YJ0UWuTolREwAb,['Transplant Surgery'],"Department Chair,Program Director (or Assistant Program Director)",12,northwestern,Midwest,5,58
299,R_QcOxkjNgaHiGIg1,4,5,5,2,1,1,4,4,4,2,4,3,5,4,4,5,4,5,5,7,5,2,3,3,5,3,2,2,3,3,3,northwestern,R_QcOxkjNgaHiGIg1,['Breast Surgery'],,32,northwestern,Midwest,5,58
300,R_1EWpWWDYsCmwx8v,3,4,3,2,2,1,4,3,4,4,2,3,4,5,5,5,5,4,3,4,5,3,2,3,3,3,1,1,2,2,2,northwestern,R_1EWpWWDYsCmwx8v,['Colon and Rectal Surgery'],,31,northwestern,Midwest,5,58
301,R_PCEtQ1TO25SUCXv,2,3,3,1,1,1,5,4,3,4,3,2,4,4,5,5,5,3,5,7,2,2,5,3,5,4,3,1,1,1,1,northwestern,R_PCEtQ1TO25SUCXv,"['Abdominal Wall/Hernia Surgery', 'Bariatric/Minimally Invasive Surgery']",,6,northwestern,Midwest,5,58
302,R_3yEntaGLn9D8mIN,5,5,4,3,1,1,3,4,4,3,5,2,5,7,5,5,5,4,5,7,4,4,4,5,4,5,2,1,1,4,2,northwestern,R_3yEntaGLn9D8mIN,['Breast Surgery'],,30,northwestern,Midwest,5,58
303,R_1NzuIhUY1MaqFFl,4,4,4,1,1,1,4,4,4,3,4,2,5,7,5,5,5,5,5,5,5,7,1,4,1,5,1,2,1,3,3,northwestern,R_1NzuIhUY1MaqFFl,"['Acute Care Surgery/Emergency General Surgery', 'Trauma Surgery/Critical Care']",Program Director (or Assistant Program Director),32,northwestern,Midwest,5,58
304,R_8CEZCL8jPSQBC1j,2,2,2,2,1,1,5,4,4,3,1,1,5,5,5,7,7,4,3,7,5,7,1,3,1,3,3,2,4,4,4,northwestern,R_8CEZCL8jPSQBC1j,"['Abdominal Wall/Hernia Surgery', 'Acute Care Surgery/Emergency General Surgery', 'Trauma Surgery/Critical Care']",Department Chair,23,northwestern,Midwest,5,58
305,R_3LXyOCJD89Dne6c,4,3,4,1,1,2,4,4,4,2,3,4,5,5,5,5,5,5,5,7,7,7,4,4,4,4,4,2,4,4,4,northwestern,R_3LXyOCJD89Dne6c,"['Acute Care Surgery/Emergency General Surgery', 'Trauma Surgery/Critical Care']",,1,northwestern,Midwest,5,58
306,R_12rwYCPM55WQVJA,4,4,4,1,1,1,4,4,4,1,5,4,4,4,7,7,7,7,5,5,5,7,5,5,5,5,5,1,1,1,1,virginiamason,R_12rwYCPM55WQVJA,"['Abdominal Wall/Hernia Surgery', 'Acute Care Surgery/Emergency General Surgery', 'Bariatric/Minimally Invasive Surgery']",Program Director (or Assistant Program Director),2,virginiamason,West,10,24
307,R_6x6nyNWPgiwoo2B,4,4,4,4,1,1,5,5,4,1,5,3,7,7,5,5,5,2,5,7,7,5,5,4,5,4,5,4,4,4,5,virginiamason,R_6x6nyNWPgiwoo2B,"['Abdominal Wall/Hernia Surgery', 'Hepatopancreaticobiliary Surgery', 'Surgical Oncology']",Program Director (or Assistant Program Director),32,virginiamason,West,10,24
308,R_3NHQ5DNvN0vBPDY,5,5,4,5,3,3,4,4,5,3,4,5,3,7,7,5,5,4,5,7,5,5,5,5,5,5,5,5,5,5,5,virginiamason,R_3NHQ5DNvN0vBPDY,['Abdominal Wall/Hernia Surgery'],,3,virginiamason,West,10,24
309,R_3n3ihzImRtyUSlA,4,4,4,4,3,4,5,3,2,5,5,4,7,7,1,7,7,7,5,7,7,4,5,5,5,3,1,1,1,1,1,virginiamason,R_3n3ihzImRtyUSlA,"['Abdominal Wall/Hernia Surgery', 'Acute Care Surgery/Emergency General Surgery', 'Hepatopancreaticobiliary Surgery', 'Vascular Surgery', 'Transplant Surgery', 'Other']",,10,virginiamason,West,10,24
310,R_3256iXRAW6T68YV,5,3,4,4,1,2,3,3,5,3,4,3,4,4,7,7,5,3,4,3,4,3,4,4,4,3,4,3,3,3,3,virginiamason,R_3256iXRAW6T68YV,['Plastics Surgery'],,15,virginiamason,West,10,24
311,R_1dF7UgUeUGWovLZ,3,3,4,3,1,2,4,4,1,4,4,3,7,7,3,7,3,1,2,1,3,7,4,2,3,1,2,2,1,1,2,lehigh,R_1dF7UgUeUGWovLZ,"['Abdominal Wall/Hernia Surgery', 'Acute Care Surgery/Emergency General Surgery']",Program Director (or Assistant Program Director),,lehigh,Northeast,3,55
312,R_BS1ZehVXZKWIKv7,3,3,3,1,3,1,4,4,3,3,2,4,5,5,5,5,5,3,1,5,5,5,5,5,5,2,3,1,2,2,4,lehigh,R_BS1ZehVXZKWIKv7,['Trauma Surgery/Critical Care'],,25,lehigh,Northeast,3,55
313,R_1Cm9yIGMYwVkuSe,5,5,5,3,2,1,4,4,4,1,3,5,4,4,2,4,5,4,5,4,7,3,5,5,5,3,3,2,2,2,1,lehigh,R_1Cm9yIGMYwVkuSe,"['Abdominal Wall/Hernia Surgery', 'Endocrine Surgery', 'Hepatopancreaticobiliary Surgery', 'Surgical Oncology', 'Transplant Surgery']",Program Director (or Assistant Program Director),11,lehigh,Northeast,3,55
314,R_xEZj3pUGXDMZIfT,5,5,4,1,1,1,4,4,4,3,4,2,5,5,5,5,5,5,5,7,5,3,2,2,2,2,2,2,3,3,3,lehigh,R_xEZj3pUGXDMZIfT,['Pediatric Surgery'],Program Director (or Assistant Program Director),7,lehigh,Northeast,3,55
316,R_OkFgYjnWV7vLdmx,5,5,4,4,1,3,3,4,4,1,1,4,7,7,7,7,5,2,5,7,7,7,2,2,2,2,3,3,2,2,3,virginiamason,R_OkFgYjnWV7vLdmx,['Colon and Rectal Surgery'],,28,virginiamason,West,10,24
321,R_2UWpCS5RBPaA3Iv,3,4,3,5,2,2,4,5,4,4,5,2,4,4,1,7,5,3,2,7,7,7,2,2,4,4,5,2,2,4,5,lehigh,R_2UWpCS5RBPaA3Iv,"['Acute Care Surgery/Emergency General Surgery', 'Pediatric Surgery', 'Plastics Surgery']",,22,lehigh,Northeast,3,55
322,R_2ZK4wuIarxnJyB9,3,4,5,3,1,3,4,2,5,4,5,5,4,2,1,1,1,1,1,2,4,2,3,3,4,2,3,2,3,3,3,lehigh,R_2ZK4wuIarxnJyB9,"['Abdominal Wall/Hernia Surgery', 'Acute Care Surgery/Emergency General Surgery', 'Colon and Rectal Surgery', 'Trauma Surgery/Critical Care']",,12,lehigh,Northeast,3,55
323,R_3g11P1lUjVkrlvn,4,4,4,2,1,1,5,4,4,3,1,2,5,3,2,4,4,2,4,7,7,4,4,4,4,4,4,4,4,4,4,northwestern,R_3g11P1lUjVkrlvn,['Thoracic Surgery'],,2.5,northwestern,Midwest,5,58
325,R_qCakSsa3qVx6bYd,5,5,4,4,1,2,4,4,5,4,4,5,5,5,5,5,5,4,5,5,7,7,5,5,5,5,5,5,5,5,5,northwestern,R_qCakSsa3qVx6bYd,"['Abdominal Wall/Hernia Surgery', 'Acute Care Surgery/Emergency General Surgery', 'Colon and Rectal Surgery', 'Hepatopancreaticobiliary Surgery', 'Vascular Surgery', 'Trauma Surgery/Critical Care']",Program Director (or Assistant Program Director),4,northwestern,Midwest,5,58
326,R_7NUyXyZ1p76BYad,3,3,2,1,1,1,5,4,4,3,1,1,5,5,5,5,5,5,3,5,5,7,2,3,4,4,3,1,3,5,3,northwestern,R_7NUyXyZ1p76BYad,"['Abdominal Wall/Hernia Surgery', 'Acute Care Surgery/Emergency General Surgery', 'Trauma Surgery/Critical Care']",Department Chair,23,northwestern,Midwest,5,58
