,survey_info_response_id,attitude_criticality,attitude_motivation,attitude_priority,education_impact,education_institution_effort,education_surgical_team,education_resuable_safety,education_reprocess_safety,barriers_surgical_staff,barriers_use_items,barriers_roadblocks,barriers_no_impact,willingness_reusable,willingness_reprocessed,willingness_reusable_gown,willingness_reusable_towel,willingness_prefcard_review,willingness_colleagues,willingness_scorecard,willingness_alcohol,willingness_los,willingness_telemedicine,incentive_personal_cash,incentive_division_cash,incentive_personal_percent,incentive_division_research_funding,incentive_personal_perk,incentive_division_perk,incentive_personal_recognition_from_dept,incentive_division_recognition_from_dept,incentive_personal_recognition_natl,demographic_distribution_x,demographic_practice_list,demographic_role_list,demographic_years_in_practice,demographic_distribution_y,demographic_us_region,demographic_acs_trauma_region,demographic_sample_size
0,R_1dMlSI0KXyxsTZn,5,4,4,3,3,1,4,5,3,5,3,3,5,5,5,5,5,5,5,5,5,5,5,5,5,5,1,1,2,2,5,ucsf,"['Abdominal Wall/Hernia Surgery', 'Acute Care Surgery/Emergency General Surgery', 'Bariatric/Minimally Invasive Surgery']",,16,ucsf,West,9,123
1,R_7QYh6bTyOmOQo3D,4,4,4,3,2,2,4,4,3,3,4,3,5,5,4,4,5,4,4,5,5,4,4,4,4,4,3,2,2,2,2,ucsf,['Pediatric Surgery'],,1,ucsf,West,9,123
2,R_6tYa59Tv4zOhQgp,5,5,4,1,1,2,4,3,4,3,2,3,4,3,4,4,3,3,4,1,5,5,2,2,2,2,2,2,2,2,2,ucsf,"['Acute Care Surgery/Emergency General Surgery', 'Trauma Surgery/Critical Care']",,,ucsf,West,9,123
3,R_25RsYOfgaO79uts,5,4,4,1,1,1,2,4,4,5,5,1,5,2,1,5,5,1,1,5,5,5,5,1,5,1,5,1,1,1,1,ucsf,['Breast Surgery'],,15,ucsf,West,9,123
4,R_22qNtCIlTv6yOWH,5,4,4,2,2,2,4,4,3,3,3,2,5,5,5,5,5,4,4,2,3,4,5,3,5,4,3,2,4,3,4,ucsf,['Vascular Surgery'],,1,ucsf,West,9,123
5,R_25uoAdxWGbbGHRo,5,5,5,1,1,1,5,4,5,1,5,5,5,5,5,5,5,5,5,5,5,5,2,3,2,1,1,1,1,1,2,ucsf,['Vascular Surgery'],,17,ucsf,West,9,123
6,R_2aOxGecyTWdWk4p,4,4,4,4,3,3,5,3,4,3,2,3,4,2,4,4,4,2,3,5,5,5,3,3,3,2,2,1,1,1,1,ucsf,['Pediatric Surgery'],,16,ucsf,West,9,123
7,R_1ouJGe4CiooCMEZ,3,3,3,1,1,2,1,1,2,4,1,1,2,1,5,5,5,1,3,1,5,5,1,1,4,1,1,1,1,1,1,ucsf,"['Abdominal Wall/Hernia Surgery', 'Bariatric/Minimally Invasive Surgery']",Program Director (or Assistant Program Director),15,ucsf,West,9,123
8,R_3n7AoqNYrAEX7x0,5,5,5,3,2,3,4,5,3,4,3,4,5,5,5,5,4,2,4,1,5,2,2,3,3,3,2,1,1,1,1,ucsf,['Other'],,37,ucsf,West,9,123
9,R_3hgWtBfuCmPnTIc,5,5,5,4,1,2,4,4,5,3,5,5,5,5,5,5,5,4,5,5,5,5,5,5,5,5,5,5,4,5,4,ucsf,"['Abdominal Wall/Hernia Surgery', 'Acute Care Surgery/Emergency General Surgery', 'Bariatric/Minimally Invasive Surgery', 'Breast Surgery', 'Colon and Rectal Surgery', 'Endocrine Surgery', 'Hepatopancreaticobiliary Surgery', 'Pediatric Surgery', 'Surgical Oncology', 'Thoracic Surgery', 'Trauma Surgery/Critical Care']",,18,ucsf,West,9,123
10,R_1eElmoy8b911U0m,5,5,5,4,2,2,3,3,4,1,5,3,5,5,5,5,5,5,5,5,5,5,5,5,5,5,5,5,4,4,3,ucsf,"['Abdominal Wall/Hernia Surgery', 'Acute Care Surgery/Emergency General Surgery', 'Bariatric/Minimally Invasive Surgery', 'Hepatopancreaticobiliary Surgery']",,25,ucsf,West,9,123
11,R_2B40qDlGEaL8XCU,3,3,3,1,2,2,4,3,4,3,4,4,5,5,5,5,5,5,5,1,5,5,4,3,4,4,2,1,2,2,2,ucsf,"['Abdominal Wall/Hernia Surgery', 'Hepatopancreaticobiliary Surgery']",,28,ucsf,West,9,123
12,R_2AHyf48UYcC1vyU,3,2,3,2,1,2,4,2,2,2,5,1,2,1,1,1,1,3,2,4,2,5,5,2,5,1,2,1,1,1,2,ucsf,"['Abdominal Wall/Hernia Surgery', 'Acute Care Surgery/Emergency General Surgery', 'Bariatric/Minimally Invasive Surgery']",,11,ucsf,West,9,123
13,R_1kZCeMij5mbGp10,3,4,3,4,2,2,3,3,4,5,2,2,4,4,5,5,5,5,5,1,2,5,3,3,4,5,4,3,3,4,3,ucsf,"['Hepatopancreaticobiliary Surgery', 'Transplant Surgery']",Program Director (or Assistant Program Director),28,ucsf,West,9,123
14,R_11Z3AaEw8hTtY10,4,3,3,1,1,1,5,4,3,5,5,1,5,5,1,2,5,5,3,1,5,5,5,5,5,5,3,1,1,1,1,ucsf,['Trauma Surgery/Critical Care'],,8,ucsf,West,9,123
15,R_1Cf0dOpW1htTdBY,3,3,3,3,2,1,4,3,4,4,3,1,4,3,3,5,3,4,3,5,5,2,1,2,2,5,2,1,1,5,3,ucsf,['Trauma Surgery/Critical Care'],,20,ucsf,West,9,123
16,R_saQqkPLD6gCzE2t,4,4,3,2,1,1,5,5,5,2,2,1,5,5,5,5,5,5,5,5,5,5,5,5,5,4,4,1,5,5,5,und,['Surgical Oncology'],,10,und,Midwest,8,11
17,R_3nivVyUGNwAmGgl,4,4,4,1,1,1,3,3,4,2,3,1,4,4,2,4,4,4,3,4,4,5,4,3,4,3,4,3,2,2,3,ucsf,['Breast Surgery'],,9,ucsf,West,9,123
18,R_b1vT1A6XQQohx8l,5,5,5,1,2,1,5,3,4,1,3,1,4,3,5,5,5,4,5,3,5,5,1,3,3,4,1,2,1,3,1,ucsf,['Colon and Rectal Surgery'],,23,ucsf,West,9,123
19,R_Ua86DkiyOqbCBSp,5,5,4,1,1,1,3,5,5,1,5,1,5,5,5,5,5,5,5,5,5,5,5,5,5,5,5,5,3,5,5,lahey,"['Abdominal Wall/Hernia Surgery', 'Acute Care Surgery/Emergency General Surgery', 'Bariatric/Minimally Invasive Surgery', 'Endocrine Surgery']",,32,lahey,Northeast,1,38
20,R_3kH69Vk2aGDnz1m,4,4,4,1,1,1,5,5,5,4,4,1,5,5,5,5,5,5,5,5,5,5,5,5,5,1,1,1,1,1,1,lahey,"['Acute Care Surgery/Emergency General Surgery', 'Trauma Surgery/Critical Care']",,,lahey,Northeast,1,38
21,R_2cthvSPZIZMn7y6,4,4,3,3,1,1,4,3,4,4,3,2,5,3,5,5,4,4,3,5,5,4,4,4,4,2,3,2,3,3,4,lahey,"['Abdominal Wall/Hernia Surgery', 'Acute Care Surgery/Emergency General Surgery', 'Bariatric/Minimally Invasive Surgery', 'Colon and Rectal Surgery']",,6,lahey,Northeast,1,38
22,R_22P4uoBqFw6AaB9,3,4,3,3,1,2,4,4,4,3,1,3,5,4,5,5,5,3,5,5,5,4,1,1,1,1,1,1,1,1,1,lahey,"['Abdominal Wall/Hernia Surgery', 'Acute Care Surgery/Emergency General Surgery', 'Trauma Surgery/Critical Care']",,15,lahey,Northeast,1,38
23,R_1pMBVv9zqpkRT8o,3,3,3,1,1,1,2,3,3,4,3,1,3,4,5,5,5,3,4,5,5,2,4,4,4,4,3,2,2,2,3,lahey,"['Abdominal Wall/Hernia Surgery', 'Acute Care Surgery/Emergency General Surgery', 'Bariatric/Minimally Invasive Surgery']",Program Director (or Assistant Program Director),22,lahey,Northeast,1,38
24,R_PML7XAVKkG0hh4d,4,3,4,2,1,2,4,4,4,3,5,3,5,5,4,4,5,4,5,5,5,4,5,5,5,3,4,3,4,4,5,lahey,"['Abdominal Wall/Hernia Surgery', 'Acute Care Surgery/Emergency General Surgery', 'Bariatric/Minimally Invasive Surgery', 'Colon and Rectal Surgery']",,3,lahey,Northeast,1,38
25,R_3hlLW31yXVB5CHU,5,5,3,3,1,2,3,3,4,1,4,5,5,5,5,5,5,5,5,1,5,5,4,4,4,4,4,1,4,4,4,ucsf,"['Breast Surgery', 'Pediatric Surgery', 'Trauma Surgery/Critical Care', 'Other']",,15,ucsf,West,9,123
26,R_2YtxNvN5s0w2l7N,5,3,3,3,1,3,3,5,4,4,4,1,5,5,1,4,5,5,4,5,5,1,3,3,3,2,3,1,2,2,3,lahey,['Vascular Surgery'],Department Chair,35,lahey,Northeast,1,38
27,R_12a6fhI3OGX81SR,4,4,4,1,1,2,3,3,4,2,4,3,4,3,4,4,4,3,4,1,4,1,4,4,4,4,4,2,4,4,4,lahey,['Vascular Surgery'],,30,lahey,Northeast,1,38
28,R_3PjouE8FUpWk7pt,5,5,5,5,2,1,4,4,4,5,5,4,5,5,5,5,5,4,5,5,5,5,5,5,5,5,5,5,5,5,5,lahey,['Colon and Rectal Surgery'],Department Chair,25,lahey,Northeast,1,38
29,R_1Fetqvf0h3BMHy6,4,5,4,4,4,4,3,4,4,3,4,3,4,3,3,3,3,3,4,4,4,4,4,4,4,4,4,4,3,4,4,lahey,['Vascular Surgery'],,12,lahey,Northeast,1,38
30,R_1od3OOTbbIE08m3,5,3,4,2,1,2,5,5,5,4,3,4,3,3,1,1,5,5,5,5,5,5,5,4,5,1,2,1,1,1,2,lahey,['Vascular Surgery'],,3,lahey,Northeast,1,38
31,R_uaW8pwWcqkRvBDz,5,5,4,4,1,1,5,4,3,5,4,4,5,5,5,5,4,5,5,5,5,4,4,4,5,4,2,2,3,3,5,washu,['Colon and Rectal Surgery'],Program Director (or Assistant Program Director),20,washu,Midwest,7,99
32,R_6LQTpDF99cMnTgZ,4,5,4,5,2,2,5,4,5,3,3,3,5,5,3,4,5,5,5,5,5,2,5,5,5,5,5,2,4,5,5,lahey,['Vascular Surgery'],"Department Chair,Program Director (or Assistant Program Director)",30,lahey,Northeast,1,38
33,R_3JsVq4SxhJ7N77Q,1,3,1,1,1,1,1,1,2,4,3,1,1,1,1,1,1,1,1,1,1,1,1,1,1,1,1,1,1,1,1,lahey,"['Abdominal Wall/Hernia Surgery', 'Acute Care Surgery/Emergency General Surgery', 'Breast Surgery', 'Endocrine Surgery', 'Surgical Oncology']",,,lahey,Northeast,1,38
34,R_24AfEtMwZ73MYRj,5,5,5,5,1,1,5,4,4,3,5,5,5,5,5,5,5,5,5,4,5,5,5,4,5,5,5,2,5,5,5,lahey,"['Abdominal Wall/Hernia Surgery', 'Acute Care Surgery/Emergency General Surgery', 'Trauma Surgery/Critical Care']",,10,lahey,Northeast,1,38
35,R_3Gqcswr53rgE6g6,5,5,5,3,2,2,5,5,4,4,3,4,4,4,5,5,5,5,5,5,5,5,5,3,5,3,4,2,3,3,4,washu,['Colon and Rectal Surgery'],,3,washu,Midwest,7,99
36,R_2PC2kfsNSpHfqT6,3,3,3,1,1,1,5,4,3,4,1,2,5,5,3,5,4,4,5,2,5,1,3,2,3,3,3,1,3,3,4,washu,['Cardiac Surgery'],,1,washu,Midwest,7,99
37,R_7PbnGOA09AbAlMZ,4,5,4,1,2,1,4,4,4,4,3,1,4,5,4,5,5,5,5,5,5,5,5,5,5,5,5,5,3,5,3,washu,['Breast Surgery'],Program Director (or Assistant Program Director),17,washu,Midwest,7,99
38,R_239W2TdvkmwwlO3,2,3,3,3,1,1,4,4,2,5,3,3,4,5,2,2,5,5,5,3,5,5,3,3,4,2,3,3,2,2,2,washu,['Abdominal Wall/Hernia Surgery'],Program Director (or Assistant Program Director),8,washu,Midwest,7,99
39,R_30eodJes6HCqG3p,4,3,4,2,1,2,4,4,3,4,2,4,3,3,4,3,4,4,4,5,5,3,2,3,3,1,3,2,2,2,2,washu,['Trauma Surgery/Critical Care'],,5,washu,Midwest,7,99
40,R_2atzrwARXYyEBaw,3,4,3,2,2,2,4,4,2,2,2,2,3,4,1,3,5,3,3,4,4,1,1,1,1,4,1,1,1,3,1,washu,['Thoracic Surgery'],,,washu,Midwest,7,99
41,R_shxDQuuusF0Td4J,3,4,3,1,1,1,5,5,3,1,1,1,5,5,2,5,5,2,5,5,5,5,5,5,5,5,5,5,5,5,5,washu,['Colon and Rectal Surgery'],Program Director (or Assistant Program Director),,washu,Midwest,7,99
42,R_2pLzzV1ZoRrDqEu,5,4,3,1,1,1,4,3,4,4,3,4,5,3,3,5,5,5,5,2,1,3,3,3,4,2,4,1,3,4,3,washu,['Trauma Surgery/Critical Care'],,2,washu,Midwest,7,99
43,R_3P77ogJCsXMLrkG,5,4,4,3,1,1,4,5,2,3,2,3,5,5,4,4,5,3,5,5,5,5,3,3,3,4,4,2,3,4,4,washu,['Pediatric Surgery'],,20,washu,Midwest,7,99
44,R_ZsNmilpVTREaUEx,2,2,2,1,1,1,3,3,5,4,5,1,3,3,4,4,4,4,5,5,5,2,3,1,3,1,1,1,1,1,2,washu,['Vascular Surgery'],Program Director (or Assistant Program Director),32,washu,Midwest,7,99
45,R_3GrkOWBpB09cgN4,3,4,3,3,1,1,4,4,3,3,3,3,5,5,5,5,4,3,5,5,5,5,5,5,5,5,5,5,5,5,5,washu,['Trauma Surgery/Critical Care'],,7,washu,Midwest,7,99
46,R_23X2YZ01lZSOLvT,4,2,3,2,1,1,4,3,3,4,4,1,4,3,5,5,2,2,3,2,4,2,4,2,5,1,3,1,2,1,4,washu,"['Acute Care Surgery/Emergency General Surgery', 'Trauma Surgery/Critical Care']",Program Director (or Assistant Program Director),5,washu,Midwest,7,99
47,R_1ITrvE9yk66ybGy,2,2,2,1,1,1,5,5,4,4,2,1,2,2,2,4,2,1,2,5,5,1,3,2,3,1,1,1,1,1,1,washu,['Vascular Surgery'],,8,washu,Midwest,7,99
48,R_3dXmj7M29TwPkQE,5,4,4,1,2,2,4,4,3,4,4,4,5,5,5,5,5,4,5,5,5,5,4,3,3,3,4,1,1,1,1,washu,['Endocrine Surgery'],,4,washu,Midwest,7,99
49,R_2DMIj31kHmMcbY8,2,4,3,2,3,3,4,4,2,4,1,3,5,5,5,5,4,5,4,5,5,5,3,5,3,5,5,2,3,5,3,washu,"['Acute Care Surgery/Emergency General Surgery', 'Trauma Surgery/Critical Care']",,23,washu,Midwest,7,99
50,R_2xLXZMsqc3X0hfL,5,5,4,3,2,2,3,3,3,4,3,4,5,5,5,5,5,5,3,3,5,5,4,4,4,4,4,1,1,1,1,washu,['Pediatric Surgery'],,5,washu,Midwest,7,99
51,R_1DIuaHXKz9twXg8,3,5,3,3,1,1,4,4,4,4,2,2,5,4,4,4,5,5,5,4,5,4,1,1,1,2,1,1,2,2,4,washu,"['Abdominal Wall/Hernia Surgery', 'Acute Care Surgery/Emergency General Surgery', 'Colon and Rectal Surgery']",,28,washu,Midwest,7,99
52,R_AssUgqlZQVHuQLL,2,4,3,1,1,1,2,3,2,4,2,3,5,5,5,5,5,4,5,3,4,1,2,3,4,3,2,3,3,3,2,washu,['Bariatric/Minimally Invasive Surgery'],Program Director (or Assistant Program Director),26,washu,Midwest,7,99
53,R_262oJgtZVMLIpez,5,5,5,3,2,2,4,4,4,1,5,5,5,5,5,5,5,3,5,1,5,2,5,3,5,3,3,1,1,1,1,ucsf,"['Abdominal Wall/Hernia Surgery', 'Breast Surgery', 'Other']",Program Director (or Assistant Program Director),10,ucsf,West,9,123
54,R_1jHt76D3uTbxJgG,5,5,5,3,1,1,5,3,4,4,3,5,5,5,5,5,5,5,5,1,5,5,3,3,3,3,3,1,1,1,1,ucsf,['Pediatric Surgery'],Program Director (or Assistant Program Director),11,ucsf,West,9,123
55,R_3qeBJ1IW4jlSS3n,4,4,4,1,1,1,4,4,5,1,2,3,4,4,4,4,4,3,4,3,5,5,3,3,3,3,2,2,1,1,1,ucsf,['Hepatopancreaticobiliary Surgery'],Program Director (or Assistant Program Director),46,ucsf,West,9,123
56,R_b90CMdBj6iQqLU5,5,5,4,4,1,1,5,3,3,4,2,5,5,5,3,4,5,5,5,5,5,5,1,2,2,3,2,2,1,2,4,washu,['Endocrine Surgery'],,23,washu,Midwest,7,99
57,R_3Egxk6TdU3acfaa,5,4,4,3,1,1,5,5,5,4,5,3,5,5,5,5,5,5,5,5,4,4,3,3,4,4,3,1,4,4,4,washu,['Thoracic Surgery'],,25,washu,Midwest,7,99
58,R_PCIAHqBPdGfla6t,5,4,4,1,1,1,4,3,1,3,4,4,4,4,3,3,4,3,4,3,5,5,4,4,4,4,3,3,3,3,3,ucsf,['Cardiac Surgery'],,21,ucsf,West,9,123
59,R_5tDgSd6XfVXHefL,4,5,4,3,1,2,4,3,5,2,4,2,4,3,5,5,5,4,2,5,5,5,5,5,5,5,5,3,5,5,5,ucsf,['Endocrine Surgery'],,20,ucsf,West,9,123
60,R_3KotdALI6hAQecj,4,5,4,1,1,1,4,4,4,3,1,3,4,4,4,4,4,4,4,4,5,5,1,2,1,3,2,2,4,3,3,ucsf,['Thoracic Surgery'],Program Director (or Assistant Program Director),5,ucsf,West,9,123
61,R_1hMvjd86HNKG9fZ,5,5,5,5,4,2,4,3,4,5,5,5,5,3,2,2,4,4,5,5,5,5,1,5,1,5,1,5,1,5,1,ucsf,"['Abdominal Wall/Hernia Surgery', 'Acute Care Surgery/Emergency General Surgery', 'Breast Surgery', 'Colon and Rectal Surgery', 'Endocrine Surgery', 'Hepatopancreaticobiliary Surgery', 'Pediatric Surgery', 'Surgical Oncology', 'Thoracic Surgery', 'Trauma Surgery/Critical Care']",Sustainability Director (or Coordinator),40,ucsf,West,9,123
62,R_AA2QAsjxWke1z2x,5,3,3,3,1,1,5,4,4,4,2,4,5,5,5,5,5,5,5,2,5,5,5,5,5,5,5,1,1,5,1,washu,"['Breast Surgery', 'Surgical Oncology']",,20,washu,Midwest,7,99
63,R_2f99mkgC2P2rK8j,4,4,4,1,1,1,1,2,4,4,4,1,5,5,5,5,5,2,5,5,5,1,5,3,4,4,5,3,2,2,2,ucsf,"['Abdominal Wall/Hernia Surgery', 'Other']",,5,ucsf,West,9,123
64,R_2rpiMiAlsPTav2k,2,2,2,1,1,1,2,4,4,4,3,2,3,4,2,2,5,5,5,5,5,5,3,2,4,3,2,1,2,2,3,washu,['Bariatric/Minimally Invasive Surgery'],Program Director (or Assistant Program Director),14,washu,Midwest,7,99
65,R_XtyH5hQvA3GzYop,5,5,4,2,1,3,4,4,3,5,2,5,5,5,5,5,5,5,5,5,5,5,5,5,5,5,5,2,2,3,4,washu,['Bariatric/Minimally Invasive Surgery'],,7,washu,Midwest,7,99
66,R_vHXlARDFRaRQBbj,4,4,4,1,1,1,4,4,3,4,2,4,4,4,5,5,5,3,4,5,5,1,5,5,5,5,2,3,3,4,3,lahey,['Colon and Rectal Surgery'],Program Director (or Assistant Program Director),10,lahey,Northeast,1,38
67,R_38fWn4nWrwLvQgp,4,3,3,2,2,2,3,3,3,2,3,3,3,3,4,3,5,3,5,5,5,3,2,2,2,2,2,2,3,3,3,lahey,"['Acute Care Surgery/Emergency General Surgery', 'Trauma Surgery/Critical Care']",,31,lahey,Northeast,1,38
68,R_9nUzzlmxsBmD31L,5,4,4,2,2,2,3,3,4,3,3,1,4,5,4,4,5,4,5,5,3,5,5,5,5,4,5,5,3,3,2,ucsf,['Endocrine Surgery'],Program Director (or Assistant Program Director),16,ucsf,West,9,123
69,R_6lg5NvipUsF30t3,3,2,3,3,1,2,2,4,3,3,4,1,3,5,5,5,5,3,4,5,2,2,5,2,5,3,4,2,2,3,4,washu,['Trauma Surgery/Critical Care'],,1,washu,Midwest,7,99
70,R_0kCFGtdXA2I7U7D,4,4,3,1,1,1,2,4,5,5,4,3,2,4,2,4,4,4,4,5,5,5,2,2,2,2,1,1,1,1,1,washu,['Hepatopancreaticobiliary Surgery'],,20,washu,Midwest,7,99
71,R_xzJ4K6id78A5y2B,2,2,2,3,2,2,5,4,4,3,4,1,5,4,5,3,4,2,3,5,5,1,4,1,4,1,1,1,1,1,1,washu,['Vascular Surgery'],,23,washu,Midwest,7,99
72,R_2P8dQyyYMKqijQE,4,3,4,2,1,1,4,4,5,4,2,2,3,5,4,4,4,2,4,2,4,4,4,2,4,1,1,1,1,2,2,ucsf,"['Abdominal Wall/Hernia Surgery', 'Acute Care Surgery/Emergency General Surgery', 'Colon and Rectal Surgery', 'Hepatopancreaticobiliary Surgery', 'Surgical Oncology']",,2,ucsf,West,9,123
73,R_RDgsBQuNAN6zJh7,5,4,5,2,1,1,4,4,5,1,3,3,4,4,3,4,5,3,3,4,3,5,5,4,5,4,4,3,3,3,3,ucsf,"['Acute Care Surgery/Emergency General Surgery', 'Trauma Surgery/Critical Care']",,3,ucsf,West,9,123
74,R_1DZJ8RKyRh2ysE0,4,4,3,4,1,2,5,4,2,2,5,2,4,4,4,4,4,3,2,5,5,4,3,3,4,3,3,1,2,2,2,und,"['Abdominal Wall/Hernia Surgery', 'Acute Care Surgery/Emergency General Surgery', 'Trauma Surgery/Critical Care']",,30,und,Midwest,8,11
75,R_2EF4VCSzAejGddJ,4,4,4,3,1,1,4,4,5,1,4,4,3,4,1,1,5,5,5,5,5,3,3,3,3,3,3,3,1,3,3,lehigh,"['Abdominal Wall/Hernia Surgery', 'Acute Care Surgery/Emergency General Surgery', 'Trauma Surgery/Critical Care']",Program Director (or Assistant Program Director),21,lehigh,Northeast,3,55
76,R_1l9JWGNAOhwXL8A,5,4,4,1,1,1,2,3,5,4,5,4,2,5,5,5,5,5,5,5,5,5,5,5,5,1,5,2,2,2,3,lehigh,['Pediatric Surgery'],,14,lehigh,Northeast,3,55
77,R_1rxAih9TOpteG5G,3,3,4,2,2,3,4,3,3,3,3,3,3,2,2,2,3,3,3,3,3,3,3,3,3,3,3,3,3,3,3,lehigh,['Acute Care Surgery/Emergency General Surgery'],,1,lehigh,Northeast,3,55
78,R_2dviQmjAazqFaQo,3,1,3,1,1,1,4,4,5,5,3,1,3,4,2,5,5,1,1,5,5,1,4,4,4,4,3,3,3,2,3,lehigh,['Pediatric Surgery'],,18,lehigh,Northeast,3,55
79,R_2Vlj7rUE9JqtOd2,5,5,5,1,1,1,5,5,5,1,5,5,5,5,5,5,5,5,5,2,5,5,5,5,5,1,1,1,1,1,1,lehigh,"['Abdominal Wall/Hernia Surgery', 'Acute Care Surgery/Emergency General Surgery', 'Trauma Surgery/Critical Care']",,16,lehigh,Northeast,3,55
80,R_1gRvKfCTUXixOEb,3,3,3,3,1,1,4,4,4,3,2,1,3,3,5,5,5,2,1,1,3,5,4,4,5,3,4,3,1,1,1,lehigh,['Vascular Surgery'],,25,lehigh,Northeast,3,55
81,R_XzhJVEHKpVJNZpn,5,3,5,3,1,3,4,4,3,2,4,3,4,2,3,3,4,2,2,1,2,3,2,1,2,1,2,1,1,1,1,lehigh,"['Abdominal Wall/Hernia Surgery', 'Acute Care Surgery/Emergency General Surgery', 'Colon and Rectal Surgery', 'Hepatopancreaticobiliary Surgery']",Program Director (or Assistant Program Director),12,lehigh,Northeast,3,55
82,R_1imx1MSykMkrOom,4,5,4,3,2,2,4,3,4,3,4,5,4,3,5,5,4,3,5,5,5,5,4,4,3,3,3,1,1,1,3,lehigh,"['Abdominal Wall/Hernia Surgery', 'Acute Care Surgery/Emergency General Surgery', 'Endocrine Surgery']",,11,lehigh,Northeast,3,55
83,R_2cdSJKOOxBslwUk,2,3,3,3,1,2,5,5,3,3,2,2,5,5,3,5,4,3,4,5,4,4,4,2,3,3,2,1,2,2,2,lehigh,"['Acute Care Surgery/Emergency General Surgery', 'Trauma Surgery/Critical Care']",,2,lehigh,Northeast,3,55
84,R_1eWrKoksiLibRej,3,3,3,3,3,3,3,3,3,4,3,3,4,4,5,5,5,5,5,1,5,5,2,3,2,4,3,1,2,2,2,lehigh,['Vascular Surgery'],Program Director (or Assistant Program Director),15,lehigh,Northeast,3,55
85,R_Zt98xiUdY2M5kcN,4,4,4,4,4,4,5,5,4,4,3,2,5,5,3,5,5,5,1,1,5,1,1,1,2,4,1,1,1,1,3,lehigh,"['Acute Care Surgery/Emergency General Surgery', 'Plastics Surgery', 'Trauma Surgery/Critical Care']",,25,lehigh,Northeast,3,55
86,R_SUz7eT5rFdus8pP,5,5,4,1,1,1,4,4,3,3,2,2,3,5,4,4,5,5,4,5,5,3,5,4,5,5,5,1,4,4,4,washu,"['Abdominal Wall/Hernia Surgery', 'Acute Care Surgery/Emergency General Surgery']",,3,washu,Midwest,7,99
87,R_3nkeXM71TuGtXY7,4,4,3,1,1,1,4,3,5,2,4,3,4,4,1,3,5,4,5,4,5,5,5,4,5,4,4,3,4,4,4,lehigh,['Bariatric/Minimally Invasive Surgery'],,17,lehigh,Northeast,3,55
88,R_2EgCuYyTqjW8vx8,3,3,3,1,1,1,3,3,4,3,4,1,3,3,1,3,3,3,3,5,5,5,3,3,3,3,3,3,2,2,2,washu,['Colon and Rectal Surgery'],Program Director (or Assistant Program Director),10,washu,Midwest,7,99
89,R_269eQpqR00ti374,3,5,4,3,2,1,2,2,2,5,2,3,3,2,4,5,5,3,5,3,5,5,2,4,4,3,1,1,3,3,4,washu,"['Abdominal Wall/Hernia Surgery', 'Bariatric/Minimally Invasive Surgery', 'Endocrine Surgery']",Program Director (or Assistant Program Director),33,washu,Midwest,7,99
90,R_33ds7o7P5V2FTAY,5,4,5,1,1,1,4,4,4,3,3,3,4,4,2,2,5,4,4,5,5,5,4,4,4,4,4,2,2,4,3,washu,['Thoracic Surgery'],,3,washu,Midwest,7,99
91,R_2fByou8nvRRsOrv,5,3,4,2,1,1,4,4,2,5,3,4,3,5,5,5,5,5,5,5,5,5,4,4,4,3,1,1,1,2,3,washu,"['Hepatopancreaticobiliary Surgery', 'Transplant Surgery']",,6,washu,Midwest,7,99
92,R_2P29uuCaobEYRUw,3,3,3,3,3,3,3,3,3,2,3,2,3,3,3,3,3,3,3,3,3,3,2,2,2,2,2,2,2,2,2,washu,['Other'],,,washu,Midwest,7,99
93,R_22VvC1r84TcPmqq,5,5,5,3,2,2,2,2,3,1,2,4,2,4,4,4,5,2,4,4,5,4,5,5,5,5,5,5,5,5,5,washu,['Hepatopancreaticobiliary Surgery'],,1,washu,Midwest,7,99
94,R_2bZBslerj3DMla2,5,5,5,1,1,1,4,4,5,1,5,4,5,5,1,1,5,2,5,5,5,1,2,2,2,2,2,1,2,2,2,washu,['Cardiac Surgery'],,6,washu,Midwest,7,99
95,R_1E4F9YhMSq1l2SF,1,1,1,5,4,5,5,5,4,3,5,1,1,1,5,1,4,1,1,5,5,1,1,1,1,1,1,1,1,1,1,washu,"['Abdominal Wall/Hernia Surgery', 'Acute Care Surgery/Emergency General Surgery', 'Trauma Surgery/Critical Care']",Sustainability Director (or Coordinator),22,washu,Midwest,7,99
96,R_UhFGPOiFQyiD7lD,3,2,3,1,1,1,5,3,2,1,5,1,5,5,5,5,5,5,4,5,5,5,1,1,1,3,1,1,1,1,1,washu,['Surgical Oncology'],Department Chair,23,washu,Midwest,7,99
97,R_2txR0mP9V8dA351,5,5,5,2,2,2,4,3,3,3,2,3,4,3,3,4,5,5,5,5,5,3,3,3,3,4,2,2,3,4,1,washu,['Transplant Surgery'],Program Director (or Assistant Program Director),1,washu,Midwest,7,99
98,R_2anudYeXDJQ6Zsu,2,4,3,1,1,1,4,4,4,3,3,2,4,4,4,4,5,2,4,1,5,5,4,4,4,4,4,1,3,3,3,washu,['Pediatric Surgery'],,6,washu,Midwest,7,99
99,R_2CE2cX0g5eeVA13,2,2,3,3,2,1,4,4,3,4,4,2,2,2,5,5,3,3,2,3,5,4,2,2,4,4,2,1,2,2,2,washu,['Pediatric Surgery'],Program Director (or Assistant Program Director),26,washu,Midwest,7,99
100,R_2ro1PARHbeh2GrX,4,4,4,1,1,1,3,3,5,3,3,2,3,4,4,4,4,4,4,5,4,4,3,4,4,4,4,4,4,4,4,washu,"['Abdominal Wall/Hernia Surgery', 'Acute Care Surgery/Emergency General Surgery', 'Bariatric/Minimally Invasive Surgery', 'Breast Surgery', 'Colon and Rectal Surgery', 'Endocrine Surgery', 'Hepatopancreaticobiliary Surgery', 'Pediatric Surgery']",,32,washu,Midwest,7,99
101,R_Qh1HxO1KFRChkYN,3,4,5,1,2,2,5,5,2,4,4,1,5,4,3,3,5,5,4,3,4,3,5,3,5,1,4,1,1,3,1,washu,"['Abdominal Wall/Hernia Surgery', 'Acute Care Surgery/Emergency General Surgery']",,20,washu,Midwest,7,99
102,R_1IuZy5Ff4HgH6Qy,2,2,1,4,1,2,5,2,4,4,2,1,5,5,5,5,4,3,2,5,5,5,2,2,3,2,1,1,1,1,2,washu,"['Abdominal Wall/Hernia Surgery', 'Acute Care Surgery/Emergency General Surgery', 'Colon and Rectal Surgery', 'Trauma Surgery/Critical Care']",Program Director (or Assistant Program Director),21,washu,Midwest,7,99
103,R_XOpigBJlgrfT6W5,4,2,3,3,2,2,4,4,3,5,2,3,3,4,5,5,4,2,4,2,5,4,5,4,5,3,5,2,3,3,5,washu,"['Abdominal Wall/Hernia Surgery', 'Hepatopancreaticobiliary Surgery']",Program Director (or Assistant Program Director),16,washu,Midwest,7,99
104,R_2w66EVkTBem7xud,3,1,3,1,1,1,4,4,4,4,4,1,5,5,5,5,5,5,5,5,5,5,2,3,2,3,2,1,1,2,2,ucsf,"['Acute Care Surgery/Emergency General Surgery', 'Trauma Surgery/Critical Care']",,15,ucsf,West,9,123
105,R_27KHJQggTLrIzVp,4,4,4,3,2,2,3,3,4,4,4,2,3,3,4,3,4,4,4,4,4,4,4,3,4,4,2,2,3,2,2,ucsf,['Pediatric Surgery'],,44,ucsf,West,9,123
106,R_2VsFaAFVnUfN9Fy,3,4,4,3,2,2,4,3,5,3,3,3,4,4,5,5,5,5,4,5,5,5,4,4,4,4,4,4,4,4,4,ucsf,['Endocrine Surgery'],,24,ucsf,West,9,123
107,R_2QRkpAOSaCPPpLW,5,5,5,3,1,2,5,5,5,4,5,2,5,5,5,5,5,4,5,5,5,4,5,4,5,5,5,3,5,5,5,texastech,"['Abdominal Wall/Hernia Surgery', 'Hepatopancreaticobiliary Surgery', 'Surgical Oncology']",,7,texastech,Southwest,6,27
108,R_1jJkcoKRUwvFUst,2,1,2,1,1,1,2,2,2,4,1,1,3,2,4,4,4,1,2,2,2,2,2,2,2,1,1,1,1,2,1,texastech,['Colon and Rectal Surgery'],,3,texastech,Southwest,6,27
109,R_3Pzges8qo3I0CSi,5,5,4,1,2,1,5,5,3,4,4,4,5,5,5,5,5,3,1,3,5,3,4,4,4,4,4,3,1,1,1,ucsf,['Pediatric Surgery'],,16,ucsf,West,9,123
110,R_3JDfe2Ia02SxZnl,5,4,4,3,2,1,4,4,4,3,4,4,5,5,4,4,3,3,4,3,5,3,5,5,5,5,5,1,4,4,5,texastech,['Plastics Surgery'],,4,texastech,Southwest,6,27
111,R_3KxsI7XvqtYgZwK,1,2,2,3,1,2,5,5,4,3,3,3,4,4,5,4,3,1,1,5,5,2,4,2,4,2,1,1,1,1,1,washu,['Vascular Surgery'],,20,washu,Midwest,7,99
112,R_3Ed8uhovlsRVJYq,5,4,5,3,1,1,5,4,5,3,5,4,5,5,5,5,5,4,5,3,3,3,5,2,4,3,4,3,5,2,4,washu,"['Abdominal Wall/Hernia Surgery', 'Acute Care Surgery/Emergency General Surgery', 'Bariatric/Minimally Invasive Surgery', 'Breast Surgery', 'Cardiac Surgery', 'Colon and Rectal Surgery', 'Endocrine Surgery', 'Hepatopancreaticobiliary Surgery', 'Pediatric Surgery', 'Surgical Oncology', 'Vascular Surgery', 'Thoracic Surgery', 'Trauma Surgery/Critical Care']",,2,washu,Midwest,7,99
113,R_2s6ZUTp6GIuGVOj,5,5,5,1,1,1,5,5,4,3,2,2,5,5,5,5,5,5,5,5,5,5,2,3,3,3,2,2,3,3,3,ucsf,['Thoracic Surgery'],Program Director (or Assistant Program Director),5,ucsf,West,9,123
114,R_sp3hfKBEOZVf7qx,4,4,4,3,3,2,5,4,2,4,3,2,5,3,5,5,5,5,4,3,5,5,4,4,4,4,4,1,4,4,5,ucsf,"['Abdominal Wall/Hernia Surgery', 'Acute Care Surgery/Emergency General Surgery', 'Bariatric/Minimally Invasive Surgery']",,15,ucsf,West,9,123
115,R_1l0KxgxjDGcq2Rv,5,5,5,5,1,1,4,4,5,3,5,3,5,5,5,5,5,5,5,5,5,3,2,2,4,4,3,4,2,2,2,texastech,['Acute Care Surgery/Emergency General Surgery'],Department Chair,,texastech,Southwest,6,27
116,R_2dF0hbaD1IswgJq,4,4,4,3,1,1,3,3,4,3,3,4,4,4,4,4,4,4,4,2,4,1,4,4,4,4,4,2,4,4,4,texastech,['Plastics Surgery'],,1,texastech,Southwest,6,27
117,R_2cBeUOwXB5b4FmA,5,5,4,3,1,1,5,5,5,1,1,3,5,5,5,5,5,5,5,5,5,5,5,5,5,5,2,1,1,1,2,texastech,"['Acute Care Surgery/Emergency General Surgery', 'Trauma Surgery/Critical Care']",Program Director (or Assistant Program Director),5,texastech,Southwest,6,27
118,R_3hFudgXE3gQSbBg,5,5,4,4,2,2,5,5,5,1,1,5,5,5,5,5,5,5,5,5,5,5,5,5,5,5,5,5,4,5,4,ucsf,"['Abdominal Wall/Hernia Surgery', 'Acute Care Surgery/Emergency General Surgery', 'Bariatric/Minimally Invasive Surgery', 'Breast Surgery', 'Colon and Rectal Surgery', 'Endocrine Surgery', 'Hepatopancreaticobiliary Surgery', 'Pediatric Surgery', 'Plastics Surgery', 'Surgical Oncology', 'Thoracic Surgery', 'Trauma Surgery/Critical Care']",,18,ucsf,West,9,123
119,R_1IF3PLpW5nl93hx,3,3,4,1,2,1,3,2,4,4,2,1,2,2,4,5,5,3,2,5,5,5,2,2,2,2,1,2,1,1,1,washu,['Colon and Rectal Surgery'],,,washu,Midwest,7,99
120,R_2U478FaHpQOHa2o,3,2,2,1,1,1,5,5,2,4,4,2,3,5,2,5,5,3,5,5,3,5,3,2,4,3,1,3,2,1,1,washu,"['Acute Care Surgery/Emergency General Surgery', 'Trauma Surgery/Critical Care']",,,washu,Midwest,7,99
121,R_1CBeSVh0Pbdmyxo,3,4,3,3,2,2,4,3,4,4,3,2,5,4,4,5,4,5,3,4,5,2,4,1,4,1,4,1,1,1,1,vanderbilt,['Abdominal Wall/Hernia Surgery'],,30,vanderbilt,Southeast,4,88
122,R_10Ss4g1gSfQXL6w,5,5,4,1,1,1,4,3,3,4,4,5,5,5,5,5,5,5,5,5,5,4,5,5,5,5,5,3,4,4,5,vanderbilt,"['Hepatopancreaticobiliary Surgery', 'Surgical Oncology']",,10,vanderbilt,Southeast,4,88
123,R_24pisG2hsqMH7ZY,4,4,4,4,2,3,5,5,4,4,3,4,4,4,5,4,5,3,3,4,4,4,2,3,3,4,3,2,1,1,1,vanderbilt,['Other'],,40,vanderbilt,Southeast,4,88
124,R_1H8k9rFMhAow3Wx,5,5,5,1,2,2,5,5,3,3,3,2,5,5,5,5,5,5,5,5,5,5,1,5,5,5,5,5,1,5,5,vanderbilt,['Acute Care Surgery/Emergency General Surgery'],,15,vanderbilt,Southeast,4,88
125,R_3ew21VBTSFHvZfG,5,5,4,2,1,2,4,4,4,1,3,4,5,5,5,5,5,5,5,5,5,5,3,5,3,5,5,3,3,3,5,vanderbilt,['Endocrine Surgery'],Department Chair,22,vanderbilt,Southeast,4,88
126,R_3qyqSUxKSDrEbv6,3,3,4,2,1,1,4,4,4,1,5,2,5,4,5,5,5,5,5,4,1,2,5,5,5,3,1,2,3,2,2,vanderbilt,"['Acute Care Surgery/Emergency General Surgery', 'Trauma Surgery/Critical Care']",Program Director (or Assistant Program Director),7,vanderbilt,Southeast,4,88
127,R_r3gOWTtVPw1MJNv,3,4,3,3,1,1,5,3,4,1,5,4,5,3,4,4,5,5,4,5,5,5,4,4,4,4,4,4,4,4,2,vanderbilt,['Colon and Rectal Surgery'],,,vanderbilt,Southeast,4,88
128,R_12EBfLJeD9sfTrj,5,5,4,1,1,1,5,4,3,4,2,3,4,5,5,5,5,5,5,3,5,5,5,5,5,5,5,5,5,5,5,vanderbilt,['Colon and Rectal Surgery'],,2,vanderbilt,Southeast,4,88
129,R_2dEYSAy8XxvLP15,3,3,3,3,1,2,3,4,4,3,2,1,4,5,4,5,5,4,4,4,5,5,1,1,3,1,3,1,2,3,3,vanderbilt,"['Acute Care Surgery/Emergency General Surgery', 'Trauma Surgery/Critical Care']",,2,vanderbilt,Southeast,4,88
130,R_3EcBXpXxH3Fao16,3,3,3,1,1,1,3,3,4,3,4,3,4,2,4,3,5,4,2,3,5,5,4,4,5,5,3,2,2,2,3,vanderbilt,['Trauma Surgery/Critical Care'],Program Director (or Assistant Program Director),,vanderbilt,Southeast,4,88
131,R_29gNMwwmgJRX8z7,3,5,4,1,1,1,4,4,5,4,2,4,5,5,5,5,5,5,4,5,5,2,5,5,5,5,5,5,3,3,4,vanderbilt,['Vascular Surgery'],,25,vanderbilt,Southeast,4,88
132,R_eDUve5ckkd1fhpT,4,4,4,2,1,1,2,4,3,3,5,1,4,4,5,5,4,5,5,5,5,5,5,2,5,4,3,1,3,3,3,vanderbilt,['Trauma Surgery/Critical Care'],,5,vanderbilt,Southeast,4,88
133,R_2X6FUofPy7MDhUg,5,5,5,2,1,1,5,2,4,2,4,5,4,3,5,5,5,5,5,5,5,5,5,3,5,3,3,2,3,3,3,vanderbilt,['Colon and Rectal Surgery'],Program Director (or Assistant Program Director),14,vanderbilt,Southeast,4,88
134,R_tJTpjTikzXsi5MZ,4,5,5,2,1,1,4,4,4,3,5,5,5,5,5,5,5,5,5,4,5,5,5,5,5,5,4,2,2,2,2,vanderbilt,"['Breast Surgery', 'Surgical Oncology']",Program Director (or Assistant Program Director),8,vanderbilt,Southeast,4,88
135,R_3e9yDL1dsJXFnZo,5,5,5,3,1,1,5,4,5,3,5,5,5,5,5,5,5,5,5,4,4,4,5,3,5,3,5,5,5,5,5,vanderbilt,"['Abdominal Wall/Hernia Surgery', 'Bariatric/Minimally Invasive Surgery']",,29,vanderbilt,Southeast,4,88
136,R_8BLDXpGMm0M3kw9,3,3,3,2,1,1,4,4,4,4,2,2,4,2,1,2,5,2,3,2,2,5,3,3,3,3,3,3,3,3,3,und,['Thoracic Surgery'],Department Chair,23,und,Midwest,8,11
137,R_2BfXzIypRtLQHZb,2,3,3,2,1,2,3,2,2,1,2,2,3,2,2,2,4,4,3,4,4,4,3,3,3,3,3,3,1,1,1,und,"['Abdominal Wall/Hernia Surgery', 'Acute Care Surgery/Emergency General Surgery', 'Colon and Rectal Surgery']",,12,und,Midwest,8,11
138,R_2xXW2g61RdKJFzu,4,4,4,1,1,1,5,5,4,3,5,5,5,5,5,5,5,5,5,5,5,2,4,4,4,4,4,4,4,4,4,vanderbilt,['Vascular Surgery'],Department Chair,30,vanderbilt,Southeast,4,88
139,R_a5cpvMWPsINsCIh,5,4,4,1,1,1,4,4,5,2,2,2,5,5,5,5,5,5,5,5,5,5,5,5,5,5,5,2,3,3,3,vanderbilt,['Colon and Rectal Surgery'],,7,vanderbilt,Southeast,4,88
140,R_Y30WD5Dz6Vpzmwh,5,5,4,4,1,1,3,3,4,3,5,4,3,3,5,5,4,1,2,5,5,3,2,1,4,2,2,1,1,1,1,vanderbilt,['Breast Surgery'],Program Director (or Assistant Program Director),7,vanderbilt,Southeast,4,88
141,R_1PTYJE13HVRVO61,2,2,3,2,1,2,5,4,4,3,2,1,3,4,4,5,4,2,2,1,5,5,5,2,5,2,4,1,1,1,2,vanderbilt,['Pediatric Surgery'],,4,vanderbilt,Southeast,4,88
142,R_2uzvZEJHAEqAKbv,5,4,4,1,1,1,4,2,3,1,4,3,5,1,3,5,5,5,5,5,5,4,5,5,5,3,5,5,4,4,4,vanderbilt,['Colon and Rectal Surgery'],Program Director (or Assistant Program Director),10,vanderbilt,Southeast,4,88
143,R_3qmqyRyKqIQ1O3H,2,3,3,1,1,1,4,2,3,3,3,2,4,2,5,5,4,3,3,3,5,5,3,3,3,3,3,1,1,3,1,vanderbilt,['Surgical Oncology'],Program Director (or Assistant Program Director),8,vanderbilt,Southeast,4,88
144,R_uxkZThumLbhLE3L,4,4,4,3,1,1,5,4,5,1,2,3,5,4,4,4,5,4,5,5,5,4,5,5,5,4,5,4,5,5,5,vanderbilt,"['Abdominal Wall/Hernia Surgery', 'Bariatric/Minimally Invasive Surgery']",,1,vanderbilt,Southeast,4,88
145,R_UDPM1PtsBh56b8B,3,3,3,3,2,2,4,3,4,4,3,3,5,5,5,5,5,3,5,5,5,5,5,4,5,3,4,2,2,3,3,vanderbilt,"['Abdominal Wall/Hernia Surgery', 'Acute Care Surgery/Emergency General Surgery', 'Colon and Rectal Surgery', 'Hepatopancreaticobiliary Surgery', 'Surgical Oncology', 'Transplant Surgery']",,35,vanderbilt,Southeast,4,88
146,R_dbX201lruYaENR7,3,2,3,2,1,3,3,4,1,4,3,2,3,3,1,3,3,1,2,5,5,3,5,1,5,1,2,1,1,1,1,lehigh,"['Abdominal Wall/Hernia Surgery', 'Acute Care Surgery/Emergency General Surgery', 'Trauma Surgery/Critical Care']",,4,lehigh,Northeast,3,55
147,R_1LS8kD0CLZ0kDm1,4,5,4,3,1,1,4,4,3,3,4,4,5,5,5,5,5,5,5,1,5,4,2,3,3,4,4,4,4,4,4,vanderbilt,"['Acute Care Surgery/Emergency General Surgery', 'Pediatric Surgery', 'Trauma Surgery/Critical Care']",,18,vanderbilt,Southeast,4,88
148,R_2OGzV95EloMXu6K,4,4,4,1,2,1,4,2,4,1,5,2,5,5,5,5,5,5,5,5,5,5,5,5,5,5,5,1,2,1,3,vanderbilt,['Vascular Surgery'],Program Director (or Assistant Program Director),17,vanderbilt,Southeast,4,88
149,R_QhNnooIIztQ2ZlD,4,4,4,2,2,3,3,2,4,3,1,3,4,3,3,2,5,4,4,5,5,5,4,4,4,4,4,4,4,4,4,und,['Acute Care Surgery/Emergency General Surgery'],,5,und,Midwest,8,11
150,R_SAGjKHTTYgM0vap,5,4,4,4,1,1,5,3,5,3,5,4,5,5,3,5,5,4,5,5,5,5,5,5,5,5,5,2,2,2,3,vanderbilt,['Abdominal Wall/Hernia Surgery'],Program Director (or Assistant Program Director),9,vanderbilt,Southeast,4,88
151,R_1LIIasb1kfIw4qo,5,5,4,1,1,1,4,5,4,2,2,3,4,4,4,4,4,3,5,4,5,5,5,5,5,3,4,2,4,4,5,texastech,"['Abdominal Wall/Hernia Surgery', 'Bariatric/Minimally Invasive Surgery', 'Endocrine Surgery', 'Surgical Oncology']",,1,texastech,Southwest,6,27
152,R_10UaOW7xBXiXL5G,2,2,2,2,1,1,4,4,2,4,2,1,3,4,1,4,3,2,3,2,2,1,2,1,2,3,1,1,1,2,1,und,"['Acute Care Surgery/Emergency General Surgery', 'Trauma Surgery/Critical Care']",Program Director (or Assistant Program Director),15,und,Midwest,8,11
153,R_2wssCIKRbWQ9ViV,5,5,5,3,3,3,5,5,3,4,1,5,5,5,1,1,5,5,5,1,5,5,5,3,5,3,5,3,3,3,5,texastech,"['Acute Care Surgery/Emergency General Surgery', 'Trauma Surgery/Critical Care']",,10,texastech,Southwest,6,27
154,R_2X0aiqb8m6fm8da,3,2,3,2,2,2,5,5,4,3,4,2,5,5,5,5,5,4,1,2,4,5,2,2,3,1,2,1,1,1,1,texastech,['Trauma Surgery/Critical Care'],,3,texastech,Southwest,6,27
155,R_1d9QPuh2BwiqvWE,5,5,4,1,1,1,1,4,5,3,4,2,2,5,4,5,5,3,5,5,5,5,5,2,4,4,4,1,1,1,1,vanderbilt,['Pediatric Surgery'],Program Director (or Assistant Program Director),21,vanderbilt,Southeast,4,88
156,R_3EnX6b91L6jszQi,4,5,4,4,2,2,5,5,5,1,5,1,5,5,1,2,4,2,3,5,5,3,5,1,5,2,2,1,2,1,2,texastech,['Vascular Surgery'],Program Director (or Assistant Program Director),27,texastech,Southwest,6,27
157,R_2BbUGsnbQxYXxvr,4,4,4,2,1,1,3,3,3,4,3,3,4,2,5,5,4,2,2,5,5,1,1,3,1,3,1,1,3,3,3,lahey,['Transplant Surgery'],,3,lahey,Northeast,1,38
158,R_1IMH4WuD0Xjmq12,2,3,3,2,2,1,3,3,4,5,3,2,3,3,4,3,5,3,4,3,2,3,2,2,2,2,2,2,1,2,2,lahey,['Breast Surgery'],,9,lahey,Northeast,1,38
159,R_3qgtBMFFkjHX8hq,3,4,3,2,1,1,2,3,2,5,3,4,3,4,4,5,5,5,5,5,5,5,5,4,5,3,3,3,3,3,3,vanderbilt,['Bariatric/Minimally Invasive Surgery'],Program Director (or Assistant Program Director),15,vanderbilt,Southeast,4,88
160,R_25yfqWHHDPT4CVl,5,5,5,4,1,2,4,4,5,5,4,4,5,5,4,5,4,4,5,5,4,3,5,5,5,4,4,1,1,3,3,lahey,"['Abdominal Wall/Hernia Surgery', 'Bariatric/Minimally Invasive Surgery']",,40,lahey,Northeast,1,38
161,R_1CvU9wHF99YUsEB,5,4,4,1,1,1,3,3,5,3,3,2,2,2,5,5,5,1,4,3,4,2,2,2,4,3,2,1,2,2,2,lahey,['Hepatopancreaticobiliary Surgery'],Department Chair,25,lahey,Northeast,1,38
162,R_24dP0BeJ7pCo9L2,2,1,2,1,1,1,4,4,3,3,3,1,5,3,5,5,4,4,3,3,5,5,4,3,4,4,3,3,2,2,3,vanderbilt,"['Abdominal Wall/Hernia Surgery', 'Acute Care Surgery/Emergency General Surgery', 'Trauma Surgery/Critical Care']",Program Director (or Assistant Program Director),11,vanderbilt,Southeast,4,88
163,R_UKkNGT4Bn95ORjP,3,4,4,2,1,1,4,3,4,3,4,4,4,4,4,4,4,4,4,1,2,1,3,3,3,2,2,1,3,3,2,lahey,['Vascular Surgery'],,30,lahey,Northeast,1,38
164,R_3polofbo2dbEr3Z,5,5,5,3,1,1,4,4,2,4,4,4,5,5,5,5,5,3,4,4,5,3,4,4,4,3,3,2,2,2,3,vanderbilt,"['Hepatopancreaticobiliary Surgery', 'Transplant Surgery']",,22,vanderbilt,Southeast,4,88
165,R_3GjqtqfCjl8E7z7,3,3,3,2,2,2,3,2,4,3,3,2,4,3,5,3,4,4,4,5,5,5,3,4,3,4,3,2,4,5,4,vanderbilt,"['Abdominal Wall/Hernia Surgery', 'Acute Care Surgery/Emergency General Surgery', 'Colon and Rectal Surgery', 'Trauma Surgery/Critical Care']",,,vanderbilt,Southeast,4,88
166,R_1FhTcL6L17bVAzH,4,4,4,4,1,3,5,5,3,4,2,4,5,5,5,5,5,5,5,5,5,5,5,5,5,5,4,2,5,5,5,cornell,['Acute Care Surgery/Emergency General Surgery'],,20,cornell,Northeast,2,49
167,R_3JKOa78EdjcMvGc,3,5,4,4,1,1,5,5,4,2,4,3,5,5,5,5,5,5,5,3,5,1,5,5,5,5,5,5,5,5,5,cornell,['Other'],,0.15,cornell,Northeast,2,49
168,R_3lQ9XGCjTS9fO7t,4,4,5,2,1,2,4,3,4,3,2,3,3,3,5,5,5,5,5,2,5,5,5,4,5,5,5,4,4,4,5,cornell,['Colon and Rectal Surgery'],Program Director (or Assistant Program Director),13,cornell,Northeast,2,49
169,R_1LbrMOgzVa7SbzM,4,4,4,4,1,2,5,3,3,4,4,2,5,4,3,4,5,2,5,5,3,2,4,4,4,5,4,1,2,3,1,cornell,"['Abdominal Wall/Hernia Surgery', 'Endocrine Surgery']",Program Director (or Assistant Program Director),30,cornell,Northeast,2,49
170,R_3KolgpRC8kMoTeu,3,4,3,3,1,1,5,4,4,3,2,3,4,4,4,5,5,3,4,5,5,5,3,3,3,3,3,1,2,3,2,cornell,"['Abdominal Wall/Hernia Surgery', 'Acute Care Surgery/Emergency General Surgery', 'Colon and Rectal Surgery', 'Trauma Surgery/Critical Care']",Program Director (or Assistant Program Director),33,cornell,Northeast,2,49
171,R_1q7CnJFPUYNvfQy,4,5,4,4,2,2,3,4,4,3,5,4,4,4,3,3,5,4,5,5,5,2,5,5,5,4,4,4,5,5,5,cornell,['Vascular Surgery'],,18,cornell,Northeast,2,49
172,R_2bN7d7LxvDyCBTH,3,3,3,3,2,3,4,4,4,4,3,1,5,5,5,5,5,5,1,1,5,1,2,2,2,2,2,2,1,2,2,cornell,['Other'],Program Director (or Assistant Program Director),21,cornell,Northeast,2,49
173,R_1F54SHaVc5tjwxl,4,4,4,4,2,2,3,2,4,3,3,3,4,3,4,4,4,4,4,5,5,3,4,4,4,3,4,4,1,2,1,cornell,['Other'],Department Chair,39,cornell,Northeast,2,49
174,R_1jJNfmdjKEg0FRF,3,4,3,3,1,1,5,4,4,4,5,4,5,5,5,4,5,3,1,5,5,3,5,5,5,5,5,3,4,3,4,cornell,['Colon and Rectal Surgery'],,19,cornell,Northeast,2,49
175,R_Oex4oqrWR7dOYkp,5,3,4,2,1,1,2,3,4,5,1,1,4,4,4,5,5,4,3,1,5,3,4,2,3,3,4,1,2,2,2,texastech,['Other'],Program Director (or Assistant Program Director),15,texastech,Southwest,6,27
176,R_3MGTBYLBsa4VvcI,4,5,5,2,2,2,3,3,3,2,3,3,3,3,5,5,5,5,4,4,5,5,4,4,4,4,3,2,3,2,2,vanderbilt,['Pediatric Surgery'],Department Chair,,vanderbilt,Southeast,4,88
177,R_3nAh7XklzVzKNUs,2,2,2,2,1,1,5,5,2,4,1,2,5,5,2,2,5,2,2,1,5,5,3,3,3,3,3,2,1,1,1,cornell,"['Abdominal Wall/Hernia Surgery', 'Acute Care Surgery/Emergency General Surgery', 'Bariatric/Minimally Invasive Surgery']",,19,cornell,Northeast,2,49
178,R_2Cy4ScFJIPWiAT4,4,2,4,1,1,1,4,3,4,4,3,4,5,5,5,5,5,4,5,5,5,5,5,5,5,5,4,4,4,4,4,lahey,['Colon and Rectal Surgery'],,3,lahey,Northeast,1,38
179,R_XG77v0gB5vp4bgB,4,3,4,1,1,1,2,1,5,4,4,3,5,5,5,5,5,5,4,4,5,5,5,4,5,3,2,2,3,3,3,cornell,['Colon and Rectal Surgery'],Program Director (or Assistant Program Director),4,cornell,Northeast,2,49
180,R_ZgFUjGq9Y4stI41,3,2,3,1,1,1,2,2,3,4,3,3,4,4,1,3,3,2,2,3,3,1,3,3,3,1,1,1,1,1,1,cornell,"['Abdominal Wall/Hernia Surgery', 'Breast Surgery']",,31,cornell,Northeast,2,49
181,R_T5GlIuTg9cZZOW5,4,5,5,3,1,1,4,4,4,3,2,4,4,5,5,5,5,3,4,5,5,5,5,5,5,5,5,3,4,4,4,cornell,"['Abdominal Wall/Hernia Surgery', 'Acute Care Surgery/Emergency General Surgery', 'Trauma Surgery/Critical Care']",Program Director (or Assistant Program Director),7,cornell,Northeast,2,49
182,R_DH8yKSr53EhL9TP,2,2,3,3,2,2,1,3,4,3,3,1,4,4,4,5,4,4,4,5,5,2,4,4,5,4,4,2,2,2,2,cornell,['Other'],Department Chair,22,cornell,Northeast,2,49
183,R_XmQE5DWDvXp2WGd,3,2,3,2,1,2,4,4,3,1,2,1,4,4,3,3,4,1,4,1,3,3,4,3,4,4,3,1,1,1,1,cornell,['Hepatopancreaticobiliary Surgery'],,6,cornell,Northeast,2,49
184,R_1gjsUSHUuN0k5f3,5,5,5,1,1,1,4,4,5,1,5,3,5,5,5,5,5,5,5,5,4,5,3,2,3,1,4,1,1,2,4,ucsf,['Vascular Surgery'],,17,ucsf,West,9,123
185,R_3O7j5HCRPjvtOT4,4,4,4,1,1,1,4,4,5,2,4,3,5,5,5,5,5,5,5,5,5,4,3,5,3,5,3,1,2,3,4,ucsf,"['Abdominal Wall/Hernia Surgery', 'Acute Care Surgery/Emergency General Surgery', 'Colon and Rectal Surgery', 'Trauma Surgery/Critical Care']",Program Director (or Assistant Program Director),20,ucsf,West,9,123
186,R_1pRNL8T5PVyxJpN,4,4,4,3,3,2,4,2,4,4,3,4,3,3,3,3,4,4,5,5,5,5,5,5,5,5,5,5,5,5,5,washu,['Colon and Rectal Surgery'],,21,washu,Midwest,7,99
187,R_27g94Yk2FuhSI2v,5,5,5,5,4,5,5,5,3,5,1,5,5,4,5,5,5,5,5,5,5,5,5,5,5,5,5,5,5,5,5,washu,['Acute Care Surgery/Emergency General Surgery'],,18,washu,Midwest,7,99
188,R_32JhyFZbxUbckic,3,2,3,1,1,1,4,3,3,4,2,2,3,3,4,4,4,3,5,4,4,4,3,3,3,3,3,3,3,3,3,washu,"['Abdominal Wall/Hernia Surgery', 'Acute Care Surgery/Emergency General Surgery', 'Endocrine Surgery']",,4,washu,Midwest,7,99
189,R_2SBo2pr43xXI7gm,3,2,3,2,2,2,3,3,4,3,3,2,4,4,4,4,4,4,4,4,4,4,1,1,3,3,1,1,1,1,1,washu,['Cardiac Surgery'],,11,washu,Midwest,7,99
190,R_0NBvYPFGDwGKwcF,4,5,4,1,2,2,4,3,2,5,3,2,4,5,5,5,5,3,2,5,5,2,3,3,4,2,1,1,3,2,2,washu,['Bariatric/Minimally Invasive Surgery'],,4,washu,Midwest,7,99
191,R_2fvRJknFO6JgrEs,3,3,3,2,2,2,4,4,3,4,2,2,5,5,5,5,5,5,3,5,5,5,5,5,5,4,5,4,3,3,3,washu,['Trauma Surgery/Critical Care'],,10,washu,Midwest,7,99
192,R_2rCkgOkh9r4mZTu,3,3,3,3,3,3,3,3,3,3,3,3,3,3,3,3,3,3,3,3,3,3,3,3,3,3,3,3,3,3,3,washu,['Hepatopancreaticobiliary Surgery'],,5,washu,Midwest,7,99
193,R_3I3ujBMAXA1w50G,5,5,4,2,1,1,4,4,5,1,2,5,4,5,5,5,5,4,5,3,5,4,5,5,5,5,5,3,3,3,4,washu,"['Abdominal Wall/Hernia Surgery', 'Acute Care Surgery/Emergency General Surgery', 'Bariatric/Minimally Invasive Surgery', 'Trauma Surgery/Critical Care']",,12,washu,Midwest,7,99
194,R_2P1D7JgWN7XRNKt,3,4,4,3,2,2,4,2,4,4,4,2,3,1,3,2,5,3,2,3,5,4,5,5,5,5,1,1,3,2,1,texastech,"['Abdominal Wall/Hernia Surgery', 'Acute Care Surgery/Emergency General Surgery', 'Colon and Rectal Surgery']",Program Director (or Assistant Program Director),35,texastech,Southwest,6,27
195,R_3EGajxIKH3YTubJ,2,2,3,3,1,1,4,4,5,1,3,2,4,4,4,4,3,3,2,5,4,3,1,3,1,2,2,2,2,2,3,lahey,"['Abdominal Wall/Hernia Surgery', 'Acute Care Surgery/Emergency General Surgery']",Department Chair,33,lahey,Northeast,1,38
196,R_2OQ5s6sOHgYS7E2,3,3,3,3,1,2,4,4,3,4,2,3,5,5,4,4,4,3,3,2,1,5,3,3,4,4,2,2,2,2,2,washu,['Colon and Rectal Surgery'],,1,washu,Midwest,7,99
197,R_3r0BFqeVcWKjckD,2,3,3,3,1,2,5,3,2,4,2,2,3,3,1,3,4,4,3,5,3,5,3,3,3,3,3,3,3,3,3,washu,['Transplant Surgery'],,1,washu,Midwest,7,99
198,R_3nTmUri7WoL1aOw,5,5,4,3,2,2,5,5,3,4,2,5,5,5,3,4,5,2,5,5,5,5,2,3,1,2,1,2,3,3,3,washu,"['Abdominal Wall/Hernia Surgery', 'Endocrine Surgery']",,26,washu,Midwest,7,99
199,R_29n8yBcCnzGAbOs,4,3,3,1,1,1,4,4,3,1,5,1,4,5,4,5,5,4,1,5,5,1,4,3,3,4,3,3,3,3,4,lahey,"['Abdominal Wall/Hernia Surgery', 'Acute Care Surgery/Emergency General Surgery', 'Bariatric/Minimally Invasive Surgery']",Program Director (or Assistant Program Director),22,lahey,Northeast,1,38
200,R_ThcMkgoJj9g2Vax,4,3,4,1,1,1,4,5,5,4,4,2,4,4,3,5,5,4,1,5,5,1,2,2,4,2,3,1,2,2,3,lahey,['Vascular Surgery'],Department Chair,35,lahey,Northeast,1,38
201,R_2dvbzONLMKjJHgn,4,4,4,1,1,1,5,5,2,4,3,2,4,4,3,2,5,4,4,5,5,5,4,4,5,5,3,2,3,3,3,washu,['Transplant Surgery'],,1,washu,Midwest,7,99
202,R_21aCwJ1qjBp6tRL,4,4,4,3,1,1,2,4,5,2,5,5,5,5,5,4,4,4,2,1,2,2,4,4,4,4,4,2,1,1,1,cornell,['Pediatric Surgery'],,15,cornell,Northeast,2,49
203,R_xfkBbyTOTvXvcIh,5,5,4,4,2,1,5,4,4,4,3,5,5,5,5,5,5,5,5,5,5,5,5,5,4,4,4,4,4,4,5,cornell,['Trauma Surgery/Critical Care'],Program Director (or Assistant Program Director),16,cornell,Northeast,2,49
204,R_2abh38siOVu9F56,3,3,3,5,3,1,2,2,2,2,2,1,3,4,2,2,5,3,5,5,3,2,5,5,5,5,5,2,2,2,2,cornell,['Vascular Surgery'],,,cornell,Northeast,2,49
205,R_1n7qfYsJ2A127iX,3,4,3,3,2,2,3,2,2,3,1,3,4,3,3,4,4,5,4,5,4,3,2,2,2,2,1,1,1,2,1,cornell,['Colon and Rectal Surgery'],,30,cornell,Northeast,2,49
206,R_RmqehIh3UYZhHiN,5,5,5,1,3,1,1,1,5,5,5,5,5,5,1,5,5,1,1,5,5,5,5,5,5,5,5,3,5,4,5,northwestern,['Trauma Surgery/Critical Care'],Program Director (or Assistant Program Director),,northwestern,Midwest,5,58
207,R_2OUvgi79qekuNbJ,3,4,3,4,1,3,4,4,1,4,3,3,4,4,3,3,4,3,4,5,5,5,5,2,5,2,1,1,1,1,1,cornell,['Plastics Surgery'],Program Director (or Assistant Program Director),12,cornell,Northeast,2,49
208,R_3QKrtQnVePoaoZA,4,3,4,2,1,1,5,5,4,1,5,2,5,4,5,5,5,4,5,5,5,5,5,4,5,5,3,1,2,2,3,virginiamason,['Colon and Rectal Surgery'],,5,virginiamason,West,10,24
209,R_3CDvHm3ifyUhxdp,4,4,3,1,1,1,3,3,5,4,2,1,5,5,5,5,5,5,5,5,5,5,1,1,1,1,1,1,1,1,1,virginiamason,['Breast Surgery'],,38,virginiamason,West,10,24
210,R_2Xd51UnstLGVrjL,5,5,4,5,1,1,5,5,4,1,1,5,5,5,5,5,5,5,5,4,5,5,5,5,5,5,5,5,5,5,5,virginiamason,"['Abdominal Wall/Hernia Surgery', 'Acute Care Surgery/Emergency General Surgery', 'Colon and Rectal Surgery', 'Endocrine Surgery', 'Hepatopancreaticobiliary Surgery', 'Surgical Oncology']",Department Chair,30,virginiamason,West,10,24
211,R_2cB1TcCWdgs0y6L,3,3,2,2,2,2,4,4,4,3,3,4,4,4,4,4,5,5,5,1,4,4,5,5,5,5,5,5,3,5,5,texastech,['Other'],,35,texastech,Southwest,6,27
212,R_2BqHlt22LZTvwgH,5,3,4,2,2,2,4,3,4,3,2,3,2,5,5,4,5,4,5,3,5,3,5,5,5,2,2,4,3,3,3,virginiamason,"['Abdominal Wall/Hernia Surgery', 'Acute Care Surgery/Emergency General Surgery', 'Bariatric/Minimally Invasive Surgery']",,5,virginiamason,West,10,24
213,R_3k0Mxhl0GqzW01Q,3,4,4,3,1,2,4,2,5,4,3,2,3,2,4,5,5,4,4,5,5,5,5,4,5,5,3,2,3,2,4,vanderbilt,['Abdominal Wall/Hernia Surgery'],,13,vanderbilt,Southeast,4,88
214,R_2xFw2cSsA2sLfdj,5,5,4,2,2,2,3,4,4,3,3,3,1,4,5,5,5,5,5,5,5,5,4,4,4,4,4,2,3,3,3,virginiamason,"['Abdominal Wall/Hernia Surgery', 'Acute Care Surgery/Emergency General Surgery', 'Bariatric/Minimally Invasive Surgery']",Program Director (or Assistant Program Director),22,virginiamason,West,10,24
215,R_1IyO5XPbBJFqiDC,3,3,3,3,3,2,1,1,4,4,1,4,2,1,3,1,4,1,2,2,5,3,4,3,5,1,1,1,1,1,1,ucsf,['Surgical Oncology'],,,ucsf,West,9,123
216,R_238qfu07MfvEdH3,5,5,4,3,1,2,5,5,1,4,3,5,5,5,5,5,5,5,5,5,5,5,2,2,5,5,2,1,1,1,2,washu,"['Cardiac Surgery', 'Other']",Program Director (or Assistant Program Director),22,washu,Midwest,7,99
217,R_1eOCl7AeWLd41Yt,3,3,3,3,1,1,1,1,4,3,3,3,3,3,3,3,4,3,4,1,5,5,5,4,5,4,5,1,1,1,1,northwestern,['Trauma Surgery/Critical Care'],,13,northwestern,Midwest,5,58
218,R_xtj6kSyUbUDql7r,4,4,4,1,1,1,5,5,5,3,5,3,5,5,5,5,5,4,5,5,2,5,4,4,5,3,1,2,1,1,1,northwestern,"['Abdominal Wall/Hernia Surgery', 'Plastics Surgery']",Department Chair,25,northwestern,Midwest,5,58
219,R_3HUebyczQyM05mV,3,2,2,3,2,2,5,5,2,3,2,1,5,5,2,5,5,3,4,1,5,5,1,1,1,2,1,1,1,1,1,northwestern,['Colon and Rectal Surgery'],,13,northwestern,Midwest,5,58
220,R_3p4OgeusRkyKJC4,5,5,5,3,1,1,3,3,5,3,5,3,5,5,5,5,5,3,3,4,5,3,5,5,5,5,3,1,1,1,1,northwestern,['Breast Surgery'],,20,northwestern,Midwest,5,58
221,R_VW3yMx7UXlvV34R,4,4,4,3,1,1,4,3,3,4,4,1,4,4,5,5,4,4,5,5,5,5,5,4,3,4,5,2,2,2,2,northwestern,['Cardiac Surgery'],,,northwestern,Midwest,5,58
222,R_3J9r4IvIy66tBhV,4,4,3,2,1,1,4,4,4,3,3,3,3,3,3,5,5,5,5,4,5,5,5,5,5,3,3,2,2,2,2,northwestern,['Endocrine Surgery'],,20,northwestern,Midwest,5,58
223,R_1GTdv6npombGjSm,4,4,4,1,2,1,4,3,4,3,4,3,5,5,2,3,4,4,5,5,5,5,5,5,5,5,5,3,3,3,2,northwestern,"['Acute Care Surgery/Emergency General Surgery', 'Trauma Surgery/Critical Care']",Program Director (or Assistant Program Director),8,northwestern,Midwest,5,58
224,R_2YJ0UWuTolREwAb,4,3,4,1,1,1,5,5,5,1,4,2,4,5,5,5,5,5,5,5,5,5,5,5,5,5,5,5,5,5,5,northwestern,['Transplant Surgery'],"Department Chair,Program Director (or Assistant Program Director)",12,northwestern,Midwest,5,58
225,R_QcOxkjNgaHiGIg1,4,5,5,2,1,1,4,4,4,2,4,3,5,4,4,5,4,5,5,5,5,2,3,3,5,3,2,2,3,3,3,northwestern,['Breast Surgery'],,32,northwestern,Midwest,5,58
226,R_1EWpWWDYsCmwx8v,3,4,3,2,2,1,4,3,4,4,2,3,4,5,5,5,5,4,3,4,5,3,2,3,3,3,1,1,2,2,2,northwestern,['Colon and Rectal Surgery'],,31,northwestern,Midwest,5,58
227,R_PCEtQ1TO25SUCXv,2,3,3,1,1,1,5,4,3,4,3,2,4,4,5,5,5,3,5,5,2,2,5,3,5,4,3,1,1,1,1,northwestern,"['Abdominal Wall/Hernia Surgery', 'Bariatric/Minimally Invasive Surgery']",,6,northwestern,Midwest,5,58
228,R_3yEntaGLn9D8mIN,5,5,4,3,1,1,3,4,4,3,5,2,5,5,5,5,5,4,5,5,4,4,4,5,4,5,2,1,1,4,2,northwestern,['Breast Surgery'],,30,northwestern,Midwest,5,58
229,R_1NzuIhUY1MaqFFl,4,4,4,1,1,1,4,4,4,3,4,2,5,5,5,5,5,5,5,5,5,5,1,4,1,5,1,2,1,3,3,northwestern,"['Acute Care Surgery/Emergency General Surgery', 'Trauma Surgery/Critical Care']",Program Director (or Assistant Program Director),32,northwestern,Midwest,5,58
230,R_8CEZCL8jPSQBC1j,2,2,2,2,1,1,5,4,4,3,1,1,5,5,5,5,5,4,3,5,5,5,1,3,1,3,3,2,4,4,4,northwestern,"['Abdominal Wall/Hernia Surgery', 'Acute Care Surgery/Emergency General Surgery', 'Trauma Surgery/Critical Care']",Department Chair,23,northwestern,Midwest,5,58
231,R_3LXyOCJD89Dne6c,4,3,4,1,1,2,4,4,4,2,3,4,5,5,5,5,5,5,5,5,5,5,4,4,4,4,4,2,4,4,4,northwestern,"['Acute Care Surgery/Emergency General Surgery', 'Trauma Surgery/Critical Care']",,1,northwestern,Midwest,5,58
232,R_12rwYCPM55WQVJA,4,4,4,1,1,1,4,4,4,1,5,4,4,4,5,5,5,5,5,5,5,5,5,5,5,5,5,1,1,1,1,virginiamason,"['Abdominal Wall/Hernia Surgery', 'Acute Care Surgery/Emergency General Surgery', 'Bariatric/Minimally Invasive Surgery']",Program Director (or Assistant Program Director),2,virginiamason,West,10,24
233,R_6x6nyNWPgiwoo2B,4,4,4,4,1,1,5,5,4,1,5,3,5,5,5,5,5,2,5,5,5,5,5,4,5,4,5,4,4,4,5,virginiamason,"['Abdominal Wall/Hernia Surgery', 'Hepatopancreaticobiliary Surgery', 'Surgical Oncology']",Program Director (or Assistant Program Director),32,virginiamason,West,10,24
234,R_3NHQ5DNvN0vBPDY,5,5,4,5,3,3,4,4,5,3,4,5,3,5,5,5,5,4,5,5,5,5,5,5,5,5,5,5,5,5,5,virginiamason,['Abdominal Wall/Hernia Surgery'],,3,virginiamason,West,10,24
235,R_3n3ihzImRtyUSlA,4,4,4,4,3,4,5,3,2,5,5,4,5,5,1,5,5,5,5,5,5,4,5,5,5,3,1,1,1,1,1,virginiamason,"['Abdominal Wall/Hernia Surgery', 'Acute Care Surgery/Emergency General Surgery', 'Hepatopancreaticobiliary Surgery', 'Vascular Surgery', 'Transplant Surgery', 'Other']",,10,virginiamason,West,10,24
236,R_3256iXRAW6T68YV,5,3,4,4,1,2,3,3,5,3,4,3,4,4,5,5,5,3,4,3,4,3,4,4,4,3,4,3,3,3,3,virginiamason,['Plastics Surgery'],,15,virginiamason,West,10,24
237,R_1dF7UgUeUGWovLZ,3,3,4,3,1,2,4,4,1,4,4,3,5,5,3,5,3,1,2,1,3,5,4,2,3,1,2,2,1,1,2,lehigh,"['Abdominal Wall/Hernia Surgery', 'Acute Care Surgery/Emergency General Surgery']",Program Director (or Assistant Program Director),,lehigh,Northeast,3,55
238,R_BS1ZehVXZKWIKv7,3,3,3,1,3,1,4,4,3,3,2,4,5,5,5,5,5,3,1,5,5,5,5,5,5,2,3,1,2,2,4,lehigh,['Trauma Surgery/Critical Care'],,25,lehigh,Northeast,3,55
239,R_1Cm9yIGMYwVkuSe,5,5,5,3,2,1,4,4,4,1,3,5,4,4,2,4,5,4,5,4,5,3,5,5,5,3,3,2,2,2,1,lehigh,"['Abdominal Wall/Hernia Surgery', 'Endocrine Surgery', 'Hepatopancreaticobiliary Surgery', 'Surgical Oncology', 'Transplant Surgery']",Program Director (or Assistant Program Director),11,lehigh,Northeast,3,55
240,R_xEZj3pUGXDMZIfT,5,5,4,1,1,1,4,4,4,3,4,2,5,5,5,5,5,5,5,5,5,3,2,2,2,2,2,2,3,3,3,lehigh,['Pediatric Surgery'],Program Director (or Assistant Program Director),7,lehigh,Northeast,3,55
241,R_OkFgYjnWV7vLdmx,5,5,4,4,1,3,3,4,4,1,1,4,5,5,5,5,5,2,5,5,5,5,2,2,2,2,3,3,2,2,3,virginiamason,['Colon and Rectal Surgery'],,28,virginiamason,West,10,24
242,R_2UWpCS5RBPaA3Iv,3,4,3,5,2,2,4,5,4,4,5,2,4,4,1,5,5,3,2,5,5,5,2,2,4,4,5,2,2,4,5,lehigh,"['Acute Care Surgery/Emergency General Surgery', 'Pediatric Surgery', 'Plastics Surgery']",,22,lehigh,Northeast,3,55
243,R_2ZK4wuIarxnJyB9,3,4,5,3,1,3,4,2,5,4,5,5,4,2,1,1,1,1,1,2,4,2,3,3,4,2,3,2,3,3,3,lehigh,"['Abdominal Wall/Hernia Surgery', 'Acute Care Surgery/Emergency General Surgery', 'Colon and Rectal Surgery', 'Trauma Surgery/Critical Care']",,12,lehigh,Northeast,3,55
244,R_3g11P1lUjVkrlvn,4,4,4,2,1,1,5,4,4,3,1,2,5,3,2,4,4,2,4,5,5,4,4,4,4,4,4,4,4,4,4,northwestern,['Thoracic Surgery'],,2.5,northwestern,Midwest,5,58
245,R_qCakSsa3qVx6bYd,5,5,4,4,1,2,4,4,5,4,4,5,5,5,5,5,5,4,5,5,5,5,5,5,5,5,5,5,5,5,5,northwestern,"['Abdominal Wall/Hernia Surgery', 'Acute Care Surgery/Emergency General Surgery', 'Colon and Rectal Surgery', 'Hepatopancreaticobiliary Surgery', 'Vascular Surgery', 'Trauma Surgery/Critical Care']",Program Director (or Assistant Program Director),4,northwestern,Midwest,5,58
246,R_7NUyXyZ1p76BYad,3,3,2,1,1,1,5,4,4,3,1,1,5,5,5,5,5,5,3,5,5,5,2,3,4,4,3,1,3,5,3,northwestern,"['Abdominal Wall/Hernia Surgery', 'Acute Care Surgery/Emergency General Surgery', 'Trauma Surgery/Critical Care']",Department Chair,23,northwestern,Midwest,5,58
